Group_Name,Member_Name_EN,Source
&TEAM,Maki,1차_Version_Name_Parsing
&TEAM,Yuma,1차_Version_Name_Parsing
&TEAM,Nicholas,1차_Version_Name_Parsing
&TEAM,Taki,1차_Version_Name_Parsing
&TEAM,Harua,1차_Version_Name_Parsing
&TEAM,Jo,1차_Version_Name_Parsing
&TEAM,Fuma,1차_Version_Name_Parsing
&TEAM,Ej,1차_Version_Name_Parsing
14U,Red,1차_Version_Name_Parsing
14U,Purple,1차_Version_Name_Parsing
14U,Emerald,1차_Version_Name_Parsing
1NB,Promo,1차_Version_Name_Parsing
1TEAM,This,1차_Version_Name_Parsing
1TEAM,Make,1차_Version_Name_Parsing
1TYM,Cassette,1차_Version_Name_Parsing
1TYM,For,1차_Version_Name_Parsing
1TYM,Time,1차_Version_Name_Parsing
1TYM,Mind,1차_Version_Name_Parsing
1TYM,All,1차_Version_Name_Parsing
1TYM,Nd,1차_Version_Name_Parsing
1TYM,Your,1차_Version_Name_Parsing
1TYM,Yo,1차_Version_Name_Parsing
1TYM,Fo,1차_Version_Name_Parsing
1TYM,Third,1차_Version_Name_Parsing
1TYM,Round,1차_Version_Name_Parsing
1TYM,One,1차_Version_Name_Parsing
1TYM,Once,1차_Version_Name_Parsing
257,Nemo,1차_Version_Name_Parsing
2AM,Jinwoon,1차_Version_Name_Parsing
2AM,Japan,1차_Version_Name_Parsing
2AM,Type,1차_Version_Name_Parsing
2AM,Album,1차_Version_Name_Parsing
2AM,Sd,1차_Version_Name_Parsing
2AM,Mqs,1차_Version_Name_Parsing
2EYES,Promo,1차_Version_Name_Parsing
2EYES,Album,1차_Version_Name_Parsing
2NE1,Box,1차_Version_Name_Parsing
2NE1,Testversion,1차_Version_Name_Parsing
2NE1,Vol,1차_Version_Name_Parsing
2NE1,Album,1차_Version_Name_Parsing
2NE1,Mono,1차_Version_Name_Parsing
2NE1,Signed,1차_Version_Name_Parsing
2NE1,Promotional,1차_Version_Name_Parsing
2NE1,Color,1차_Version_Name_Parsing
2PM,Korean,1차_Version_Name_Parsing
2PM,Thailand,1차_Version_Name_Parsing
2PM,Japan,1차_Version_Name_Parsing
2PM,Fanclub,1차_Version_Name_Parsing
3YE,Promo,1차_Version_Name_Parsing
4Minute,Malaysia,1차_Version_Name_Parsing
4Minute,Thailand,1차_Version_Name_Parsing
4Minute,Philippines,1차_Version_Name_Parsing
4Minute,Taiwan,1차_Version_Name_Parsing
4TEN,Promo,1차_Version_Name_Parsing
4TEN,Mwave,1차_Version_Name_Parsing
82Major,Card,1차_Version_Name_Parsing
82Major,Poca,1차_Version_Name_Parsing
82Major,Red,1차_Version_Name_Parsing
82Major,Be,1차_Version_Name_Parsing
82Major,Silence,1차_Version_Name_Parsing
82Major,Syndrome,1차_Version_Name_Parsing
82Major,Seokjoon,1차_Version_Name_Parsing
82Major,Yellow,1차_Version_Name_Parsing
82Major,At,1차_Version_Name_Parsing
82Major,Seongmo,1차_Version_Name_Parsing
82Major,Classic,1차_Version_Name_Parsing
82Major,Keyring,1차_Version_Name_Parsing
82Major,And,1차_Version_Name_Parsing
82Major,Signed,1차_Version_Name_Parsing
87dance,Jewel,1차_Version_Name_Parsing
87dance,Case,1차_Version_Name_Parsing
87dance,Colour,1차_Version_Name_Parsing
8TURN,Drift,1차_Version_Name_Parsing
8TURN,Minho,1차_Version_Name_Parsing
8TURN,Haemin,1차_Version_Name_Parsing
8TURN,Yungyu,1차_Version_Name_Parsing
8TURN,Myungho,1차_Version_Name_Parsing
8TURN,Poca,1차_Version_Name_Parsing
8TURN,Jaeyun,1차_Version_Name_Parsing
8TURN,Turn,1차_Version_Name_Parsing
8TURN,The,1차_Version_Name_Parsing
8TURN,Uncharted,1차_Version_Name_Parsing
8TURN,Seungheon,1차_Version_Name_Parsing
8TURN,Yoonsung,1차_Version_Name_Parsing
8TURN,Real,1차_Version_Name_Parsing
8TURN,Kyungmin,1차_Version_Name_Parsing
8TURN,Rise,1차_Version_Name_Parsing
9MUSES,Diary,1차_Version_Name_Parsing
9MUSES,Muses,1차_Version_Name_Parsing
9MUSES,Promo,1차_Version_Name_Parsing
9MUSES,Part,1차_Version_Name_Parsing
9MUSES,Album,1차_Version_Name_Parsing
9MUSES,Signed,1차_Version_Name_Parsing
9MUSES,Identity,1차_Version_Name_Parsing
A-JAX,Promo,1차_Version_Name_Parsing
A.C.E,My,1차_Version_Name_Parsing
A.C.E,Wow,1차_Version_Name_Parsing
A.C.E,Contactus,1차_Version_Name_Parsing
A.C.E,Kim,1차_Version_Name_Parsing
A.C.E,Season,1차_Version_Name_Parsing
A.C.E,In,1차_Version_Name_Parsing
A.C.E,Kang,1차_Version_Name_Parsing
A.C.E,Lost,1차_Version_Name_Parsing
A.C.E,Album,1차_Version_Name_Parsing
A.C.E,Moon,1차_Version_Name_Parsing
A.C.E,Lee,1차_Version_Name_Parsing
A.C.E,Day,1차_Version_Name_Parsing
A.C.E,Confusion,1차_Version_Name_Parsing
A.C.E,For,1차_Version_Name_Parsing
A.C.E,Donghun,1차_Version_Name_Parsing
A.C.E,Wander,1차_Version_Name_Parsing
A.C.E,Hope,1차_Version_Name_Parsing
A.C.E,Night,1차_Version_Name_Parsing
A.C.E,Byeongkwan,1차_Version_Name_Parsing
A.C.E,Daydream,1차_Version_Name_Parsing
A.C.E,Look,1차_Version_Name_Parsing
A.C.E,Stimulus,1차_Version_Name_Parsing
A.C.E,Truth,1차_Version_Name_Parsing
A.C.E,Choice,1차_Version_Name_Parsing
A.C.E,Search,1차_Version_Name_Parsing
A.C.E,Eclipse,1차_Version_Name_Parsing
A.C.E,Sun,1차_Version_Name_Parsing
A.C.E,All,1차_Version_Name_Parsing
A.C.E,Poca,1차_Version_Name_Parsing
A.C.E,The,1차_Version_Name_Parsing
A.C.E,Found,1차_Version_Name_Parsing
A.C.E,Yuchan,1차_Version_Name_Parsing
A.C.E,What,1차_Version_Name_Parsing
A.KOR,Promo,1차_Version_Name_Parsing
A2O May,Chained,1차_Version_Name_Parsing
A2O May,Fazed,1차_Version_Name_Parsing
A2O May,Stoppable,1차_Version_Name_Parsing
A2O May,Un,1차_Version_Name_Parsing
AB6IX,Poca,1차_Version_Name_Parsing
AB6IX,Donghyun,1차_Version_Name_Parsing
AB6IX,Case,1차_Version_Name_Parsing
AB6IX,Dongyun,1차_Version_Name_Parsing
AB6IX,Woojin,1차_Version_Name_Parsing
AB6IX,Japan,1차_Version_Name_Parsing
AB6IX,Woong,1차_Version_Name_Parsing
AB6IX,Jewel,1차_Version_Name_Parsing
AB6IX,Daehwi,1차_Version_Name_Parsing
AB6IX,On,1차_Version_Name_Parsing
AB6IX,Anime,1차_Version_Name_Parsing
AB6IX,Off,1차_Version_Name_Parsing
AEN,Everywhere,1차_Version_Name_Parsing
AEN,You,1차_Version_Name_Parsing
AEN,Junseo,1차_Version_Name_Parsing
AEN,Kaira,1차_Version_Name_Parsing
AEN,Jiyong,1차_Version_Name_Parsing
AEN,Haruto,1차_Version_Name_Parsing
AEN,Jewel,1차_Version_Name_Parsing
AEN,Bomin,1차_Version_Name_Parsing
AEN,Kyuhyun,1차_Version_Name_Parsing
AEN,Next,1차_Version_Name_Parsing
AEN,Always,1차_Version_Name_Parsing
AEN,Haru,1차_Version_Name_Parsing
AEN,To,1차_Version_Name_Parsing
AEONIT,Poca,1차_Version_Name_Parsing
aespa,Karina,1차_Version_Name_Parsing
aespa,Giselle,1차_Version_Name_Parsing
aespa,Japan,1차_Version_Name_Parsing
aespa,Smcu,1차_Version_Name_Parsing
aespa,Tell,1차_Version_Name_Parsing
aespa,Single,1차_Version_Name_Parsing
aespa,Winter,1차_Version_Name_Parsing
aespa,Future,1차_Version_Name_Parsing
aespa,Ningning,1차_Version_Name_Parsing
aespa,Capsule,1차_Version_Name_Parsing
aespa,Express,1차_Version_Name_Parsing
aespa,Can,1차_Version_Name_Parsing
aespa,Promo,1차_Version_Name_Parsing
aespa,Aespa,1차_Version_Name_Parsing
aespa,Smini,1차_Version_Name_Parsing
aespa,Culture,1차_Version_Name_Parsing
aespa,Burst,1차_Version_Name_Parsing
aespa,Family,1차_Version_Name_Parsing
aespa,The,1차_Version_Name_Parsing
aespa,Lemonade,1차_Version_Name_Parsing
aespa,Kiss,1차_Version_Name_Parsing
After School,Young,1차_Version_Name_Parsing
After School,Variety,1차_Version_Name_Parsing
After School,Lipstick,1차_Version_Name_Parsing
After School,Raina,1차_Version_Name_Parsing
After School,Video,1차_Version_Name_Parsing
After School,Deluxe,1차_Version_Name_Parsing
After School,Live,1차_Version_Name_Parsing
After School,Music,1차_Version_Name_Parsing
After School,Taiwan,1차_Version_Name_Parsing
After School,Jungah,1차_Version_Name_Parsing
After School,Nana,1차_Version_Name_Parsing
After School,Kaeun,1차_Version_Name_Parsing
AHOF,Jeongwoo,1차_Version_Name_Parsing
AHOF,Daisuke,1차_Version_Name_Parsing
AHOF,Woongki,1차_Version_Name_Parsing
AHOF,Steven,1차_Version_Name_Parsing
AHOF,Han,1차_Version_Name_Parsing
AHOF,Heart,1차_Version_Name_Parsing
AHOF,Group,1차_Version_Name_Parsing
AHOF,Qr,1차_Version_Name_Parsing
AHOF,Jl,1차_Version_Name_Parsing
AHOF,Rush,1차_Version_Name_Parsing
AHOF,Album,1차_Version_Name_Parsing
AHOF,Jewel,1차_Version_Name_Parsing
AHOF,Shuaibo,1차_Version_Name_Parsing
AHOF,Chihen,1차_Version_Name_Parsing
AHOF,Nemo,1차_Version_Name_Parsing
AHOF,Juwon,1차_Version_Name_Parsing
Ailee,Coloring,1차_Version_Name_Parsing
AIMERS,Scene,1차_Version_Name_Parsing
AIMERS,Snowball,1차_Version_Name_Parsing
AIMERS,By,1차_Version_Name_Parsing
AIMERS,Filmed,1차_Version_Name_Parsing
AIMERS,Code,1차_Version_Name_Parsing
AIMERS,Zero,1차_Version_Name_Parsing
AIMERS,Night,1차_Version_Name_Parsing
AIMERS,Qr,1차_Version_Name_Parsing
AIMERS,Album,1차_Version_Name_Parsing
AIMERS,Nemo,1차_Version_Name_Parsing
AIMERS,Soda,1차_Version_Name_Parsing
AIMERS,Day,1차_Version_Name_Parsing
AKMU,Love,1차_Version_Name_Parsing
AKMU,Red,1차_Version_Name_Parsing
AKMU,Green,1차_Version_Name_Parsing
AKMU,Eros,1차_Version_Name_Parsing
AKMU,Album,1차_Version_Name_Parsing
AKMU,Lee,1차_Version_Name_Parsing
AKMU,Anniversary,1차_Version_Name_Parsing
AKMU,Ktbs,1차_Version_Name_Parsing
AKMU,Adolescence,1차_Version_Name_Parsing
AKMU,Flowering,1차_Version_Name_Parsing
AKMU,Yellow,1차_Version_Name_Parsing
AKMU,Play,1차_Version_Name_Parsing
AKMU,Error,1차_Version_Name_Parsing
AKMU,Promo,1차_Version_Name_Parsing
AKMU,Blue,1차_Version_Name_Parsing
AKMU,Episode,1차_Version_Name_Parsing
AKMU,Sailing,1차_Version_Name_Parsing
AKMU,Variant,1차_Version_Name_Parsing
AKMU,Letter,1차_Version_Name_Parsing
AKMU,Next,1차_Version_Name_Parsing
AKMU,Purple,1차_Version_Name_Parsing
Alice,Red,1차_Version_Name_Parsing
ALL(H)OURS,Eternity,1차_Version_Name_Parsing
ALL(H)OURS,Ready,1차_Version_Name_Parsing
ALL(H)OURS,Rumble,1차_Version_Name_Parsing
ALL(H)OURS,Impurity,1차_Version_Name_Parsing
ALL(H)OURS,Purity,1차_Version_Name_Parsing
ALL(H)OURS,Night,1차_Version_Name_Parsing
ALL(H)OURS,Light,1차_Version_Name_Parsing
ALL(H)OURS,Prism,1차_Version_Name_Parsing
ALL(H)OURS,Crumble,1차_Version_Name_Parsing
ALL(H)OURS,Infinity,1차_Version_Name_Parsing
ALL(H)OURS,Day,1차_Version_Name_Parsing
ALLDAY PROJECT,Cartoon,1차_Version_Name_Parsing
ALLDAY PROJECT,Fingerless,1차_Version_Name_Parsing
ALLDAY PROJECT,Annie,1차_Version_Name_Parsing
ALLDAY PROJECT,Drawstring,1차_Version_Name_Parsing
ALLDAY PROJECT,Tarzzan,1차_Version_Name_Parsing
ALLDAY PROJECT,Merch,1차_Version_Name_Parsing
ALLDAY PROJECT,Photocard,1차_Version_Name_Parsing
ALLDAY PROJECT,Gloves,1차_Version_Name_Parsing
ALLDAY PROJECT,Woochan,1차_Version_Name_Parsing
ALLDAY PROJECT,Wicked,1차_Version_Name_Parsing
ALLDAY PROJECT,Bailey,1차_Version_Name_Parsing
ALLDAY PROJECT,Pack,1차_Version_Name_Parsing
ALLDAY PROJECT,Bag,1차_Version_Name_Parsing
ALLDAY PROJECT,Famous,1차_Version_Name_Parsing
ALLDAY PROJECT,One,1차_Version_Name_Parsing
ALLDAY PROJECT,Youngseo,1차_Version_Name_Parsing
ALLDAY PROJECT,Day,1차_Version_Name_Parsing
ALPHA DRIVE ONE,Necklace,1차_Version_Name_Parsing
ALPHA DRIVE ONE,Xinlong,1차_Version_Name_Parsing
ALPHA DRIVE ONE,Calendar,1차_Version_Name_Parsing
ALPHA DRIVE ONE,Sanghyeon,1차_Version_Name_Parsing
ALPHA DRIVE ONE,Case,1차_Version_Name_Parsing
ALPHA DRIVE ONE,Cementic,1차_Version_Name_Parsing
ALPHA DRIVE ONE,Freak,1차_Version_Name_Parsing
ALPHA DRIVE ONE,Nest,1차_Version_Name_Parsing
ALPHA DRIVE ONE,Fragile,1차_Version_Name_Parsing
ALPHA DRIVE ONE,Alarm,1차_Version_Name_Parsing
ALPHA DRIVE ONE,Sangwon,1차_Version_Name_Parsing
ALPHA DRIVE ONE,Arno,1차_Version_Name_Parsing
ALPHA DRIVE ONE,Coin,1차_Version_Name_Parsing
ALPHA DRIVE ONE,Junseo,1차_Version_Name_Parsing
ALPHA DRIVE ONE,Jewel,1차_Version_Name_Parsing
ALPHA DRIVE ONE,Road,1차_Version_Name_Parsing
ALPHA DRIVE ONE,Star,1차_Version_Name_Parsing
ALPHA DRIVE ONE,Beast,1차_Version_Name_Parsing
ALPHA DRIVE ONE,Anxin,1차_Version_Name_Parsing
ALPHA DRIVE ONE,Geonwoo,1차_Version_Name_Parsing
ALPHA DRIVE ONE,Hissing,1차_Version_Name_Parsing
ALPHA DRIVE ONE,Leo,1차_Version_Name_Parsing
AM8IC,Files,1차_Version_Name_Parsing
AM8IC,Tin,1차_Version_Name_Parsing
AM8IC,Case,1차_Version_Name_Parsing
AmbiO,Poca,1차_Version_Name_Parsing
AmbiO,Album,1차_Version_Name_Parsing
AMPERS&ONE,Plus,1차_Version_Name_Parsing
AMPERS&ONE,Sour,1차_Version_Name_Parsing
AMPERS&ONE,Smash,1차_Version_Name_Parsing
AMPERS&ONE,Kamden,1차_Version_Name_Parsing
AMPERS&ONE,Broken,1차_Version_Name_Parsing
AMPERS&ONE,Here,1차_Version_Name_Parsing
AMPERS&ONE,Sheesh,1차_Version_Name_Parsing
AMPERS&ONE,And,1차_Version_Name_Parsing
AMPERS&ONE,Mackiah,1차_Version_Name_Parsing
AMPERS&ONE,Kick,1차_Version_Name_Parsing
AMPERS&ONE,Jiho,1차_Version_Name_Parsing
AMPERS&ONE,Are,1차_Version_Name_Parsing
AMPERS&ONE,We,1차_Version_Name_Parsing
AMPERS&ONE,Sweet,1차_Version_Name_Parsing
AMPERS&ONE,Equal,1차_Version_Name_Parsing
AMPERS&ONE,On,1차_Version_Name_Parsing
AMPERS&ONE,Start,1차_Version_Name_Parsing
AMPERS&ONE,Siyun,1차_Version_Name_Parsing
AMPERS&ONE,Heart,1차_Version_Name_Parsing
AMPERS&ONE,Fancy,1차_Version_Name_Parsing
AMPERS&ONE,Seungmo,1차_Version_Name_Parsing
AMPERS&ONE,Postcard,1차_Version_Name_Parsing
AND2BLE,Gazed,1차_Version_Name_Parsing
AND2BLE,Poca,1차_Version_Name_Parsing
AND2BLE,Curious,1차_Version_Name_Parsing
AND2BLE,Album,1차_Version_Name_Parsing
AND2BLE,Unnatural,1차_Version_Name_Parsing
AND2BLE,Break,1차_Version_Name_Parsing
ANS,Makestar,1차_Version_Name_Parsing
AOA,Mina,1차_Version_Name_Parsing
AOA,Yuna,1차_Version_Name_Parsing
AOA,Seolhyun,1차_Version_Name_Parsing
AOA,Chanmi,1차_Version_Name_Parsing
AOA,Choa,1차_Version_Name_Parsing
AOA,Type,1차_Version_Name_Parsing
AOA,Hyejeong,1차_Version_Name_Parsing
AOA,Cutie,1차_Version_Name_Parsing
AOA,Taiwan,1차_Version_Name_Parsing
AOA,Jimin,1차_Version_Name_Parsing
AOA,Sexy,1차_Version_Name_Parsing
Apink,Namjoo,1차_Version_Name_Parsing
Apink,Red,1차_Version_Name_Parsing
Apink,Kitty,1차_Version_Name_Parsing
Apink,Summer,1차_Version_Name_Parsing
APRIL,Winter,1차_Version_Name_Parsing
APRIL,Night,1차_Version_Name_Parsing
APRIL,Suit,1차_Version_Name_Parsing
APRIL,Album,1차_Version_Name_Parsing
APRIL,Calendar,1차_Version_Name_Parsing
APRIL,Fanclub,1차_Version_Name_Parsing
APRIL,Glitter,1차_Version_Name_Parsing
APRIL,Summer,1차_Version_Name_Parsing
APRIL,Day,1차_Version_Name_Parsing
ARISE,Package,1차_Version_Name_Parsing
ARISE,Smart,1차_Version_Name_Parsing
ARISE,Album,1차_Version_Name_Parsing
ARrC,Nu,1차_Version_Name_Parsing
ARrC,Alt,1차_Version_Name_Parsing
ARrC,Kidz,1차_Version_Name_Parsing
ARrC,Karafuru,1차_Version_Name_Parsing
ARrC,Hope,1차_Version_Name_Parsing
ARrC,Offbeat,1차_Version_Name_Parsing
ARrC,Ctrl,1차_Version_Name_Parsing
ARrC,Lucky,1차_Version_Name_Parsing
ARrC,Skiid,1차_Version_Name_Parsing
ARrC,Ever,1차_Version_Name_Parsing
ARTMS,Aura,1차_Version_Name_Parsing
ARTMS,Kim,1차_Version_Name_Parsing
ARTMS,Objekt,1차_Version_Name_Parsing
ARTMS,Qr,1차_Version_Name_Parsing
ARTMS,Album,1차_Version_Name_Parsing
ARTMS,Music,1차_Version_Name_Parsing
ARTMS,Choerry,1차_Version_Name_Parsing
ARTMS,Jinsoul,1차_Version_Name_Parsing
ARTMS,Lip,1차_Version_Name_Parsing
Asc2nt,Time,1차_Version_Name_Parsing
Asc2nt,Plve,1차_Version_Name_Parsing
Asc2nt,Night,1차_Version_Name_Parsing
Asc2nt,Qr,1차_Version_Name_Parsing
Asc2nt,Change,1차_Version_Name_Parsing
Asc2nt,Signal,1차_Version_Name_Parsing
Asc2nt,Day,1차_Version_Name_Parsing
Asc2nt,Peak,1차_Version_Name_Parsing
ASH ISLAND,Vip,1차_Version_Name_Parsing
ASTRO,Undefined,1차_Version_Name_Parsing
ASTRO,Kinho,1차_Version_Name_Parsing
ASTRO,External,1차_Version_Name_Parsing
ASTRO,With,1차_Version_Name_Parsing
ASTRO,Internal,1차_Version_Name_Parsing
ASTRO,Rocky,1차_Version_Name_Parsing
ASTRO,Kiwee,1차_Version_Name_Parsing
ASTRO,Orange,1차_Version_Name_Parsing
ASTRO,Sanha,1차_Version_Name_Parsing
ASTRO,Jinjin,1차_Version_Name_Parsing
ASTRO,Cha,1차_Version_Name_Parsing
ASTRO,Unbound,1차_Version_Name_Parsing
ASTRO,Moonbin,1차_Version_Name_Parsing
ASTRO,Mj,1차_Version_Name_Parsing
ASTRO,Eunwoo,1차_Version_Name_Parsing
ASTRO,Form,1차_Version_Name_Parsing
ATBO,Polychrome,1차_Version_Name_Parsing
ATBO,Start,1차_Version_Name_Parsing
ATBO,Premium,1차_Version_Name_Parsing
ATBO,Rowing,1차_Version_Name_Parsing
ATBO,Mind,1차_Version_Name_Parsing
ATBO,Progress,1차_Version_Name_Parsing
ATBO,Light,1차_Version_Name_Parsing
ATBO,Monochrome,1차_Version_Name_Parsing
ATBO,Daylight,1차_Version_Name_Parsing
ATBO,Take,1차_Version_Name_Parsing
ATBO,Nemo,1차_Version_Name_Parsing
ATBO,Moonlight,1차_Version_Name_Parsing
ATBO,Off,1차_Version_Name_Parsing
ATBO,Platform,1차_Version_Name_Parsing
ATEEZ,Meadow,1차_Version_Name_Parsing
ATEEZ,Seonghwa,1차_Version_Name_Parsing
ATEEZ,Mingi,1차_Version_Name_Parsing
ATEEZ,Fnac,1차_Version_Name_Parsing
ATEEZ,Hongjoong,1차_Version_Name_Parsing
ATEEZ,Sunny,1차_Version_Name_Parsing
ATEEZ,Wooyoung,1차_Version_Name_Parsing
ATEEZ,Flash,1차_Version_Name_Parsing
ATEEZ,Yunho,1차_Version_Name_Parsing
ATEEZ,Atiny,1차_Version_Name_Parsing
ATEEZ,Jongho,1차_Version_Name_Parsing
ATEEZ,San,1차_Version_Name_Parsing
ATEEZ,Unit,1차_Version_Name_Parsing
ATEEZ,Yeosang,1차_Version_Name_Parsing
ATEEZ,Price,1차_Version_Name_Parsing
ATEEZ,Kr,1차_Version_Name_Parsing
ATEEZ,Hello,1차_Version_Name_Parsing
AtHeart,Up,1차_Version_Name_Parsing
AtHeart,Twist,1차_Version_Name_Parsing
AtHeart,Jewel,1차_Version_Name_Parsing
AtHeart,Case,1차_Version_Name_Parsing
AtHeart,Reveal,1차_Version_Name_Parsing
AWU,Kitalbum,1차_Version_Name_Parsing
AxMxP,Waypoint,1차_Version_Name_Parsing
AxMxP,Essay,1차_Version_Name_Parsing
AxMxP,Fancy,1차_Version_Name_Parsing
AxMxP,Between,1차_Version_Name_Parsing
AxMxP,Quite,1차_Version_Name_Parsing
AxMxP,Loud,1차_Version_Name_Parsing
AxMxP,Route,1차_Version_Name_Parsing
AxMxP,Photo,1차_Version_Name_Parsing
B.D.U,Flash,1차_Version_Name_Parsing
B.D.U,Light,1차_Version_Name_Parsing
B.D.U,Ever,1차_Version_Name_Parsing
B.D.U,Hunminjaybit,1차_Version_Name_Parsing
B.I,Love,1차_Version_Name_Parsing
B.I,Us,1차_Version_Name_Parsing
B.I,Up,1차_Version_Name_Parsing
B.I,Moon,1차_Version_Name_Parsing
B.I,To,1차_Version_Name_Parsing
B.I,Fairytale,1차_Version_Name_Parsing
B.I,For,1차_Version_Name_Parsing
B.I,Pack,1차_Version_Name_Parsing
B.I,Earth,1차_Version_Name_Parsing
B.I,Real,1차_Version_Name_Parsing
B.I,Waterfall,1차_Version_Name_Parsing
B.I,Youth,1차_Version_Name_Parsing
B.I,Grown,1차_Version_Name_Parsing
B.I,Dare,1차_Version_Name_Parsing
B.I,Star,1차_Version_Name_Parsing
B.I,Card,1차_Version_Name_Parsing
B.I,Seaside,1차_Version_Name_Parsing
B.I,Book,1차_Version_Name_Parsing
B.I,Die,1차_Version_Name_Parsing
B.I,Letter,1차_Version_Name_Parsing
B.I,Pop,1차_Version_Name_Parsing
B.I,Asia,1차_Version_Name_Parsing
B.I,Magic,1차_Version_Name_Parsing
B.O.Y.,Harmony,1차_Version_Name_Parsing
B.O.Y.,Am,1차_Version_Name_Parsing
B.O.Y.,Pm,1차_Version_Name_Parsing
B.O.Y.,Synergy,1차_Version_Name_Parsing
B1A4,Repackage,1차_Version_Name_Parsing
B1A4,Square,1차_Version_Name_Parsing
B1A4,Dreamlike,1차_Version_Name_Parsing
B1A4,Blue,1차_Version_Name_Parsing
B1A4,Japan,1차_Version_Name_Parsing
B1A4,Triangle,1차_Version_Name_Parsing
B1A4,Gongchan,1차_Version_Name_Parsing
B1A4,Jewel,1차_Version_Name_Parsing
B1A4,Case,1차_Version_Name_Parsing
B1A4,Kiss,1차_Version_Name_Parsing
B1A4,Circle,1차_Version_Name_Parsing
B1A4,Sandeul,1차_Version_Name_Parsing
B1A4,Cnu,1차_Version_Name_Parsing
Baby DONT Cry,Red,1차_Version_Name_Parsing
Baby DONT Cry,Signed,1차_Version_Name_Parsing
Baby DONT Cry,Pink,1차_Version_Name_Parsing
Baby DONT Cry,Promotional,1차_Version_Name_Parsing
Baby V.O.X,Cassette,1차_Version_Name_Parsing
BABYMONSTER,Monsters,1차_Version_Name_Parsing
BABYMONSTER,Chiquita,1차_Version_Name_Parsing
BABYMONSTER,Japan,1차_Version_Name_Parsing
BABYMONSTER,Album,1차_Version_Name_Parsing
BABYMONSTER,Prism,1차_Version_Name_Parsing
BABYMONSTER,Case,1차_Version_Name_Parsing
BABYMONSTER,Pharita,1차_Version_Name_Parsing
BABYMONSTER,Asa,1차_Version_Name_Parsing
BABYMONSTER,Keyring,1차_Version_Name_Parsing
BABYMONSTER,Metallic,1차_Version_Name_Parsing
BABYMONSTER,Ray,1차_Version_Name_Parsing
BABYMONSTER,Box,1차_Version_Name_Parsing
BABYMONSTER,Yg,1차_Version_Name_Parsing
BABYMONSTER,Tag,1차_Version_Name_Parsing
BABYMONSTER,Jewel,1차_Version_Name_Parsing
BABYMONSTER,Crimson,1차_Version_Name_Parsing
BABYMONSTER,Hello,1차_Version_Name_Parsing
BABYMONSTER,Release,1차_Version_Name_Parsing
BABYMONSTER,Rora,1차_Version_Name_Parsing
BABYMONSTER,Bandana,1차_Version_Name_Parsing
BABYMONSTER,Plush,1차_Version_Name_Parsing
BABYMONSTER,Ruka,1차_Version_Name_Parsing
BABYMONSTER,Ahyeon,1차_Version_Name_Parsing
BABYMONSTER,Blu,1차_Version_Name_Parsing
BABYMONSTER,Binder,1차_Version_Name_Parsing
BADVILLAIN,Step,1차_Version_Name_Parsing
BADVILLAIN,Over,1차_Version_Name_Parsing
Bae Jinyoung,Md,1차_Version_Name_Parsing
Bae Jinyoung,Shining,1차_Version_Name_Parsing
Bae Jinyoung,Reflect,1차_Version_Name_Parsing
BAE173,Else,1차_Version_Name_Parsing
BAE173,Shadow,1차_Version_Name_Parsing
BAE173,Desear,1차_Version_Name_Parsing
BAE173,Prism,1차_Version_Name_Parsing
BAE173,Team,1차_Version_Name_Parsing
BAE173,Single,1차_Version_Name_Parsing
Baekho,Deluxe,1차_Version_Name_Parsing
Baekho,Weverse,1차_Version_Name_Parsing
Baekho,Melting,1차_Version_Name_Parsing
Baekho,Burning,1차_Version_Name_Parsing
Bang Yedam,Begin,1차_Version_Name_Parsing
Bang Yedam,Precious,1차_Version_Name_Parsing
BANG&JUNG&YOO&MOON,Squishy,1차_Version_Name_Parsing
BANG&JUNG&YOO&MOON,Mini,1차_Version_Name_Parsing
BANG&JUNG&YOO&MOON,Mato,1차_Version_Name_Parsing
BANG&JUNG&YOO&MOON,Web,1차_Version_Name_Parsing
BANG&JUNG&YOO&MOON,Doll,1차_Version_Name_Parsing
BANG&JUNG&YOO&MOON,Type,1차_Version_Name_Parsing
BANG&JUNG&YOO&MOON,Ultimate,1차_Version_Name_Parsing
BANG&JUNG&YOO&MOON,Baby,1차_Version_Name_Parsing
BANG&JUNG&YOO&MOON,Badge,1차_Version_Name_Parsing
BANG&JUNG&YOO&MOON,Keyring,1차_Version_Name_Parsing
BANG&JUNG&YOO&MOON,Keke,1차_Version_Name_Parsing
BBGIRLS,Promo,1차_Version_Name_Parsing
BBGIRLS,Pocca,1차_Version_Name_Parsing
BBGIRLS,Plve,1차_Version_Name_Parsing
BBGIRLS,Poca,1차_Version_Name_Parsing
BBGIRLS,Queen,1차_Version_Name_Parsing
BBGIRLS,Summer,1차_Version_Name_Parsing
BBGIRLS,Platform,1차_Version_Name_Parsing
BDC,Seongjun,1차_Version_Name_Parsing
BDC,Contact,1차_Version_Name_Parsing
BDC,Universe,1차_Version_Name_Parsing
BDC,Reality,1차_Version_Name_Parsing
BDC,Element,1차_Version_Name_Parsing
BDC,Junghwan,1차_Version_Name_Parsing
BDC,Sihun,1차_Version_Name_Parsing
BDC,Moon,1차_Version_Name_Parsing
BDC,Dreaming,1차_Version_Name_Parsing
BE BOYS,Side,1차_Version_Name_Parsing
BE BOYS,Basketball,1차_Version_Name_Parsing
BE BOYS,Out,1차_Version_Name_Parsing
BE BOYS,In,1차_Version_Name_Parsing
BE BOYS,Ground,1차_Version_Name_Parsing
Be'O,Box,1차_Version_Name_Parsing
BEWAVE,Kit,1차_Version_Name_Parsing
BEWAVE,Air,1차_Version_Name_Parsing
BIBI,Nemoalbum,1차_Version_Name_Parsing
BIBI,Bamyanggang,1차_Version_Name_Parsing
BIBI,Nemo,1차_Version_Name_Parsing
BIBI,Sugar,1차_Version_Name_Parsing
BIBI,Promo,1차_Version_Name_Parsing
BIBI,Eve,1차_Version_Name_Parsing
BIBI,Child,1차_Version_Name_Parsing
BIBI,Rush,1차_Version_Name_Parsing
BIBI,Album,1차_Version_Name_Parsing
BIBI,Bad,1차_Version_Name_Parsing
BIBI,Bitch,1차_Version_Name_Parsing
Big Mama,Jewel,1차_Version_Name_Parsing
Big Mama,Case,1차_Version_Name_Parsing
Big Ocean,St,1차_Version_Name_Parsing
Big Ocean,Chanyeon,1차_Version_Name_Parsing
Big Ocean,Pj,1차_Version_Name_Parsing
Big Ocean,Mini,1차_Version_Name_Parsing
Big Ocean,Follow,1차_Version_Name_Parsing
Big Ocean,Album,1차_Version_Name_Parsing
Big Ocean,Jiseok,1차_Version_Name_Parsing
Big Ocean,Keyring,1차_Version_Name_Parsing
Big Ocean,Underwater,1차_Version_Name_Parsing
BIGBANG,Goodbye,1차_Version_Name_Parsing
BIGBANG,Tell,1차_Version_Name_Parsing
BIGBANG,Japanese,1차_Version_Name_Parsing
BIGBANG,Deluxe,1차_Version_Name_Parsing
BIGBANG,Blue,1차_Version_Name_Parsing
BIGBANG,Green,1차_Version_Name_Parsing
BIGBANG,Japan,1차_Version_Name_Parsing
BIGBANG,Me,1차_Version_Name_Parsing
BIGBANG,Playbutton,1차_Version_Name_Parsing
BIGBANG,Radiance,1차_Version_Name_Parsing
BIGBANG,Dawn,1차_Version_Name_Parsing
BIGBANG,Monster,1차_Version_Name_Parsing
BIGBANG,Purple,1차_Version_Name_Parsing
BIGBANG,Pink,1차_Version_Name_Parsing
BIGBANG,Alive,1차_Version_Name_Parsing
Billlie,Am,1차_Version_Name_Parsing
Billlie,Unconscious,1차_Version_Name_Parsing
Billlie,Album,1차_Version_Name_Parsing
Billlie,Anonymous,1차_Version_Name_Parsing
Billlie,Mane,1차_Version_Name_Parsing
Billlie,Pm,1차_Version_Name_Parsing
Billlie,Full,1차_Version_Name_Parsing
Billlie,Tsuki,1차_Version_Name_Parsing
Billlie,Haruna,1차_Version_Name_Parsing
Billlie,Quies,1차_Version_Name_Parsing
Billlie,Nemo,1차_Version_Name_Parsing
Billlie,Sheon,1차_Version_Name_Parsing
Billlie,Promotional,1차_Version_Name_Parsing
Billlie,Collective,1차_Version_Name_Parsing
Billlie,Blue,1차_Version_Name_Parsing
Billlie,Haram,1차_Version_Name_Parsing
Billlie,Memories,1차_Version_Name_Parsing
Billlie,Lux,1차_Version_Name_Parsing
Billlie,Soul,1차_Version_Name_Parsing
Billlie,Md,1차_Version_Name_Parsing
Billlie,Siyoon,1차_Version_Name_Parsing
Billlie,Poca,1차_Version_Name_Parsing
Billlie,Myself,1차_Version_Name_Parsing
BLACKPINK,Girl,1차_Version_Name_Parsing
BLACKPINK,Disc,1차_Version_Name_Parsing
BLACKPINK,Digipak,1차_Version_Name_Parsing
BLACKPINK,Hot,1차_Version_Name_Parsing
BLACKPINK,Number,1차_Version_Name_Parsing
BLACKPINK,Japan,1차_Version_Name_Parsing
BLACKPINK,Softpack,1차_Version_Name_Parsing
BLACKPINK,Case,1차_Version_Name_Parsing
BLACKPINK,One,1차_Version_Name_Parsing
BLACKPINK,Lisa,1차_Version_Name_Parsing
BLACKPINK,Pink,1차_Version_Name_Parsing
BLACKPINK,Single,1차_Version_Name_Parsing
BLACKPINK,Picture,1차_Version_Name_Parsing
BLACKPINK,Casette,1차_Version_Name_Parsing
BLACKPINK,Kr,1차_Version_Name_Parsing
BLACKPINK,Ros,1차_Version_Name_Parsing
BLACKPINK,Live,1차_Version_Name_Parsing
BLACKPINK,Jewel,1차_Version_Name_Parsing
BLACKPINK,Cassette,1차_Version_Name_Parsing
BLACKPINK,Silver,1차_Version_Name_Parsing
BLACKPINK,Rosie,1차_Version_Name_Parsing
BLACKPINK,Jisoo,1차_Version_Name_Parsing
BLACKPINK,Jennie,1차_Version_Name_Parsing
BLACKSWAN,Goodbye,1차_Version_Name_Parsing
BLACKSWAN,St,1차_Version_Name_Parsing
BLACKSWAN,Ep,1차_Version_Name_Parsing
BLACKSWAN,Karma,1차_Version_Name_Parsing
BLACKSWAN,Roll,1차_Version_Name_Parsing
BLACKSWAN,Nd,1차_Version_Name_Parsing
BLACKSWAN,Up,1차_Version_Name_Parsing
BLACKSWAN,Vol,1차_Version_Name_Parsing
BLACKSWAN,That,1차_Version_Name_Parsing
BLACKSWAN,Album,1차_Version_Name_Parsing
BLACKSWAN,Rania,1차_Version_Name_Parsing
BLACKSWAN,Single,1차_Version_Name_Parsing
BLITZERS,Lunch,1차_Version_Name_Parsing
BLITZERS,Box,1차_Version_Name_Parsing
BLITZERS,Magazine,1차_Version_Name_Parsing
BLITZERS,Letter,1차_Version_Name_Parsing
BLITZERS,Dow,1차_Version_Name_Parsing
BLITZERS,Type,1차_Version_Name_Parsing
BLITZERS,Jewel,1차_Version_Name_Parsing
BLITZERS,Take,1차_Version_Name_Parsing
BLITZERS,Case,1차_Version_Name_Parsing
BLITZERS,Nemo,1차_Version_Name_Parsing
BLITZERS,Miss,1차_Version_Name_Parsing
Block B,Repackage,1차_Version_Name_Parsing
Block B,Box,1차_Version_Name_Parsing
Block B,Web,1차_Version_Name_Parsing
Block B,Type,1차_Version_Name_Parsing
Block B,Music,1차_Version_Name_Parsing
Block B,Jap,1차_Version_Name_Parsing
Block B,Story,1차_Version_Name_Parsing
BoA,Korean,1차_Version_Name_Parsing
BoA,Cassette,1차_Version_Name_Parsing
BoA,Deluxe,1차_Version_Name_Parsing
BoA,Jewel,1차_Version_Name_Parsing
BoA,Taiwan,1차_Version_Name_Parsing
BoA,Case,1차_Version_Name_Parsing
Bolbbalgan4,Japan,1차_Version_Name_Parsing
Bolbbalgan4,Jewel,1차_Version_Name_Parsing
Bolbbalgan4,Case,1차_Version_Name_Parsing
Boy Story,Card,1차_Version_Name_Parsing
Boy Story,Hanyu,1차_Version_Name_Parsing
Boy Story,Sunsh,1차_Version_Name_Parsing
Boy Story,We,1차_Version_Name_Parsing
Boy Story,Zihao,1차_Version_Name_Parsing
Boy Story,Xinlong,1차_Version_Name_Parsing
Boy Story,Pass,1차_Version_Name_Parsing
Boy Story,Ne,1차_Version_Name_Parsing
Boy Story,Taiwan,1차_Version_Name_Parsing
Boy Story,Pump,1차_Version_Name_Parsing
BOYFRIEND,Book,1차_Version_Name_Parsing
BOYFRIEND,Photo,1차_Version_Name_Parsing
BOYNEXTDOOR,Leehan,1차_Version_Name_Parsing
BOYNEXTDOOR,Home,1차_Version_Name_Parsing
BOYNEXTDOOR,Frame,1차_Version_Name_Parsing
BOYNEXTDOOR,Woonhak,1차_Version_Name_Parsing
BOYNEXTDOOR,Universal,1차_Version_Name_Parsing
BOYNEXTDOOR,Taesan,1차_Version_Name_Parsing
BOYNEXTDOOR,Store,1차_Version_Name_Parsing
BOYNEXTDOOR,Shop,1차_Version_Name_Parsing
BOYNEXTDOOR,Weverse,1차_Version_Name_Parsing
BOYNEXTDOOR,Japan,1차_Version_Name_Parsing
BOYNEXTDOOR,Jaehyun,1차_Version_Name_Parsing
BOYNEXTDOOR,Sticker,1차_Version_Name_Parsing
BOYNEXTDOOR,Music,1차_Version_Name_Parsing
BOYNEXTDOOR,Pocket,1차_Version_Name_Parsing
BOYNEXTDOOR,Riwoo,1차_Version_Name_Parsing
BOYNEXTDOOR,Clink,1차_Version_Name_Parsing
BOYNEXTDOOR,Sungho,1차_Version_Name_Parsing
Brown Eyed Girls,Repackage,1차_Version_Name_Parsing
Brown Eyed Girls,Japan,1차_Version_Name_Parsing
Brown Eyed Girls,Album,1차_Version_Name_Parsing
Brown Eyed Girls,Taiwan,1차_Version_Name_Parsing
Brown Eyed Girls,Reissue,1차_Version_Name_Parsing
BTOB,Love,1차_Version_Name_Parsing
BTOB,Magazine,1차_Version_Name_Parsing
BTOB,In,1차_Version_Name_Parsing
BTOB,End,1차_Version_Name_Parsing
BTOB,Case,1차_Version_Name_Parsing
BTOB,And,1차_Version_Name_Parsing
BTOB,Photo,1차_Version_Name_Parsing
BTOB,Clock,1차_Version_Name_Parsing
BTOB,Kiwee,1차_Version_Name_Parsing
BTOB,Be,1차_Version_Name_Parsing
BTOB,Keyring,1차_Version_Name_Parsing
BTOB,Ever,1차_Version_Name_Parsing
BTOB,Square,1차_Version_Name_Parsing
BTOB,Blue,1차_Version_Name_Parsing
BTOB,Light,1차_Version_Name_Parsing
BTOB,Jewel,1차_Version_Name_Parsing
BTOB,Side,1차_Version_Name_Parsing
BTOB,Boom,1차_Version_Name_Parsing
BTOB,Book,1차_Version_Name_Parsing
BTOB,Silver,1차_Version_Name_Parsing
BTOB,Yook,1차_Version_Name_Parsing
BTS,Disc,1차_Version_Name_Parsing
BTS,Red,1차_Version_Name_Parsing
BTS,Single,1차_Version_Name_Parsing
BTS,Pink,1차_Version_Name_Parsing
BTS,Korean,1차_Version_Name_Parsing
BTS,Picture,1차_Version_Name_Parsing
BTS,Swim,1차_Version_Name_Parsing
BTS,Box,1차_Version_Name_Parsing
BTS,Instrumental,1차_Version_Name_Parsing
BTS,Cassette,1차_Version_Name_Parsing
BTS,Epiphane,1차_Version_Name_Parsing
BTS,Flexi,1차_Version_Name_Parsing
BTS,Alternate,1차_Version_Name_Parsing
BTS,Shirt,1차_Version_Name_Parsing
BTS,Snowflake,1차_Version_Name_Parsing
BTS,Original,1차_Version_Name_Parsing
Burvey,Kit,1차_Version_Name_Parsing
Burvey,Platform,1차_Version_Name_Parsing
BUS,Ray,1차_Version_Name_Parsing
BUS,Full,1차_Version_Name_Parsing
BUS,Mini,1차_Version_Name_Parsing
BUS,Shine,1차_Version_Name_Parsing
BUS,Warm,1차_Version_Name_Parsing
BUS,Morph,1차_Version_Name_Parsing
BUS,Light,1차_Version_Name_Parsing
BUS,Move,1차_Version_Name_Parsing
BUS,Star,1차_Version_Name_Parsing
Busters,Hyungseo,1차_Version_Name_Parsing
Busters,Minji,1차_Version_Name_Parsing
Busters,Yeseo,1차_Version_Name_Parsing
Busters,Green,1차_Version_Name_Parsing
Busters,Group,1차_Version_Name_Parsing
Busters,Chaeyeon,1차_Version_Name_Parsing
Busters,Jisoo,1차_Version_Name_Parsing
Busters,Purple,1차_Version_Name_Parsing
BXB,Time,1차_Version_Name_Parsing
BXB,Night,1차_Version_Name_Parsing
BXB,Kit,1차_Version_Name_Parsing
BXB,Day,1차_Version_Name_Parsing
BXB,Peak,1차_Version_Name_Parsing
C-Clown,Taiwan,1차_Version_Name_Parsing
can’t be blue,Blue,1차_Version_Name_Parsing
Candy Shop,Hashtag,1차_Version_Name_Parsing
Candy Shop,Vacation,1차_Version_Name_Parsing
Candy Shop,Summer,1차_Version_Name_Parsing
CATCH THE YOUNG,Platform,1차_Version_Name_Parsing
Chakra,Jewel,1차_Version_Name_Parsing
Chakra,Case,1차_Version_Name_Parsing
Cherry Bullet,Runway,1차_Version_Name_Parsing
Cherry Bullet,Fashion,1차_Version_Name_Parsing
Cherry Bullet,Fascinate,1차_Version_Name_Parsing
Cherry Bullet,House,1차_Version_Name_Parsing
Cherry Bullet,Dazzle,1차_Version_Name_Parsing
Choi Yoojung,Swag,1차_Version_Name_Parsing
Choi Yoojung,Platform,1차_Version_Name_Parsing
Choi Yoojung,Lovely,1차_Version_Name_Parsing
ChRocktikal,We,1차_Version_Name_Parsing
ChRocktikal,You,1차_Version_Name_Parsing
ChRocktikal,Break,1차_Version_Name_Parsing
ChRocktikal,Awake,1차_Version_Name_Parsing
ChRocktikal,Qr,1차_Version_Name_Parsing
ChRocktikal,Album,1차_Version_Name_Parsing
Chung Ha,Killing,1차_Version_Name_Parsing
Chung Ha,Bare,1차_Version_Name_Parsing
Chung Ha,Rare,1차_Version_Name_Parsing
Chung Ha,Pt,1차_Version_Name_Parsing
Chung Ha,Alivio,1차_Version_Name_Parsing
Chung Ha,Flourishing,1차_Version_Name_Parsing
Chung Ha,Blue,1차_Version_Name_Parsing
Chung Ha,Me,1차_Version_Name_Parsing
Chung Ha,Play,1차_Version_Name_Parsing
Chung Ha,Xii,1차_Version_Name_Parsing
Chung Ha,Querencia,1차_Version_Name_Parsing
Chung Ha,On,1차_Version_Name_Parsing
Chung Ha,Off,1차_Version_Name_Parsing
Chung Ha,Hands,1차_Version_Name_Parsing
Chung Ha,Blooming,1차_Version_Name_Parsing
Chuu,Tiny,1차_Version_Name_Parsing
Chuu,Love,1차_Version_Name_Parsing
Chuu,Wave,1차_Version_Name_Parsing
Chuu,Heart,1차_Version_Name_Parsing
Chuu,Blue,1차_Version_Name_Parsing
Chuu,Strawberry,1차_Version_Name_Parsing
Chuu,Xo,1차_Version_Name_Parsing
Chuu,Cyber,1차_Version_Name_Parsing
Chuu,Rush,1차_Version_Name_Parsing
Chuu,Album,1차_Version_Name_Parsing
Chuu,Music,1차_Version_Name_Parsing
Chuu,Wind,1차_Version_Name_Parsing
Chuu,Ever,1차_Version_Name_Parsing
Chuu,Stayg,1차_Version_Name_Parsing
cignature,Late,1차_Version_Name_Parsing
cignature,Sweetie,1차_Version_Name_Parsing
cignature,Summer,1차_Version_Name_Parsing
cignature,Early,1차_Version_Name_Parsing
cignature,Question,1차_Version_Name_Parsing
cignature,Saltie,1차_Version_Name_Parsing
cignature,Answer,1차_Version_Name_Parsing
cignature,Jupiter,1차_Version_Name_Parsing
cignature,Saturn,1차_Version_Name_Parsing
Ciipher,Dot,1차_Version_Name_Parsing
Ciipher,Dash,1차_Version_Name_Parsing
CIX,Strange,1차_Version_Name_Parsing
CIX,Cix,1차_Version_Name_Parsing
CIX,Fix,1차_Version_Name_Parsing
CIX,Jinyoung,1차_Version_Name_Parsing
CIX,Cimall,1차_Version_Name_Parsing
CIX,Yonghee,1차_Version_Name_Parsing
CIX,Jewel,1차_Version_Name_Parsing
CIX,Keyring,1차_Version_Name_Parsing
CIX,Dream,1차_Version_Name_Parsing
CIX,Seunghun,1차_Version_Name_Parsing
CIX,Hyunsuk,1차_Version_Name_Parsing
CIX,Bx,1차_Version_Name_Parsing
CIX,Musikon,1차_Version_Name_Parsing
CIX,Hello,1차_Version_Name_Parsing
CLASSy,Album,1차_Version_Name_Parsing
CLASSy,Meta,1차_Version_Name_Parsing
CLASSy,Platform,1차_Version_Name_Parsing
CLC,Type,1차_Version_Name_Parsing
CLOSE YOUR EYES,Minwook,1차_Version_Name_Parsing
CLOSE YOUR EYES,Board,1차_Version_Name_Parsing
CLOSE YOUR EYES,Jang,1차_Version_Name_Parsing
CLOSE YOUR EYES,Kim,1차_Version_Name_Parsing
CLOSE YOUR EYES,Ma,1차_Version_Name_Parsing
CLOSE YOUR EYES,Album,1차_Version_Name_Parsing
CLOSE YOUR EYES,Eyes,1차_Version_Name_Parsing
CLOSE YOUR EYES,Yeojun,1차_Version_Name_Parsing
CLOSE YOUR EYES,Seungho,1차_Version_Name_Parsing
CLOSE YOUR EYES,Jingxiang,1차_Version_Name_Parsing
CLOSE YOUR EYES,Close,1차_Version_Name_Parsing
CLOSE YOUR EYES,Id,1차_Version_Name_Parsing
CLOSE YOUR EYES,Ghost,1차_Version_Name_Parsing
CLOSE YOUR EYES,Jeon,1차_Version_Name_Parsing
CLOSE YOUR EYES,Your,1차_Version_Name_Parsing
CLOSE YOUR EYES,Jewel,1차_Version_Name_Parsing
CLOSE YOUR EYES,Clting,1차_Version_Name_Parsing
CLOSE YOUR EYES,Song,1차_Version_Name_Parsing
CLOSE YOUR EYES,Sungmin,1차_Version_Name_Parsing
CLOSE YOUR EYES,Card,1차_Version_Name_Parsing
CLOSE YOUR EYES,Poca,1차_Version_Name_Parsing
CLOSE YOUR EYES,Kenshin,1차_Version_Name_Parsing
CLOSE YOUR EYES,Kyungbae,1차_Version_Name_Parsing
CLOSE YOUR EYES,Seo,1차_Version_Name_Parsing
CNBLUE,Sleeve,1차_Version_Name_Parsing
CNBLUE,Over,1차_Version_Name_Parsing
CNBLUE,Bandana,1차_Version_Name_Parsing
CNBLUE,City,1차_Version_Name_Parsing
CNBLUE,Dead,1차_Version_Name_Parsing
CNBLUE,Memory,1차_Version_Name_Parsing
CNBLUE,Among,1차_Version_Name_Parsing
CNBLUE,Nemo,1차_Version_Name_Parsing
CNBLUE,Postcard,1차_Version_Name_Parsing
CNBLUE,Eternal,1차_Version_Name_Parsing
CNBLUE,Alive,1차_Version_Name_Parsing
CocoSori,Type,1차_Version_Name_Parsing
CORTIS,Scene,1차_Version_Name_Parsing
CORTIS,Street,1차_Version_Name_Parsing
CORTIS,Cortis,1차_Version_Name_Parsing
CORTIS,Bowl,1차_Version_Name_Parsing
CORTIS,Bridge,1차_Version_Name_Parsing
CORTIS,Redred,1차_Version_Name_Parsing
CORTIS,Weverse,1차_Version_Name_Parsing
CORTIS,Balm,1차_Version_Name_Parsing
CORTIS,Studio,1차_Version_Name_Parsing
CORTIS,Ball,1차_Version_Name_Parsing
CORTIS,Blue,1차_Version_Name_Parsing
CORTIS,Lips,1차_Version_Name_Parsing
CORTIS,Portrait,1차_Version_Name_Parsing
CORTIS,Lip,1차_Version_Name_Parsing
CORTIS,Dice,1차_Version_Name_Parsing
CORTIS,Acai,1차_Version_Name_Parsing
CORTIS,Tnt,1차_Version_Name_Parsing
CORTIS,Panorama,1차_Version_Name_Parsing
CORTIS,Singing,1차_Version_Name_Parsing
Cosmosy,Love,1차_Version_Name_Parsing
Cosmosy,Kami,1차_Version_Name_Parsing
Cosmosy,Babydon,1차_Version_Name_Parsing
Cosmosy,One,1차_Version_Name_Parsing
Cosmosy,Breakingthelove,1차_Version_Name_Parsing
Cosmosy,Idol,1차_Version_Name_Parsing
Cosmosy,Yokai,1차_Version_Name_Parsing
Cosmosy,Cosmosy,1차_Version_Name_Parsing
Cosmosy,Bag,1차_Version_Name_Parsing
Cosmosy,Student,1차_Version_Name_Parsing
Cosmosy,Nemo,1차_Version_Name_Parsing
Cosmosy,Awakening,1차_Version_Name_Parsing
Cosmosy,Mei,1차_Version_Name_Parsing
Cosmosy,De,1차_Version_Name_Parsing
Cosmosy,Hana,1차_Version_Name_Parsing
Cosmosy,Mini,1차_Version_Name_Parsing
Cosmosy,Zigy,1차_Version_Name_Parsing
Cosmosy,Jewel,1차_Version_Name_Parsing
Cosmosy,Incense,1차_Version_Name_Parsing
Cosmosy,Kamion,1차_Version_Name_Parsing
Cosmosy,Tcry,1차_Version_Name_Parsing
Cosmosy,High,1차_Version_Name_Parsing
Cosmosy,Princess,1차_Version_Name_Parsing
Cosmosy,Kit,1차_Version_Name_Parsing
Cosmosy,Kiss,1차_Version_Name_Parsing
Cosmosy,Lucky,1차_Version_Name_Parsing
Cosmosy,Himesha,1차_Version_Name_Parsing
Cosmosy,Ring,1차_Version_Name_Parsing
CRAVITY,Jungmo,1차_Version_Name_Parsing
CRAVITY,Minhee,1차_Version_Name_Parsing
CRAVITY,Md,1차_Version_Name_Parsing
CRAVITY,Hyeongjun,1차_Version_Name_Parsing
CRAVITY,Online,1차_Version_Name_Parsing
CRAVITY,Victor,1차_Version_Name_Parsing
CRAVITY,Allen,1차_Version_Name_Parsing
CRAVITY,Wonjin,1차_Version_Name_Parsing
CRAVITY,Store,1차_Version_Name_Parsing
CRAVITY,Serim,1차_Version_Name_Parsing
CRAVITY,Woobin,1차_Version_Name_Parsing
CRAVITY,Taeyoung,1차_Version_Name_Parsing
CRAVITY,Seongmin,1차_Version_Name_Parsing
Craxy,Re,1차_Version_Name_Parsing
Craxy,Requiem,1차_Version_Name_Parsing
Craxy,Xx,1차_Version_Name_Parsing
Craxy,Wooah,1차_Version_Name_Parsing
Craxy,God,1차_Version_Name_Parsing
Craxy,Nemo,1차_Version_Name_Parsing
Craxy,Dance,1차_Version_Name_Parsing
Craxy,Chaey,1차_Version_Name_Parsing
Craxy,Swan,1차_Version_Name_Parsing
Craxy,Sns,1차_Version_Name_Parsing
Craxy,Undercover,1차_Version_Name_Parsing
Craxy,Karin,1차_Version_Name_Parsing
Craxy,Nugudom,1차_Version_Name_Parsing
Craxy,Gaia,1차_Version_Name_Parsing
Craxy,With,1차_Version_Name_Parsing
Craxy,Hyejin,1차_Version_Name_Parsing
Craxy,Crazy,1차_Version_Name_Parsing
Crayon Pop,Promo,1차_Version_Name_Parsing
Crayon Pop,Jewel,1차_Version_Name_Parsing
Crayon Pop,Case,1차_Version_Name_Parsing
Cross Gene,Casper,1차_Version_Name_Parsing
Cross Gene,Takuya,1차_Version_Name_Parsing
Cross Gene,Shin,1차_Version_Name_Parsing
Cross Gene,Seyoung,1차_Version_Name_Parsing
Cross Gene,Japan,1차_Version_Name_Parsing
Cross Gene,Sangmin,1차_Version_Name_Parsing
Cross Gene,Taiwan,1차_Version_Name_Parsing
Cross Gene,Yongseok,1차_Version_Name_Parsing
CSR,Nineteen,1차_Version_Name_Parsing
CSR,Anne,1차_Version_Name_Parsing
Cutie Street,Street,1차_Version_Name_Parsing
Cutie Street,Anipoke,1차_Version_Name_Parsing
Cutie Street,Kyuusto,1차_Version_Name_Parsing
Cutie Street,Cutie,1차_Version_Name_Parsing
DAILY:DIRECTION,Express,1차_Version_Name_Parsing
DAILY:DIRECTION,Letter,1차_Version_Name_Parsing
DAILY:DIRECTION,Gacha,1차_Version_Name_Parsing
DAILY:DIRECTION,Newspaper,1차_Version_Name_Parsing
Dal★Shabet,Promo,1차_Version_Name_Parsing
Dal★Shabet,Jewel,1차_Version_Name_Parsing
Dal★Shabet,Album,1차_Version_Name_Parsing
Dal★Shabet,Case,1차_Version_Name_Parsing
DAY6,In,1차_Version_Name_Parsing
DAY6,Green,1차_Version_Name_Parsing
DAY6,Package,1차_Version_Name_Parsing
DAY6,Album,1차_Version_Name_Parsing
DAY6,Pouch,1차_Version_Name_Parsing
DAY6,Grounded,1차_Version_Name_Parsing
DAY6,Dowoon,1차_Version_Name_Parsing
DAY6,Keyring,1차_Version_Name_Parsing
DAY6,Nemo,1차_Version_Name_Parsing
DAY6,Wonpil,1차_Version_Name_Parsing
DAY6,Sungjin,1차_Version_Name_Parsing
DAY6,Under,1차_Version_Name_Parsing
DAY6,Wallet,1차_Version_Name_Parsing
DAY6,Deluxe,1차_Version_Name_Parsing
DAY6,Monochrome,1차_Version_Name_Parsing
DAY6,Band,1차_Version_Name_Parsing
DAY6,Youngk,1차_Version_Name_Parsing
DAY6,Beyond,1차_Version_Name_Parsing
DAY6,Book,1차_Version_Name_Parsing
DAY6,Jae,1차_Version_Name_Parsing
DAY6,Fans,1차_Version_Name_Parsing
DAY6,Aid,1차_Version_Name_Parsing
DAY6,Pale,1차_Version_Name_Parsing
DAY6,Postcard,1차_Version_Name_Parsing
DAY6,Platform,1차_Version_Name_Parsing
Daychild,Kit,1차_Version_Name_Parsing
Daychild,Memory,1차_Version_Name_Parsing
Daychild,Focus,1차_Version_Name_Parsing
DearAlice,Cassette,1차_Version_Name_Parsing
DearAlice,Mini,1차_Version_Name_Parsing
DearAlice,Blaise,1차_Version_Name_Parsing
DearAlice,Olly,1차_Version_Name_Parsing
DearAlice,Reese,1차_Version_Name_Parsing
DearAlice,Nfc,1차_Version_Name_Parsing
DearAlice,Dexter,1차_Version_Name_Parsing
DIA,Happy,1차_Version_Name_Parsing
DIA,Season,1차_Version_Name_Parsing
DIA,Newtro,1차_Version_Name_Parsing
DIA,Night,1차_Version_Name_Parsing
DIA,Blue,1차_Version_Name_Parsing
DIA,Ade,1차_Version_Name_Parsing
DIA,Flower,1차_Version_Name_Parsing
DIA,Morning,1차_Version_Name_Parsing
DIA,Ending,1차_Version_Name_Parsing
DIA,Bchcs,1차_Version_Name_Parsing
DIA,Evening,1차_Version_Name_Parsing
DIA,Summer,1차_Version_Name_Parsing
DIA,Pink,1차_Version_Name_Parsing
DIA,Good,1차_Version_Name_Parsing
DIGNITY,Mood,1차_Version_Name_Parsing
DIGNITY,Vibe,1차_Version_Name_Parsing
DKB,Go,1차_Version_Name_Parsing
DKB,High,1차_Version_Name_Parsing
DKB,Mischief,1차_Version_Name_Parsing
DKB,Doubt,1차_Version_Name_Parsing
DKB,Night,1차_Version_Name_Parsing
DKB,Day,1차_Version_Name_Parsing
DKB,Urban,1차_Version_Name_Parsing
DKB,Team,1차_Version_Name_Parsing
DKB,Top,1차_Version_Name_Parsing
DKB,Ride,1차_Version_Name_Parsing
DKB,Evermusic,1차_Version_Name_Parsing
DKB,Ever,1차_Version_Name_Parsing
DKZ,Album,1차_Version_Name_Parsing
DKZ,Off,1차_Version_Name_Parsing
DKZ,Illusion,1차_Version_Name_Parsing
DKZ,Immature,1차_Version_Name_Parsing
DKZ,Earth,1차_Version_Name_Parsing
DKZ,Fascinate,1차_Version_Name_Parsing
DKZ,Ever,1차_Version_Name_Parsing
DKZ,Promo,1차_Version_Name_Parsing
DKZ,On,1차_Version_Name_Parsing
DKZ,Fascinated,1차_Version_Name_Parsing
DKZ,Venus,1차_Version_Name_Parsing
DKZ,Fearless,1차_Version_Name_Parsing
DKZ,Reality,1차_Version_Name_Parsing
DKZ,Fear,1차_Version_Name_Parsing
DKZ,Mmature,1차_Version_Name_Parsing
DKZ,Platform,1차_Version_Name_Parsing
Double 0ne,Bae,1차_Version_Name_Parsing
Double 0ne,Double,1차_Version_Name_Parsing
Double 0ne,Boys,1차_Version_Name_Parsing
Double 0ne,Fantasy,1차_Version_Name_Parsing
Double 0ne,Ne,1차_Version_Name_Parsing
DPR,Jewel,1차_Version_Name_Parsing
DPR,Case,1차_Version_Name_Parsing
Dragon Pony,Red,1차_Version_Name_Parsing
Dragon Pony,Jewel,1차_Version_Name_Parsing
Dragon Pony,Nemo,1차_Version_Name_Parsing
Dreamcatcher,Md,1차_Version_Name_Parsing
Dreamcatcher,Handong,1차_Version_Name_Parsing
Dreamcatcher,Jiu,1차_Version_Name_Parsing
Dreamcatcher,Before,1차_Version_Name_Parsing
Dreamcatcher,Sua,1차_Version_Name_Parsing
Dreamcatcher,Yoohyeon,1차_Version_Name_Parsing
Dreamcatcher,Promo,1차_Version_Name_Parsing
Dreamcatcher,Youth,1차_Version_Name_Parsing
Dreamcatcher,After,1차_Version_Name_Parsing
Dreamcatcher,Poca,1차_Version_Name_Parsing
Dreamcatcher,Japanese,1차_Version_Name_Parsing
Dreamcatcher,Your,1차_Version_Name_Parsing
Dreamcatcher,Kihno,1차_Version_Name_Parsing
Dreamcatcher,Dami,1차_Version_Name_Parsing
Dreamcatcher,Album,1차_Version_Name_Parsing
Dreamcatcher,Gahyun,1차_Version_Name_Parsing
Dreamcatcher,Siyeon,1차_Version_Name_Parsing
Dreamcatcher,Compact,1차_Version_Name_Parsing
DreamNote,Lemon,1차_Version_Name_Parsing
DreamNote,Blue,1차_Version_Name_Parsing
DRIPPIN,Dark,1차_Version_Name_Parsing
DRIPPIN,Weekend,1차_Version_Name_Parsing
DRIPPIN,Sweet,1차_Version_Name_Parsing
DRIPPIN,Red,1차_Version_Name_Parsing
DRIPPIN,Dx,1차_Version_Name_Parsing
DRIPPIN,Ever,1차_Version_Name_Parsing
DRIPPIN,Qr,1차_Version_Name_Parsing
DRIPPIN,Platform,1차_Version_Name_Parsing
DXMON,Eleven,1차_Version_Name_Parsing
DXMON,Blaze,1차_Version_Name_Parsing
DXMON,Pocaalbum,1차_Version_Name_Parsing
DXMON,Dazzle,1차_Version_Name_Parsing
DXMON,Nine,1차_Version_Name_Parsing
DXTEEN,Flash,1차_Version_Name_Parsing
DXTEEN,Price,1차_Version_Name_Parsing
E’LAST,Navy,1차_Version_Name_Parsing
E’LAST,Outside,1차_Version_Name_Parsing
E’LAST,Smart,1차_Version_Name_Parsing
E’LAST,Eternity,1차_Version_Name_Parsing
E’LAST,Red,1차_Version_Name_Parsing
E’LAST,Album,1차_Version_Name_Parsing
E’LAST,Inside,1차_Version_Name_Parsing
E’LAST,Paer,1차_Version_Name_Parsing
E’LAST,Dream,1차_Version_Name_Parsing
E’LAST,Infinity,1차_Version_Name_Parsing
E’LAST,Day,1차_Version_Name_Parsing
EL7Z UP,Plve,1차_Version_Name_Parsing
EL7Z UP,Puzzle,1차_Version_Name_Parsing
EL7Z UP,Queen,1차_Version_Name_Parsing
EMOTI:M,School,1차_Version_Name_Parsing
EMOTI:M,Casual,1차_Version_Name_Parsing
ENHYPEN,Jake,1차_Version_Name_Parsing
ENHYPEN,Noble,1차_Version_Name_Parsing
ENHYPEN,Voice,1차_Version_Name_Parsing
ENHYPEN,Sunoo,1차_Version_Name_Parsing
ENHYPEN,Sunghoon,1차_Version_Name_Parsing
ENHYPEN,Weverse,1차_Version_Name_Parsing
ENHYPEN,Japanese,1차_Version_Name_Parsing
ENHYPEN,Jungwon,1차_Version_Name_Parsing
ENHYPEN,Jay,1차_Version_Name_Parsing
ENHYPEN,Ni,1차_Version_Name_Parsing
ENHYPEN,Target,1차_Version_Name_Parsing
ENHYPEN,Keyring,1차_Version_Name_Parsing
ENHYPEN,Barnes,1차_Version_Name_Parsing
ENHYPEN,Engene,1차_Version_Name_Parsing
ENHYPEN,Indie,1차_Version_Name_Parsing
ENHYPEN,Ki,1차_Version_Name_Parsing
EPEX,Second,1차_Version_Name_Parsing
EPEX,Wish,1차_Version_Name_Parsing
EPEX,Mu,1차_Version_Name_Parsing
EPEX,Fifth,1차_Version_Name_Parsing
EPEX,Ayden,1차_Version_Name_Parsing
EPEX,Ever,1차_Version_Name_Parsing
EPEX,Yewang,1차_Version_Name_Parsing
EPEX,Min,1차_Version_Name_Parsing
EPEX,Jeff,1차_Version_Name_Parsing
EPEX,The,1차_Version_Name_Parsing
EPEX,Third,1차_Version_Name_Parsing
EPEX,Sixth,1차_Version_Name_Parsing
EPEX,Keyring,1차_Version_Name_Parsing
EPEX,Piece,1차_Version_Name_Parsing
EPEX,Keum,1차_Version_Name_Parsing
EPEX,Fourth,1차_Version_Name_Parsing
EPEX,Baekseung,1차_Version_Name_Parsing
Epik High,Cassette,1차_Version_Name_Parsing
Epik High,Jewel,1차_Version_Name_Parsing
Epik High,Instrumentals,1차_Version_Name_Parsing
Epik High,Taiwan,1차_Version_Name_Parsing
Epik High,Case,1차_Version_Name_Parsing
Epik High,Promotional,1차_Version_Name_Parsing
EVERGLOW,Memoir,1차_Version_Name_Parsing
EVERGLOW,Dark,1차_Version_Name_Parsing
EVERGLOW,Galaxy,1차_Version_Name_Parsing
EVERGLOW,Heart,1차_Version_Name_Parsing
EVERGLOW,Biker,1차_Version_Name_Parsing
EVERGLOW,Savage,1차_Version_Name_Parsing
EVERGLOW,Kit,1차_Version_Name_Parsing
EVERGLOW,Last,1차_Version_Name_Parsing
EVERGLOW,Pulse,1차_Version_Name_Parsing
EVERGLOW,Melody,1차_Version_Name_Parsing
EVNNE,Junghyun,1차_Version_Name_Parsing
EVNNE,Seungeon,1차_Version_Name_Parsing
EVNNE,Park,1차_Version_Name_Parsing
EVNNE,Mellow,1차_Version_Name_Parsing
EVNNE,Album,1차_Version_Name_Parsing
EVNNE,Hanbin,1차_Version_Name_Parsing
EVNNE,Yoo,1차_Version_Name_Parsing
EVNNE,Yunseo,1차_Version_Name_Parsing
EVNNE,Lee,1차_Version_Name_Parsing
EVNNE,Cm,1차_Version_Name_Parsing
EVNNE,Jeonghyeon,1차_Version_Name_Parsing
EVNNE,Tape,1차_Version_Name_Parsing
EVNNE,Card,1차_Version_Name_Parsing
EVNNE,Cassette,1차_Version_Name_Parsing
EVNNE,Ji,1차_Version_Name_Parsing
EVNNE,Poca,1차_Version_Name_Parsing
EVNNE,Keita,1차_Version_Name_Parsing
EVNNE,Mun,1차_Version_Name_Parsing
EVNNE,Cheeky,1차_Version_Name_Parsing
EVNNE,Jihoo,1차_Version_Name_Parsing
EXID,Promo,1차_Version_Name_Parsing
EXID,Album,1차_Version_Name_Parsing
EXO,Us,1차_Version_Name_Parsing
EXO,Album,1차_Version_Name_Parsing
EXO,Case,1차_Version_Name_Parsing
EXO,Crown,1차_Version_Name_Parsing
EXO,Flawed,1차_Version_Name_Parsing
EXO,Player,1차_Version_Name_Parsing
EXO,Korean,1차_Version_Name_Parsing
EXO,Picture,1차_Version_Name_Parsing
EXO,Kassette,1차_Version_Name_Parsing
EXO,Tao,1차_Version_Name_Parsing
EXO,Nfc,1차_Version_Name_Parsing
EXO,Premium,1차_Version_Name_Parsing
EXO,Box,1차_Version_Name_Parsing
EXO,Ost,1차_Version_Name_Parsing
EXO,Deluxe,1차_Version_Name_Parsing
EXO,Jewel,1차_Version_Name_Parsing
EXO,Color,1차_Version_Name_Parsing
EXO,Project,1차_Version_Name_Parsing
EXO,Chinese,1차_Version_Name_Parsing
EXO,Fade,1차_Version_Name_Parsing
F.T. Island,False,1차_Version_Name_Parsing
F.T. Island,Au,1차_Version_Name_Parsing
F.T. Island,Long,1차_Version_Name_Parsing
F.T. Island,Truth,1차_Version_Name_Parsing
F.T. Island,So,1차_Version_Name_Parsing
F.T. Island,Revoir,1차_Version_Name_Parsing
f(x),Kinho,1차_Version_Name_Parsing
f(x),Amber,1차_Version_Name_Parsing
f(x),Orange,1차_Version_Name_Parsing
f(x),Victoria,1차_Version_Name_Parsing
f(x),Kit,1차_Version_Name_Parsing
f(x),Jewel,1차_Version_Name_Parsing
f(x),Krystal,1차_Version_Name_Parsing
f(x),Luna,1차_Version_Name_Parsing
f(x),Case,1차_Version_Name_Parsing
f(x),Photobobook,1차_Version_Name_Parsing
FANTASY BOYS,Eclipse,1차_Version_Name_Parsing
FANTASY BOYS,It,1차_Version_Name_Parsing
FANTASY BOYS,Refreshing,1차_Version_Name_Parsing
FANTASY BOYS,Glare,1차_Version_Name_Parsing
FANTASY BOYS,Get,1차_Version_Name_Parsing
FANTASY BOYS,Type,1차_Version_Name_Parsing
FANTASY BOYS,Bright,1차_Version_Name_Parsing
FANTASY BOYS,Fanclub,1차_Version_Name_Parsing
FANTASY BOYS,On,1차_Version_Name_Parsing
FANTASY BOYS,Potential,1차_Version_Name_Parsing
Feverse,Platform,1차_Version_Name_Parsing
FIESTAR,Promo,1차_Version_Name_Parsing
FIESTAR,Album,1차_Version_Name_Parsing
FIFTY FIFTY,Love,1차_Version_Name_Parsing
FIFTY FIFTY,Orange,1차_Version_Name_Parsing
FIFTY FIFTY,Tune,1차_Version_Name_Parsing
FIFTY FIFTY,Amazon,1차_Version_Name_Parsing
FIFTY FIFTY,Pink,1차_Version_Name_Parsing
FIFTY FIFTY,Day,1차_Version_Name_Parsing
FIFTY FIFTY,Barnes,1차_Version_Name_Parsing
FIFTY FIFTY,Ever,1차_Version_Name_Parsing
FIFTY FIFTY,Warner,1차_Version_Name_Parsing
FIFTY FIFTY,Dressy,1차_Version_Name_Parsing
FIFTY FIFTY,We,1차_Version_Name_Parsing
FIFTY FIFTY,Nerd,1차_Version_Name_Parsing
FIFTY FIFTY,Night,1차_Version_Name_Parsing
FIFTY FIFTY,Me,1차_Version_Name_Parsing
FIFTY FIFTY,Messy,1차_Version_Name_Parsing
FIFTY FIFTY,Walmart,1차_Version_Name_Parsing
FIFTY FIFTY,Target,1차_Version_Name_Parsing
FIFTY FIFTY,Noble,1차_Version_Name_Parsing
Fin.K.L,Cassette,1차_Version_Name_Parsing
Fin.K.L,Casette,1차_Version_Name_Parsing
Fin.K.L,Promo,1차_Version_Name_Parsing
Fin.K.L,China,1차_Version_Name_Parsing
Fin.K.L,Taiwan,1차_Version_Name_Parsing
FLARE U,Diary,1차_Version_Name_Parsing
FLARE U,Stationery,1차_Version_Name_Parsing
FLARE U,Crayon,1차_Version_Name_Parsing
FLARE U,Sweet,1차_Version_Name_Parsing
FLARE U,Fancy,1차_Version_Name_Parsing
FLARE U,Kit,1차_Version_Name_Parsing
FLARE U,Qr,1차_Version_Name_Parsing
FLARE U,Dream,1차_Version_Name_Parsing
FlaShe,Promo,1차_Version_Name_Parsing
FlaShe,Album,1차_Version_Name_Parsing
For The More,Kit,1차_Version_Name_Parsing
For The More,Air,1차_Version_Name_Parsing
For The More,Flare,1차_Version_Name_Parsing
For The More,Shadow,1차_Version_Name_Parsing
Forestella,Bloom,1차_Version_Name_Parsing
Forestella,Book,1차_Version_Name_Parsing
Forestella,Of,1차_Version_Name_Parsing
Forestella,Utopia,1차_Version_Name_Parsing
Forestella,The,1차_Version_Name_Parsing
Forestella,Borders,1차_Version_Name_Parsing
Forestella,Jewel,1차_Version_Name_Parsing
Forestella,Sunlight,1차_Version_Name_Parsing
Forestella,Docent,1차_Version_Name_Parsing
fromis_9,Memory,1차_Version_Name_Parsing
fromis_9,Green,1차_Version_Name_Parsing
fromis_9,Hayoung,1차_Version_Name_Parsing
fromis_9,Notyet,1차_Version_Name_Parsing
fromis_9,Factory,1차_Version_Name_Parsing
fromis_9,Case,1차_Version_Name_Parsing
fromis_9,Compact,1차_Version_Name_Parsing
fromis_9,Pink,1차_Version_Name_Parsing
fromis_9,Fun,1차_Version_Name_Parsing
fromis_9,Vitamin,1차_Version_Name_Parsing
fromis_9,Weverse,1차_Version_Name_Parsing
fromis_9,Dream,1차_Version_Name_Parsing
fromis_9,Fruit,1차_Version_Name_Parsing
fromis_9,Glow,1차_Version_Name_Parsing
fromis_9,Blue,1차_Version_Name_Parsing
fromis_9,Jewel,1차_Version_Name_Parsing
fromis_9,Sparkling,1차_Version_Name_Parsing
fromis_9,Kihno,1차_Version_Name_Parsing
fromis_9,Kit,1차_Version_Name_Parsing
fromis_9,Nagyung,1차_Version_Name_Parsing
fromis_9,Chaeyoung,1차_Version_Name_Parsing
fromis_9,Jiwon,1차_Version_Name_Parsing
fromis_9,Jiheon,1차_Version_Name_Parsing
G-Dragon,Orange,1차_Version_Name_Parsing
G-Dragon,Red,1차_Version_Name_Parsing
G-Dragon,Japanese,1차_Version_Name_Parsing
G-Dragon,Green,1차_Version_Name_Parsing
G-Dragon,Bronze,1차_Version_Name_Parsing
G-Dragon,Cut,1차_Version_Name_Parsing
G-Dragon,Rainbow,1차_Version_Name_Parsing
G-Dragon,Mirrorboard,1차_Version_Name_Parsing
G-Dragon,One,1차_Version_Name_Parsing
G-Dragon,Pink,1차_Version_Name_Parsing
G-Dragon,Kwon,1차_Version_Name_Parsing
G-Dragon,Of,1차_Version_Name_Parsing
G-Dragon,Kind,1차_Version_Name_Parsing
G-Dragon,Yellow,1차_Version_Name_Parsing
G-Dragon,Yong,1차_Version_Name_Parsing
G-Dragon,Mix,1차_Version_Name_Parsing
G-Dragon,Nemo,1차_Version_Name_Parsing
G-Dragon,Eco,1차_Version_Name_Parsing
G-Dragon,Nfc,1차_Version_Name_Parsing
G-Dragon,Collection,1차_Version_Name_Parsing
G-Dragon,Mini,1차_Version_Name_Parsing
G-Dragon,Blue,1차_Version_Name_Parsing
G-Dragon,Jewel,1차_Version_Name_Parsing
G-Dragon,Purple,1차_Version_Name_Parsing
G-Dragon,Reissue,1차_Version_Name_Parsing
G-Dragon,Ji,1차_Version_Name_Parsing
G-Dragon,Die,1차_Version_Name_Parsing
G-Dragon,Usb,1차_Version_Name_Parsing
G-Dragon,Dragon,1차_Version_Name_Parsing
G-Dragon,Gold,1차_Version_Name_Parsing
G-reyish,My,1차_Version_Name_Parsing
G-reyish,Bravo,1차_Version_Name_Parsing
G-reyish,Trip,1차_Version_Name_Parsing
g.o.d,Korea,1차_Version_Name_Parsing
g.o.d,Stardard,1차_Version_Name_Parsing
g.o.d,Jewel,1차_Version_Name_Parsing
g.o.d,Case,1차_Version_Name_Parsing
Geenius,Qr,1차_Version_Name_Parsing
GENBLUE,Poca,1차_Version_Name_Parsing
GENBLUE,Ever,1차_Version_Name_Parsing
GFRIEND,Girl,1차_Version_Name_Parsing
GFRIEND,My,1차_Version_Name_Parsing
GFRIEND,Glass,1차_Version_Name_Parsing
GFRIEND,Shop,1차_Version_Name_Parsing
GFRIEND,Web,1차_Version_Name_Parsing
GFRIEND,Kihno,1차_Version_Name_Parsing
GFRIEND,Type,1차_Version_Name_Parsing
GFRIEND,Room,1차_Version_Name_Parsing
GFRIEND,Bead,1차_Version_Name_Parsing
GFRIEND,King,1차_Version_Name_Parsing
GHOST9,Love,1차_Version_Name_Parsing
GHOST9,We,1차_Version_Name_Parsing
GHOST9,In,1차_Version_Name_Parsing
GHOST9,Twilight,1차_Version_Name_Parsing
GHOST9,Yellow,1차_Version_Name_Parsing
GHOST9,Are,1차_Version_Name_Parsing
GHOST9,Mystery,1차_Version_Name_Parsing
GHOST9,When,1차_Version_Name_Parsing
GHOST9,Now,1차_Version_Name_Parsing
Girl's Day,Yura,1차_Version_Name_Parsing
Girl's Day,Hyeri,1차_Version_Name_Parsing
Girl's Day,Group,1차_Version_Name_Parsing
Girl's Day,Minah,1차_Version_Name_Parsing
Girl's Day,Kit,1차_Version_Name_Parsing
Girl's Day,Type,1차_Version_Name_Parsing
Girl's Day,Sojin,1차_Version_Name_Parsing
Girls' Generation,Japanese,1차_Version_Name_Parsing
Girls' Generation,Taeyeon,1차_Version_Name_Parsing
Girls' Generation,Taiwan,1차_Version_Name_Parsing
Girls' Generation,Future,1차_Version_Name_Parsing
Girls' Generation,Girls,1차_Version_Name_Parsing
Girls' Generation,Time,1차_Version_Name_Parsing
Girls' Generation,Sooyoung,1차_Version_Name_Parsing
Girls' Generation,Capsule,1차_Version_Name_Parsing
Girls' Generation,Hyoyeon,1차_Version_Name_Parsing
Girls' Generation,Gg,1차_Version_Name_Parsing
Girls' Generation,Generation,1차_Version_Name_Parsing
Girls' Generation,Ray,1차_Version_Name_Parsing
Girls' Generation,Promo,1차_Version_Name_Parsing
Girls' Generation,Style,1차_Version_Name_Parsing
Girls' Generation,Culture,1차_Version_Name_Parsing
Girls' Generation,Book,1차_Version_Name_Parsing
Girls' Generation,Family,1차_Version_Name_Parsing
Girls' Generation,Kit,1차_Version_Name_Parsing
Girls' Generation,The,1차_Version_Name_Parsing
Girls' Generation,Blu,1차_Version_Name_Parsing
Girls' Generation,Oh,1차_Version_Name_Parsing
GIRLSET,Offline,1차_Version_Name_Parsing
GIRLSET,Savanna,1차_Version_Name_Parsing
GIRLSET,En,1차_Version_Name_Parsing
GIRLSET,Remix,1차_Version_Name_Parsing
GIRLSET,Urban,1차_Version_Name_Parsing
GIRLSET,Tweak,1차_Version_Name_Parsing
GIRLSET,Camila,1차_Version_Name_Parsing
GIRLSET,Espa,1차_Version_Name_Parsing
GIRLSET,Lexi,1차_Version_Name_Parsing
GIRLSET,Acapella,1차_Version_Name_Parsing
GIRLSET,Little,1차_Version_Name_Parsing
GIRLSET,Outfitters,1차_Version_Name_Parsing
GIRLSET,Online,1차_Version_Name_Parsing
GIRLSET,Bae,1차_Version_Name_Parsing
GIRLSET,Groupchat,1차_Version_Name_Parsing
GIRLSET,Ol,1차_Version_Name_Parsing
GIRLSET,Blush,1차_Version_Name_Parsing
GIRLSET,Instrumental,1차_Version_Name_Parsing
GIRLSET,Kendall,1차_Version_Name_Parsing
GIRLSET,Yung,1차_Version_Name_Parsing
GIRLSET,Piano,1차_Version_Name_Parsing
GIRLSET,Misdemeanor,1차_Version_Name_Parsing
GIRLSET,Remixes,1차_Version_Name_Parsing
GIRLSET,Miss,1차_Version_Name_Parsing
GLAM,St,1차_Version_Name_Parsing
GLAM,Xxo,1차_Version_Name_Parsing
GLAM,Party,1차_Version_Name_Parsing
GLAM,Album,1차_Version_Name_Parsing
GLAM,Single,1차_Version_Name_Parsing
Golden Child,Compact,1차_Version_Name_Parsing
Golden Child,Youth,1차_Version_Name_Parsing
Golden Child,Connect,1차_Version_Name_Parsing
GOT the beat,Winter,1차_Version_Name_Parsing
GOT the beat,Boa,1차_Version_Name_Parsing
GOT the beat,Wendy,1차_Version_Name_Parsing
GOT the beat,Karina,1차_Version_Name_Parsing
GOT the beat,Beat,1차_Version_Name_Parsing
GOT the beat,Taeyeon,1차_Version_Name_Parsing
GOT the beat,Stamp,1차_Version_Name_Parsing
GOT the beat,Smini,1차_Version_Name_Parsing
GOT the beat,Seulgi,1차_Version_Name_Parsing
GOT the beat,Hyoyeon,1차_Version_Name_Parsing
GOT7,Serenity,1차_Version_Name_Parsing
GOT7,Orange,1차_Version_Name_Parsing
GOT7,Thailand,1차_Version_Name_Parsing
GOT7,Rose,1차_Version_Name_Parsing
GOT7,Taiwanese,1차_Version_Name_Parsing
GOT7,Target,1차_Version_Name_Parsing
GOT7,Quartz,1차_Version_Name_Parsing
GOT7,Taiwan,1차_Version_Name_Parsing
GOT7,Chapter,1차_Version_Name_Parsing
GOT7,Pink,1차_Version_Name_Parsing
gugudan,Kihno,1차_Version_Name_Parsing
GWSN,Platform,1차_Version_Name_Parsing
H.O.T.,Kit,1차_Version_Name_Parsing
H.O.T.,Cassette,1차_Version_Name_Parsing
H.O.T.,Stayg,1차_Version_Name_Parsing
H1-KEY,Seoul,1차_Version_Name_Parsing
H1-KEY,Lie,1차_Version_Name_Parsing
H1-KEY,Poca,1차_Version_Name_Parsing
H1-KEY,Memories,1차_Version_Name_Parsing
H1-KEY,Moment,1차_Version_Name_Parsing
H1-KEY,True,1차_Version_Name_Parsing
H1-KEY,From,1차_Version_Name_Parsing
H1-KEY,Dreaming,1차_Version_Name_Parsing
H1-KEY,Dear,1차_Version_Name_Parsing
Ha Sung Woon,Daze,1차_Version_Name_Parsing
Ha Sung Woon,Heaven,1차_Version_Name_Parsing
Ha Sung Woon,Sweet,1차_Version_Name_Parsing
Ha Sung Woon,Pack,1차_Version_Name_Parsing
Ha Sung Woon,Stranger,1차_Version_Name_Parsing
Ha Sung Woon,Lost,1차_Version_Name_Parsing
Ha Sung Woon,Easy,1차_Version_Name_Parsing
Ha Sung Woon,Breeze,1차_Version_Name_Parsing
Ha Sung Woon,Dream,1차_Version_Name_Parsing
Ha Sung Woon,Film,1차_Version_Name_Parsing
Ha Sung Woon,Daily,1차_Version_Name_Parsing
Ha Sung Woon,Ground,1차_Version_Name_Parsing
Ha Sung Woon,Bitter,1차_Version_Name_Parsing
HANRORO,August,1차_Version_Name_Parsing
HAWW,Nemo,1차_Version_Name_Parsing
HAWW,Album,1차_Version_Name_Parsing
HAWW,Full,1차_Version_Name_Parsing
HEART OF WOMAN,Profile,1차_Version_Name_Parsing
HEART OF WOMAN,Concept,1차_Version_Name_Parsing
HEART OF WOMAN,Era,1차_Version_Name_Parsing
HEART OF WOMAN,Blue,1차_Version_Name_Parsing
HEART OF WOMAN,Copies,1차_Version_Name_Parsing
HEART OF WOMAN,Golden,1차_Version_Name_Parsing
HEART OF WOMAN,Dream,1차_Version_Name_Parsing
HEART OF WOMAN,One,1차_Version_Name_Parsing
HEART OF WOMAN,Brown,1차_Version_Name_Parsing
Hearts2Hearts,Juun,1차_Version_Name_Parsing
Hearts2Hearts,Stella,1차_Version_Name_Parsing
Hearts2Hearts,Rulebook,1차_Version_Name_Parsing
Hearts2Hearts,Japan,1차_Version_Name_Parsing
Hearts2Hearts,Case,1차_Version_Name_Parsing
Hearts2Hearts,Jiwoo,1차_Version_Name_Parsing
Hearts2Hearts,Ana,1차_Version_Name_Parsing
Hearts2Hearts,Yeon,1차_Version_Name_Parsing
Hearts2Hearts,Keyring,1차_Version_Name_Parsing
Hearts2Hearts,Summer,1차_Version_Name_Parsing
Hearts2Hearts,Lemon,1차_Version_Name_Parsing
Hearts2Hearts,Locket,1차_Version_Name_Parsing
Hearts2Hearts,Store,1차_Version_Name_Parsing
Hearts2Hearts,Jewel,1차_Version_Name_Parsing
Hearts2Hearts,Music,1차_Version_Name_Parsing
Hearts2Hearts,Beach,1차_Version_Name_Parsing
Hearts2Hearts,Smini,1차_Version_Name_Parsing
Hearts2Hearts,Ian,1차_Version_Name_Parsing
Hearts2Hearts,Carmen,1차_Version_Name_Parsing
Hearts2Hearts,Sun,1차_Version_Name_Parsing
Hearts2Hearts,Universal,1차_Version_Name_Parsing
Hearts2Hearts,Heart,1차_Version_Name_Parsing
Hearts2Hearts,Kit,1차_Version_Name_Parsing
Hearts2Hearts,Sticker,1차_Version_Name_Parsing
Hearts2Hearts,Ums,1차_Version_Name_Parsing
Hearts2Hearts,Yuha,1차_Version_Name_Parsing
Hebi,Eclipse,1차_Version_Name_Parsing
Hebi,Diary,1차_Version_Name_Parsing
Hebi,Crayon,1차_Version_Name_Parsing
Hebi,Poca,1차_Version_Name_Parsing
Hebi,Pack,1차_Version_Name_Parsing
Hebi,Basic,1차_Version_Name_Parsing
Heize,Tin,1차_Version_Name_Parsing
Heize,Case,1차_Version_Name_Parsing
Hi-Fi Un!corn,Korean,1차_Version_Name_Parsing
HIGHLIGHT,Surreal,1차_Version_Name_Parsing
HIGHLIGHT,Dark,1차_Version_Name_Parsing
HIGHLIGHT,Box,1차_Version_Name_Parsing
HIGHLIGHT,Real,1차_Version_Name_Parsing
HIGHLIGHT,Milk,1차_Version_Name_Parsing
HIGHLIGHT,Jewel,1차_Version_Name_Parsing
HIGHLIGHT,Taiwan,1차_Version_Name_Parsing
HIGHLIGHT,Case,1차_Version_Name_Parsing
HIGHLIGHT,Gold,1차_Version_Name_Parsing
HIGHLIGHT,Platform,1차_Version_Name_Parsing
HISTORY,Kyungil,1차_Version_Name_Parsing
HISTORY,Heart,1차_Version_Name_Parsing
HISTORY,Spade,1차_Version_Name_Parsing
HITGS,Hi,1차_Version_Name_Parsing
HITGS,You,1차_Version_Name_Parsing
HITGS,Poca,1차_Version_Name_Parsing
HITGS,Am,1차_Version_Name_Parsing
HITGS,Are,1차_Version_Name_Parsing
HITGS,Ever,1차_Version_Name_Parsing
HITGS,Hello,1차_Version_Name_Parsing
Hoppipolla,Fruit,1차_Version_Name_Parsing
Hoppipolla,Cherry,1차_Version_Name_Parsing
Hoppipolla,Red,1차_Version_Name_Parsing
Hoppipolla,Flower,1차_Version_Name_Parsing
Hoppipolla,Gold,1차_Version_Name_Parsing
hrtz.wav,Hrtz,1차_Version_Name_Parsing
hrtz.wav,Wav,1차_Version_Name_Parsing
hrtz.wav,Slogan,1차_Version_Name_Parsing
Huh Jiwon,Kit,1차_Version_Name_Parsing
Hwang Chiyeul,Diary,1차_Version_Name_Parsing
Hwang Minhyun,Weverse,1차_Version_Name_Parsing
Hwang Minhyun,Deluxe,1차_Version_Name_Parsing
Hwang Minhyun,Broken,1차_Version_Name_Parsing
Hwang Minhyun,Album,1차_Version_Name_Parsing
Hwang Minhyun,Hidden,1차_Version_Name_Parsing
HWISOO,Promo,1차_Version_Name_Parsing
HyunA,Korea,1차_Version_Name_Parsing
HyunA,Commemorative,1차_Version_Name_Parsing
HyunA,Taiwan,1차_Version_Name_Parsing
HyunA,Indonesia,1차_Version_Name_Parsing
HyunA,South,1차_Version_Name_Parsing
Hyunjun Hur,Poca,1차_Version_Name_Parsing
i-dle,Love,1차_Version_Name_Parsing
i-dle,Dat,1차_Version_Name_Parsing
i-dle,Minnie,1차_Version_Name_Parsing
i-dle,Miyeon,1차_Version_Name_Parsing
i-dle,Soyeon,1차_Version_Name_Parsing
i-dle,Poca,1차_Version_Name_Parsing
i-dle,Crow,1차_Version_Name_Parsing
i-dle,Target,1차_Version_Name_Parsing
i-dle,Album,1차_Version_Name_Parsing
i-dle,Gimme,1차_Version_Name_Parsing
i-dle,Mono,1차_Version_Name_Parsing
i-dle,Yuqi,1차_Version_Name_Parsing
i-dle,Shuhua,1차_Version_Name_Parsing
I.MET.U,Pre,1차_Version_Name_Parsing
I.MET.U,Platform,1차_Version_Name_Parsing
I.MET.U,Order,1차_Version_Name_Parsing
I.O.I,Whatta,1차_Version_Name_Parsing
I.O.I,Me,1차_Version_Name_Parsing
I.O.I,Man,1차_Version_Name_Parsing
I.O.I,Miss,1차_Version_Name_Parsing
ICHILLIN’,Promo,1차_Version_Name_Parsing
ICHILLIN’,Poca,1차_Version_Name_Parsing
ICHILLIN’,Main,1차_Version_Name_Parsing
ICHILLIN’,Album,1차_Version_Name_Parsing
ICHILLIN’,Signed,1차_Version_Name_Parsing
IDID,It,1차_Version_Name_Parsing
IDID,Yesterday,1차_Version_Name_Parsing
IDID,Ice,1차_Version_Name_Parsing
IDID,After,1차_Version_Name_Parsing
IDID,Sunset,1차_Version_Name_Parsing
IDID,Did,1차_Version_Name_Parsing
IDID,Camp,1차_Version_Name_Parsing
IDID,Dodo,1차_Version_Name_Parsing
idntt,Home,1차_Version_Name_Parsing
idntt,Hurt,1차_Version_Name_Parsing
idntt,Keycap,1차_Version_Name_Parsing
idntt,Street,1차_Version_Name_Parsing
idntt,Wappen,1차_Version_Name_Parsing
idntt,We,1차_Version_Name_Parsing
idntt,Heart,1차_Version_Name_Parsing
idntt,Chrome,1차_Version_Name_Parsing
idntt,Objekt,1차_Version_Name_Parsing
idntt,Me,1차_Version_Name_Parsing
idntt,Album,1차_Version_Name_Parsing
idntt,Boy,1차_Version_Name_Parsing
idntt,Music,1차_Version_Name_Parsing
idntt,Lit,1차_Version_Name_Parsing
idntt,Silicone,1차_Version_Name_Parsing
ifeye,Daisy,1차_Version_Name_Parsing
ifeye,Hazy,1차_Version_Name_Parsing
ifeye,Nemo,1차_Version_Name_Parsing
ifeye,Taerin,1차_Version_Name_Parsing
ifeye,Winner,1차_Version_Name_Parsing
ifeye,Sweet,1차_Version_Name_Parsing
ifeye,Tang,1차_Version_Name_Parsing
ifeye,Won,1차_Version_Name_Parsing
ifeye,Group,1차_Version_Name_Parsing
ifeye,Album,1차_Version_Name_Parsing
ifeye,Jewel,1차_Version_Name_Parsing
ifeye,Case,1차_Version_Name_Parsing
ifeye,Hwayeon,1차_Version_Name_Parsing
ifeye,Platform,1차_Version_Name_Parsing
iKON,Red,1차_Version_Name_Parsing
iKON,Green,1차_Version_Name_Parsing
iKON,Meeting,1차_Version_Name_Parsing
iKON,Japan,1차_Version_Name_Parsing
iKON,Disk,1차_Version_Name_Parsing
iKON,Venue,1차_Version_Name_Parsing
iKON,Cart,1차_Version_Name_Parsing
iKON,Versions,1차_Version_Name_Parsing
iKON,Complete,1차_Version_Name_Parsing
iKON,Playbutton,1차_Version_Name_Parsing
iKON,Jay,1차_Version_Name_Parsing
iKON,Ray,1차_Version_Name_Parsing
iKON,Fan,1차_Version_Name_Parsing
iKON,Idrive,1차_Version_Name_Parsing
iKON,Deluxe,1차_Version_Name_Parsing
iKON,Ikon,1차_Version_Name_Parsing
iKON,Music,1차_Version_Name_Parsing
iKON,Card,1차_Version_Name_Parsing
iKON,Ikontact,1차_Version_Name_Parsing
iKON,Drive,1차_Version_Name_Parsing
iKON,Blu,1차_Version_Name_Parsing
ILLIT,Collab,1차_Version_Name_Parsing
ILLIT,Bears,1차_Version_Name_Parsing
ILLIT,Shopping,1차_Version_Name_Parsing
ILLIT,Care,1차_Version_Name_Parsing
ILLIT,Sha,1차_Version_Name_Parsing
ILLIT,Wonhee,1차_Version_Name_Parsing
ILLIT,Grwm,1차_Version_Name_Parsing
ILLIT,Albums,1차_Version_Name_Parsing
ILLIT,Yunah,1차_Version_Name_Parsing
ILLIT,Weverse,1차_Version_Name_Parsing
ILLIT,Fruits,1차_Version_Name_Parsing
ILLIT,Gua,1차_Version_Name_Parsing
ILLIT,Minju,1차_Version_Name_Parsing
ILLIT,Objet,1차_Version_Name_Parsing
ILLIT,Me,1차_Version_Name_Parsing
ILLIT,Free,1차_Version_Name_Parsing
ILLIT,Moka,1차_Version_Name_Parsing
ILLIT,It,1차_Version_Name_Parsing
ILLIT,Paw,1차_Version_Name_Parsing
ILLIT,Illit,1차_Version_Name_Parsing
ILLIT,Ceramic,1차_Version_Name_Parsing
ILLIT,Net,1차_Version_Name_Parsing
ILLIT,Rider,1차_Version_Name_Parsing
ILLIT,Seven,1차_Version_Name_Parsing
ILLIT,Iroha,1차_Version_Name_Parsing
ILLIT,Unit,1차_Version_Name_Parsing
ILY:1,Nemo,1차_Version_Name_Parsing
ILY:1,Ocean,1차_Version_Name_Parsing
ILY:1,Illang,1차_Version_Name_Parsing
IN A MINUTE,Bgm,1차_Version_Name_Parsing
IN A MINUTE,Love,1차_Version_Name_Parsing
IN A MINUTE,How,1차_Version_Name_Parsing
INFINITE,Asteroid,1차_Version_Name_Parsing
INFINITE,Night,1차_Version_Name_Parsing
INFINITE,Pop,1차_Version_Name_Parsing
INFINITE,Sungkyu,1차_Version_Name_Parsing
INFINITE,Type,1차_Version_Name_Parsing
INFINITE,Art,1차_Version_Name_Parsing
INFINITE,Sungjong,1차_Version_Name_Parsing
INFINITE,Platform,1차_Version_Name_Parsing
INI,In,1차_Version_Name_Parsing
INI,Red,1차_Version_Name_Parsing
INI,Lights,1차_Version_Name_Parsing
INI,One,1차_Version_Name_Parsing
INI,Along,1차_Version_Name_Parsing
INI,For,1차_Version_Name_Parsing
INI,City,1차_Version_Name_Parsing
INI,Of,1차_Version_Name_Parsing
INI,Team,1차_Version_Name_Parsing
INI,Ascending,1차_Version_Name_Parsing
INI,Blue,1차_Version_Name_Parsing
INI,Side,1차_Version_Name_Parsing
INI,All,1차_Version_Name_Parsing
INI,Sing,1차_Version_Name_Parsing
INI,Winning,1차_Version_Name_Parsing
INI,Fc,1차_Version_Name_Parsing
INI,Landing,1차_Version_Name_Parsing
INI,Match,1차_Version_Name_Parsing
IRISÉ,Album,1차_Version_Name_Parsing
IRISÉ,Stayg,1차_Version_Name_Parsing
IS:SUE,Club,1차_Version_Name_Parsing
IS:SUE,Fan,1차_Version_Name_Parsing
IS:SUE,Universal,1차_Version_Name_Parsing
IS:SUE,Nano,1차_Version_Name_Parsing
IS:SUE,Rin,1차_Version_Name_Parsing
IS:SUE,Store,1차_Version_Name_Parsing
IS:SUE,Yukki,1차_Version_Name_Parsing
IS:SUE,Yuuki,1차_Version_Name_Parsing
IS:SUE,Rino,1차_Version_Name_Parsing
IS:SUE,Music,1차_Version_Name_Parsing
IS:SUE,Fanclub,1차_Version_Name_Parsing
IS:SUE,Rio,1차_Version_Name_Parsing
Isaac Hong,Diary,1차_Version_Name_Parsing
Isaac Hong,Jewelcase,1차_Version_Name_Parsing
Isaac Hong,Album,1차_Version_Name_Parsing
Isaac Hong,Nemo,1차_Version_Name_Parsing
Isaac Hong,Note,1차_Version_Name_Parsing
ISEGYE IDOL,Idol,1차_Version_Name_Parsing
ISEGYE IDOL,Jingburger,1차_Version_Name_Parsing
ISEGYE IDOL,Jururu,1차_Version_Name_Parsing
ISEGYE IDOL,Viichan,1차_Version_Name_Parsing
ISEGYE IDOL,Isegye,1차_Version_Name_Parsing
ISEGYE IDOL,Gosegu,1차_Version_Name_Parsing
ISEGYE IDOL,Lilpa,1차_Version_Name_Parsing
ISEGYE IDOL,Ine,1차_Version_Name_Parsing
ISEGYE IDOL,Binder,1차_Version_Name_Parsing
ISEGYE IDOL,Stayg,1차_Version_Name_Parsing
ITZY,Et,1차_Version_Name_Parsing
ITZY,Pocaalbum,1차_Version_Name_Parsing
ITZY,Japan,1차_Version_Name_Parsing
ITZY,Photo,1차_Version_Name_Parsing
ITZY,Midzy,1차_Version_Name_Parsing
ITZY,Yuna,1차_Version_Name_Parsing
ITZY,Essay,1차_Version_Name_Parsing
ITZY,Different,1차_Version_Name_Parsing
ITZY,Chaeryeong,1차_Version_Name_Parsing
ITZY,Tape,1차_Version_Name_Parsing
ITZY,Ryujin,1차_Version_Name_Parsing
ITZY,Paris,1차_Version_Name_Parsing
ITZY,Ost,1차_Version_Name_Parsing
ITZY,Booklet,1차_Version_Name_Parsing
ITZY,It,1차_Version_Name_Parsing
ITZY,Cassette,1차_Version_Name_Parsing
ITZY,Itzy,1차_Version_Name_Parsing
ITZY,Lia,1차_Version_Name_Parsing
ITZY,Yeji,1차_Version_Name_Parsing
ITZY,Platform,1차_Version_Name_Parsing
IU,Edam,1차_Version_Name_Parsing
IU,Old,1차_Version_Name_Parsing
IU,Cdp,1차_Version_Name_Parsing
IU,Spring,1차_Version_Name_Parsing
IU,Win,1차_Version_Name_Parsing
IU,Of,1차_Version_Name_Parsing
IU,Year,1차_Version_Name_Parsing
IU,Loen,1차_Version_Name_Parsing
IU,Twenty,1차_Version_Name_Parsing
IU,Bylac,1차_Version_Name_Parsing
IU,Original,1차_Version_Name_Parsing
IU,Reissue,1차_Version_Name_Parsing
IVE,Leeseo,1차_Version_Name_Parsing
IVE,Mini,1차_Version_Name_Parsing
IVE,Plve,1차_Version_Name_Parsing
IVE,Junji,1차_Version_Name_Parsing
IVE,Ito,1차_Version_Name_Parsing
IVE,Gaeul,1차_Version_Name_Parsing
IVE,Wonyoung,1차_Version_Name_Parsing
IVE,Liz,1차_Version_Name_Parsing
IVE,Yujin,1차_Version_Name_Parsing
IVE,Rei,1차_Version_Name_Parsing
IZ*ONE,Minju,1차_Version_Name_Parsing
IZ*ONE,Yuri,1차_Version_Name_Parsing
IZ*ONE,Hyewon,1차_Version_Name_Parsing
IZ*ONE,Nako,1차_Version_Name_Parsing
IZ*ONE,Sakura,1차_Version_Name_Parsing
IZ*ONE,Group,1차_Version_Name_Parsing
IZ*ONE,Yena,1차_Version_Name_Parsing
IZ*ONE,Sapphire,1차_Version_Name_Parsing
IZ*ONE,Chaewon,1차_Version_Name_Parsing
IZ*ONE,Chaeyeon,1차_Version_Name_Parsing
IZ*ONE,Type,1차_Version_Name_Parsing
IZ*ONE,Wonyoung,1차_Version_Name_Parsing
IZ*ONE,Hitomi,1차_Version_Name_Parsing
IZ*ONE,Yujin,1차_Version_Name_Parsing
IZ*ONE,Violeta,1차_Version_Name_Parsing
izna,Saebi,1차_Version_Name_Parsing
izna,Jeemin,1차_Version_Name_Parsing
izna,Izna,1차_Version_Name_Parsing
izna,Icecream,1차_Version_Name_Parsing
izna,Mai,1차_Version_Name_Parsing
izna,Sarang,1차_Version_Name_Parsing
izna,Promo,1차_Version_Name_Parsing
izna,Jungeun,1차_Version_Name_Parsing
izna,Jiyoon,1차_Version_Name_Parsing
izna,Nemo,1차_Version_Name_Parsing
izna,Unit,1차_Version_Name_Parsing
izna,Postcard,1차_Version_Name_Parsing
izna,Bbc,1차_Version_Name_Parsing
izna,Koko,1차_Version_Name_Parsing
J.Y.Park,Casette,1차_Version_Name_Parsing
J.Y.Park,Cassette,1차_Version_Name_Parsing
Jang Haneum,Dream,1차_Version_Name_Parsing
Jang Haneum,Dreamcatcher,1차_Version_Name_Parsing
Jang Haneum,Day,1차_Version_Name_Parsing
Jannabi,Olive,1차_Version_Name_Parsing
Jannabi,Dark,1차_Version_Name_Parsing
Jannabi,Orange,1차_Version_Name_Parsing
Jannabi,Blend,1차_Version_Name_Parsing
Jannabi,Red,1차_Version_Name_Parsing
Jannabi,Blue,1차_Version_Name_Parsing
Jannabi,Green,1차_Version_Name_Parsing
Jannabi,Clear,1차_Version_Name_Parsing
Jannabi,Jade,1차_Version_Name_Parsing
Jannabi,Light,1차_Version_Name_Parsing
Jannabi,Yellow,1차_Version_Name_Parsing
Jannabi,Mix,1차_Version_Name_Parsing
Jannabi,Splatter,1차_Version_Name_Parsing
Jannabi,Purple,1차_Version_Name_Parsing
Jannabi,Pink,1차_Version_Name_Parsing
Jay Park,Japan,1차_Version_Name_Parsing
Jay Park,Park,1차_Version_Name_Parsing
Jay Park,Jay,1차_Version_Name_Parsing
Jay Park,Bum,1차_Version_Name_Parsing
JBJ,Ii,1차_Version_Name_Parsing
JBJ,Deluxe,1차_Version_Name_Parsing
JD1,Platform,1차_Version_Name_Parsing
Jeon Somi,Chaotic,1차_Version_Name_Parsing
Jeon Somi,Red,1차_Version_Name_Parsing
Jeon Somi,Confused,1차_Version_Name_Parsing
Jeon Somi,Kit,1차_Version_Name_Parsing
Jeon Somi,Album,1차_Version_Name_Parsing
Jeon Somi,Jewel,1차_Version_Name_Parsing
Jeon Somi,Pit,1차_Version_Name_Parsing
Jeon Somi,Case,1차_Version_Name_Parsing
Jeon Somi,Nemo,1차_Version_Name_Parsing
Jeon Somi,Signed,1차_Version_Name_Parsing
Jeon Somi,Promotional,1차_Version_Name_Parsing
Jeon Somi,Gem,1차_Version_Name_Parsing
Jeon Youl,Promo,1차_Version_Name_Parsing
Jeon Youl,Album,1차_Version_Name_Parsing
Jeon Youl,Signed,1차_Version_Name_Parsing
Jeong Sewoon,Plus,1차_Version_Name_Parsing
Jeong Sewoon,Glow,1차_Version_Name_Parsing
Jeong Sewoon,Margins,1차_Version_Name_Parsing
Jeong Sewoon,Minus,1차_Version_Name_Parsing
Jeong Sewoon,Noise,1차_Version_Name_Parsing
Jeong Sewoon,In,1차_Version_Name_Parsing
Jeong Sewoon,Out,1차_Version_Name_Parsing
Jeong Sewoon,Zero,1차_Version_Name_Parsing
Jeong Sewoon,Green,1차_Version_Name_Parsing
Jeong Sewoon,Jewel,1차_Version_Name_Parsing
Jeong Sewoon,Case,1차_Version_Name_Parsing
Jeong Sewoon,Day,1차_Version_Name_Parsing
Jewelry,Casette,1차_Version_Name_Parsing
Jewelry,Jewel,1차_Version_Name_Parsing
Jewelry,Case,1차_Version_Name_Parsing
JI BLUE,Whirlwind,1차_Version_Name_Parsing
JI BLUE,Rihito,1차_Version_Name_Parsing
JI BLUE,Ruki,1차_Version_Name_Parsing
JI BLUE,Cheers,1차_Version_Name_Parsing
JI BLUE,Junki,1차_Version_Name_Parsing
JI BLUE,Hiroto,1차_Version_Name_Parsing
JI BLUE,Sky,1차_Version_Name_Parsing
JI BLUE,Yudai,1차_Version_Name_Parsing
JI BLUE,Sho,1차_Version_Name_Parsing
JI BLUE,Fc,1차_Version_Name_Parsing
JI BLUE,Keigo,1차_Version_Name_Parsing
JI BLUE,Shogo,1차_Version_Name_Parsing
JI BLUE,Hiromu,1차_Version_Name_Parsing
JI BLUE,Takumi,1차_Version_Name_Parsing
JI BLUE,Shippu,1차_Version_Name_Parsing
JI BLUE,Joyful,1차_Version_Name_Parsing
JI BLUE,Takeru,1차_Version_Name_Parsing
Jini,Plve,1차_Version_Name_Parsing
Jini,Iron,1차_Version_Name_Parsing
Jini,Glove,1차_Version_Name_Parsing
Jini,Velvet,1차_Version_Name_Parsing
Jini,Hand,1차_Version_Name_Parsing
Jo Yuri,Andante,1차_Version_Name_Parsing
Jo Yuri,Outside,1차_Version_Name_Parsing
Jo Yuri,Time,1차_Version_Name_Parsing
Jo Yuri,Pull,1차_Version_Name_Parsing
Jo Yuri,Main,1차_Version_Name_Parsing
Jo Yuri,Push,1차_Version_Name_Parsing
Jo Yuri,Jewel,1차_Version_Name_Parsing
Jo Yuri,Inside,1차_Version_Name_Parsing
Jo Yuri,Case,1차_Version_Name_Parsing
Jo Yuri,Allegro,1차_Version_Name_Parsing
Jo Yuri,Now,1차_Version_Name_Parsing
JO1,Syoya,1차_Version_Name_Parsing
JO1,Ruki,1차_Version_Name_Parsing
JO1,Shosei,1차_Version_Name_Parsing
JO1,Red,1차_Version_Name_Parsing
JO1,Mame,1차_Version_Name_Parsing
JO1,Green,1차_Version_Name_Parsing
JO1,Blue,1차_Version_Name_Parsing
JO1,Sky,1차_Version_Name_Parsing
JO1,Sho,1차_Version_Name_Parsing
JO1,Keigo,1차_Version_Name_Parsing
JO1,Takumi,1차_Version_Name_Parsing
JO1,Jo,1차_Version_Name_Parsing
Jueun,Breezy,1차_Version_Name_Parsing
Jueun,Easy,1차_Version_Name_Parsing
JustB,Full,1차_Version_Name_Parsing
JustB,Pocaalbum,1차_Version_Name_Parsing
JustB,Grey,1차_Version_Name_Parsing
JustB,Green,1차_Version_Name_Parsing
JustB,Blue,1차_Version_Name_Parsing
JustB,Similar,1차_Version_Name_Parsing
JustB,Light,1차_Version_Name_Parsing
JustB,Equal,1차_Version_Name_Parsing
JustB,Nemo,1차_Version_Name_Parsing
JustB,Pink,1차_Version_Name_Parsing
Kandis,Platform,1차_Version_Name_Parsing
KANGDANIEL,Repackage,1차_Version_Name_Parsing
KANGDANIEL,Glow,1차_Version_Name_Parsing
KANGDANIEL,Mini,1차_Version_Name_Parsing
KANGDANIEL,Plot,1차_Version_Name_Parsing
KANGDANIEL,Pocaalbum,1차_Version_Name_Parsing
KANGDANIEL,Pvc,1차_Version_Name_Parsing
KANGDANIEL,Haze,1차_Version_Name_Parsing
KANGDANIEL,Non,1차_Version_Name_Parsing
KANGDANIEL,Jewel,1차_Version_Name_Parsing
KANGDANIEL,Keyring,1차_Version_Name_Parsing
KANGDANIEL,Arch,1차_Version_Name_Parsing
KANGDANIEL,Case,1차_Version_Name_Parsing
KANGDANIEL,Pouch,1차_Version_Name_Parsing
KANGDANIEL,On,1차_Version_Name_Parsing
KANGDANIEL,Anti,1차_Version_Name_Parsing
KANGDANIEL,Off,1차_Version_Name_Parsing
KANGDANIEL,Platform,1차_Version_Name_Parsing
KANGTA,Culture,1차_Version_Name_Parsing
KANGTA,Cassette,1차_Version_Name_Parsing
KANGTA,Future,1차_Version_Name_Parsing
KANGTA,Family,1차_Version_Name_Parsing
KANGTA,Smtown,1차_Version_Name_Parsing
KANGTA,Kangta,1차_Version_Name_Parsing
KANGTA,Guest,1차_Version_Name_Parsing
KANGTA,Tape,1차_Version_Name_Parsing
KARA,Nicole,1차_Version_Name_Parsing
KARA,Ray,1차_Version_Name_Parsing
KARA,Hara,1차_Version_Name_Parsing
KARA,Goods,1차_Version_Name_Parsing
KARA,Jiyoung,1차_Version_Name_Parsing
KARA,Japan,1차_Version_Name_Parsing
KARA,Onlg,1차_Version_Name_Parsing
KARA,Gyuri,1차_Version_Name_Parsing
KARA,Jewel,1차_Version_Name_Parsing
KARA,Tour,1차_Version_Name_Parsing
KARA,Case,1차_Version_Name_Parsing
KARA,Blu,1차_Version_Name_Parsing
KARA,Seungyeon,1차_Version_Name_Parsing
KARD,Red,1차_Version_Name_Parsing
KARD,Part,1차_Version_Name_Parsing
KARD,Album,1차_Version_Name_Parsing
KARD,Wind,1차_Version_Name_Parsing
KARD,Moon,1차_Version_Name_Parsing
KARD,Way,1차_Version_Name_Parsing
KARD,To,1차_Version_Name_Parsing
KARD,Now,1차_Version_Name_Parsing
KARD,Hola,1차_Version_Name_Parsing
KARD,Yellow,1차_Version_Name_Parsing
KARD,Re,1차_Version_Name_Parsing
KARD,Where,1차_Version_Name_Parsing
KARD,Me,1차_Version_Name_Parsing
KARD,Light,1차_Version_Name_Parsing
KARD,Ride,1차_Version_Name_Parsing
KARD,With,1차_Version_Name_Parsing
KARD,On,1차_Version_Name_Parsing
KARD,Words,1차_Version_Name_Parsing
KARD,You,1차_Version_Name_Parsing
KARD,Poca,1차_Version_Name_Parsing
KARD,The,1차_Version_Name_Parsing
KATSEYE,Aquamarine,1차_Version_Name_Parsing
KATSEYE,Neon,1차_Version_Name_Parsing
KATSEYE,Hot,1차_Version_Name_Parsing
KATSEYE,Spotify,1차_Version_Name_Parsing
KATSEYE,Gnarly,1차_Version_Name_Parsing
KATSEYE,Desert,1차_Version_Name_Parsing
KATSEYE,Cut,1차_Version_Name_Parsing
KATSEYE,Urban,1차_Version_Name_Parsing
KATSEYE,Topic,1차_Version_Name_Parsing
KATSEYE,Precious,1차_Version_Name_Parsing
KATSEYE,Salmon,1차_Version_Name_Parsing
KATSEYE,Day,1차_Version_Name_Parsing
KATSEYE,Single,1차_Version_Name_Parsing
KATSEYE,Daniela,1차_Version_Name_Parsing
KATSEYE,Lara,1차_Version_Name_Parsing
KATSEYE,Rose,1차_Version_Name_Parsing
KATSEYE,Pomegranate,1차_Version_Name_Parsing
KATSEYE,Tangerine,1차_Version_Name_Parsing
KATSEYE,World,1차_Version_Name_Parsing
KATSEYE,Baby,1차_Version_Name_Parsing
KATSEYE,Official,1차_Version_Name_Parsing
KATSEYE,Outfitters,1차_Version_Name_Parsing
KATSEYE,Indie,1차_Version_Name_Parsing
KATSEYE,Wild,1차_Version_Name_Parsing
KATSEYE,Sunflower,1차_Version_Name_Parsing
KATSEYE,Store,1차_Version_Name_Parsing
KATSEYE,Blue,1차_Version_Name_Parsing
KATSEYE,Record,1차_Version_Name_Parsing
KATSEYE,Walmart,1차_Version_Name_Parsing
KATSEYE,Touch,1차_Version_Name_Parsing
KATSEYE,Crimson,1차_Version_Name_Parsing
KATSEYE,Blizzard,1차_Version_Name_Parsing
KATSEYE,Gabriela,1차_Version_Name_Parsing
KATSEYE,Yoonchae,1차_Version_Name_Parsing
KATSEYE,Die,1차_Version_Name_Parsing
KATSEYE,Heart,1차_Version_Name_Parsing
KATSEYE,Jade,1차_Version_Name_Parsing
KATSEYE,Target,1차_Version_Name_Parsing
KATSEYE,Megan,1차_Version_Name_Parsing
KATSEYE,Purple,1차_Version_Name_Parsing
KATSEYE,Sophia,1차_Version_Name_Parsing
KAVE,Out,1차_Version_Name_Parsing
KAVE,Acting,1차_Version_Name_Parsing
KENTA・SANGGYUN,Dazed,1차_Version_Name_Parsing
KENTA・SANGGYUN,By,1차_Version_Name_Parsing
KENTA・SANGGYUN,Night,1차_Version_Name_Parsing
KENTA・SANGGYUN,Awake,1차_Version_Name_Parsing
KENTA・SANGGYUN,Emerald,1차_Version_Name_Parsing
KENTA・SANGGYUN,Chapter,1차_Version_Name_Parsing
KENTA・SANGGYUN,Ruby,1차_Version_Name_Parsing
KENTA・SANGGYUN,Day,1차_Version_Name_Parsing
Kep1er,Usa,1차_Version_Name_Parsing
Kep1er,Chaehyun,1차_Version_Name_Parsing
Kep1er,Md,1차_Version_Name_Parsing
Kep1er,Xiaoting,1차_Version_Name_Parsing
Kep1er,Dayeon,1차_Version_Name_Parsing
Kep1er,Mashiro,1차_Version_Name_Parsing
Kep1er,Poca,1차_Version_Name_Parsing
Kep1er,Pocaalbum,1차_Version_Name_Parsing
Kep1er,Locked,1차_Version_Name_Parsing
Kep1er,Hikaru,1차_Version_Name_Parsing
Kep1er,Unlocked,1차_Version_Name_Parsing
Kep1er,Album,1차_Version_Name_Parsing
Kep1er,Huening,1차_Version_Name_Parsing
Kep1er,Bahiyyih,1차_Version_Name_Parsing
Kep1er,Youngeun,1차_Version_Name_Parsing
Kep1er,Yujin,1차_Version_Name_Parsing
Kep1er,Yeseo,1차_Version_Name_Parsing
Kep1er,Platform,1차_Version_Name_Parsing
Key,Archive,1차_Version_Name_Parsing
Key,Chapter,1차_Version_Name_Parsing
Key,Invitation,1차_Version_Name_Parsing
Key,Work,1차_Version_Name_Parsing
Key,Qr,1차_Version_Name_Parsing
Key,Dynamic,1차_Version_Name_Parsing
Key,Monument,1차_Version_Name_Parsing
Key,Freaky,1차_Version_Name_Parsing
Key,Cube,1차_Version_Name_Parsing
Key,Id,1차_Version_Name_Parsing
Key,Neat,1차_Version_Name_Parsing
Key,Report,1차_Version_Name_Parsing
Key,Booklet,1차_Version_Name_Parsing
Key,Floppy,1차_Version_Name_Parsing
Key,Smini,1차_Version_Name_Parsing
Key,Talisman,1차_Version_Name_Parsing
Key,Card,1차_Version_Name_Parsing
Key,Vhs,1차_Version_Name_Parsing
Key,Tarot,1차_Version_Name_Parsing
Key,Letter,1차_Version_Name_Parsing
Key,Kihno,1차_Version_Name_Parsing
Key,The,1차_Version_Name_Parsing
Key,Occult,1차_Version_Name_Parsing
Key,Unrealistic,1차_Version_Name_Parsing
Keyvitup,Legendary,1차_Version_Name_Parsing
Keyvitup,One,1차_Version_Name_Parsing
Keyvitup,Best,1차_Version_Name_Parsing
Keyvitup,Keyvitup,1차_Version_Name_Parsing
KickFlip,Love,1차_Version_Name_Parsing
KickFlip,My,1차_Version_Name_Parsing
KickFlip,Training,1차_Version_Name_Parsing
KickFlip,Quest,1차_Version_Name_Parsing
KickFlip,Trainee,1차_Version_Name_Parsing
KickFlip,Umm,1차_Version_Name_Parsing
KickFlip,After,1차_Version_Name_Parsing
KickFlip,Make,1차_Version_Name_Parsing
KickFlip,Donghyeon,1차_Version_Name_Parsing
KickFlip,Great,1차_Version_Name_Parsing
KickFlip,Donghwa,1차_Version_Name_Parsing
KickFlip,Kyehoon,1차_Version_Name_Parsing
KickFlip,Break,1차_Version_Name_Parsing
KickFlip,Cabinet,1차_Version_Name_Parsing
KickFlip,Keiju,1차_Version_Name_Parsing
KickFlip,Minje,1차_Version_Name_Parsing
KickFlip,Time,1차_Version_Name_Parsing
KickFlip,Nemo,1차_Version_Name_Parsing
KickFlip,Wish,1차_Version_Name_Parsing
KickFlip,Vers,1차_Version_Name_Parsing
KickFlip,Gym,1차_Version_Name_Parsing
KickFlip,Juwang,1차_Version_Name_Parsing
KickFlip,Crush,1차_Version_Name_Parsing
KickFlip,Song,1차_Version_Name_Parsing
KickFlip,Trip,1차_Version_Name_Parsing
KickFlip,School,1차_Version_Name_Parsing
KickFlip,Heart,1차_Version_Name_Parsing
KickFlip,Room,1차_Version_Name_Parsing
KickFlip,Platform,1차_Version_Name_Parsing
KickFlip,Class,1차_Version_Name_Parsing
KiiiKiii,Amenities,1차_Version_Name_Parsing
KiiiKiii,Digging,1차_Version_Name_Parsing
KiiiKiii,Haum,1차_Version_Name_Parsing
KiiiKiii,Calendar,1차_Version_Name_Parsing
KiiiKiii,Issue,1차_Version_Name_Parsing
KiiiKiii,Souvenir,1차_Version_Name_Parsing
KiiiKiii,Groundwork,1차_Version_Name_Parsing
KiiiKiii,Summer,1차_Version_Name_Parsing
KiiiKiii,Bubble,1차_Version_Name_Parsing
KiiiKiii,Gem,1차_Version_Name_Parsing
KiiiKiii,Sui,1차_Version_Name_Parsing
KiiiKiii,Crystal,1차_Version_Name_Parsing
KiiiKiii,Ball,1차_Version_Name_Parsing
KiiiKiii,Jiyu,1차_Version_Name_Parsing
KiiiKiii,Uncut,1차_Version_Name_Parsing
KiiiKiii,Book,1차_Version_Name_Parsing
KiiiKiii,Snapshot,1차_Version_Name_Parsing
KiiiKiii,Headphone,1차_Version_Name_Parsing
KiiiKiii,Guide,1차_Version_Name_Parsing
Kiiras,Harin,1차_Version_Name_Parsing
Kiiras,Ace,1차_Version_Name_Parsing
Kiiras,Lingling,1차_Version_Name_Parsing
Kiiras,Kylie,1차_Version_Name_Parsing
Kiiras,Poca,1차_Version_Name_Parsing
Kiiras,Joker,1차_Version_Name_Parsing
Kiiras,Kurumi,1차_Version_Name_Parsing
Kiiras,Roah,1차_Version_Name_Parsing
Kiiras,Doyeon,1차_Version_Name_Parsing
Kiiras,Ever,1차_Version_Name_Parsing
Kik5o,Plve,1차_Version_Name_Parsing
Kik5o x AleXa,Plve,1차_Version_Name_Parsing
Kim Jae-joong,Beige,1차_Version_Name_Parsing
Kim Jae-joong,Kiwee,1차_Version_Name_Parsing
Kim Jae-joong,Vintage,1차_Version_Name_Parsing
Kim Jae-joong,Kit,1차_Version_Name_Parsing
Kim Jae-joong,Collapse,1차_Version_Name_Parsing
Kim Jae-joong,Album,1차_Version_Name_Parsing
Kim Jae-joong,Gene,1차_Version_Name_Parsing
Kim Jae-joong,Classic,1차_Version_Name_Parsing
Kim Jae-joong,Fc,1차_Version_Name_Parsing
Kim Jae-joong,Nemo,1차_Version_Name_Parsing
Kim Jae-joong,Type,1차_Version_Name_Parsing
Kim Jae-joong,Purple,1차_Version_Name_Parsing
Kim Jae-joong,Ever,1차_Version_Name_Parsing
Kim Jaehwan,Agit,1차_Version_Name_Parsing
Kim Jaehwan,Ing,1차_Version_Name_Parsing
Kim Jaehwan,Backstage,1차_Version_Name_Parsing
Kim Jaehwan,Platform,1차_Version_Name_Parsing
Kim Jaehwan,Poca,1차_Version_Name_Parsing
Kim Jaehwan,Classy,1차_Version_Name_Parsing
Kim Jaehwan,Ed,1차_Version_Name_Parsing
Kim Jaehwan,Night,1차_Version_Name_Parsing
Kim Jaehwan,Kit,1차_Version_Name_Parsing
Kim Jaehwan,Pure,1차_Version_Name_Parsing
Kim Jaehwan,Stage,1차_Version_Name_Parsing
Kim Jaehwan,Day,1차_Version_Name_Parsing
Kim Ji-yeon,And,1차_Version_Name_Parsing
Kim Ji-yeon,Over,1차_Version_Name_Parsing
Kim Ji-yeon,Kei,1차_Version_Name_Parsing
Kim Se-jeong,Lock,1차_Version_Name_Parsing
Kim Se-jeong,Chamber,1차_Version_Name_Parsing
Kim Se-jeong,Key,1차_Version_Name_Parsing
Kim Se-jeong,Atelier,1차_Version_Name_Parsing
Kim Seri,Promo,1차_Version_Name_Parsing
Kim Seri,Album,1차_Version_Name_Parsing
Kim Woojin,On,1차_Version_Name_Parsing
Kim Woojin,Stage,1차_Version_Name_Parsing
Kim Woojin,Off,1차_Version_Name_Parsing
Kim Wooseok,Cream,1차_Version_Name_Parsing
Kim Wooseok,Poca,1차_Version_Name_Parsing
Kim Wooseok,Bobbidi,1차_Version_Name_Parsing
Kim Wooseok,Bibbidi,1차_Version_Name_Parsing
Kim Wooseok,Dive,1차_Version_Name_Parsing
Kim Wooseok,Dice,1차_Version_Name_Parsing
Kim Wooseok,Cookie,1차_Version_Name_Parsing
KISS OF LIFE,Seek,1차_Version_Name_Parsing
KISS OF LIFE,Heat,1차_Version_Name_Parsing
KISS OF LIFE,Keychain,1차_Version_Name_Parsing
KISS OF LIFE,Belle,1차_Version_Name_Parsing
KISS OF LIFE,Julie,1차_Version_Name_Parsing
KISS OF LIFE,Burn,1차_Version_Name_Parsing
KISS OF LIFE,Magazine,1차_Version_Name_Parsing
KISS OF LIFE,Who,1차_Version_Name_Parsing
KISS OF LIFE,Awe,1차_Version_Name_Parsing
KISS OF LIFE,Pocaalbum,1차_Version_Name_Parsing
KISS OF LIFE,Kit,1차_Version_Name_Parsing
KISS OF LIFE,Cms,1차_Version_Name_Parsing
KISS OF LIFE,Natty,1차_Version_Name_Parsing
KISS OF LIFE,Album,1차_Version_Name_Parsing
KISS OF LIFE,Haneul,1차_Version_Name_Parsing
KISS OF LIFE,Jewel,1차_Version_Name_Parsing
KISS OF LIFE,Type,1차_Version_Name_Parsing
KNK,Card,1차_Version_Name_Parsing
KNK,Off,1차_Version_Name_Parsing
KNK,Kihno,1차_Version_Name_Parsing
KNK,Taiwan,1차_Version_Name_Parsing
KPop Demon Hunters,Zoetrope,1차_Version_Name_Parsing
KPop Demon Hunters,Derpy,1차_Version_Name_Parsing
KPop Demon Hunters,Neon,1차_Version_Name_Parsing
KPop Demon Hunters,How,1차_Version_Name_Parsing
KPop Demon Hunters,In,1차_Version_Name_Parsing
KPop Demon Hunters,Sodalite,1차_Version_Name_Parsing
KPop Demon Hunters,Smokey,1차_Version_Name_Parsing
KPop Demon Hunters,Haze,1차_Version_Name_Parsing
KPop Demon Hunters,Sounds,1차_Version_Name_Parsing
KPop Demon Hunters,Rsd,1차_Version_Name_Parsing
KPop Demon Hunters,Pink,1차_Version_Name_Parsing
KPop Demon Hunters,Anniversary,1차_Version_Name_Parsing
KPop Demon Hunters,Soundtrack,1차_Version_Name_Parsing
KPop Demon Hunters,Idol,1차_Version_Name_Parsing
KPop Demon Hunters,Fuchsia,1차_Version_Name_Parsing
KPop Demon Hunters,Golden,1차_Version_Name_Parsing
KPop Demon Hunters,Honmoon,1차_Version_Name_Parsing
KPop Demon Hunters,Rough,1차_Version_Name_Parsing
KPop Demon Hunters,Trade,1차_Version_Name_Parsing
KPop Demon Hunters,Like,1차_Version_Name_Parsing
KPop Demon Hunters,Glow,1차_Version_Name_Parsing
KPop Demon Hunters,Your,1차_Version_Name_Parsing
KPop Demon Hunters,Blue,1차_Version_Name_Parsing
KPop Demon Hunters,Soda,1차_Version_Name_Parsing
KPop Demon Hunters,Huntr,1차_Version_Name_Parsing
KPop Demon Hunters,It,1차_Version_Name_Parsing
KPop Demon Hunters,Dark,1차_Version_Name_Parsing
KPop Demon Hunters,Saja,1차_Version_Name_Parsing
KPop Demon Hunters,Boys,1차_Version_Name_Parsing
KPop Demon Hunters,Its,1차_Version_Name_Parsing
KPop Demon Hunters,Pop,1차_Version_Name_Parsing
KPop Demon Hunters,Done,1차_Version_Name_Parsing
KPop Demon Hunters,Hmv,1차_Version_Name_Parsing
KPop Demon Hunters,Shining,1차_Version_Name_Parsing
KPop Demon Hunters,Target,1차_Version_Name_Parsing
KPop Demon Hunters,The,1차_Version_Name_Parsing
KPop Demon Hunters,Sussie,1차_Version_Name_Parsing
KPop Demon Hunters,Splatter,1차_Version_Name_Parsing
KPop Demon Hunters,Tiny,1차_Version_Name_Parsing
KPop Demon Hunters,What,1차_Version_Name_Parsing
Kwon Eunbi,Out,1차_Version_Name_Parsing
Kwon Eunbi,In,1차_Version_Name_Parsing
Kwon Eunbi,Poca,1차_Version_Name_Parsing
LABOUM,Type,1차_Version_Name_Parsing
Ladies’ Code,Promo,1차_Version_Name_Parsing
LAPILLUS,Album,1차_Version_Name_Parsing
LAPILLUS,Promotion,1차_Version_Name_Parsing
LAPILLUS,Platform,1차_Version_Name_Parsing
Latency,Sleeve,1차_Version_Name_Parsing
Latency,Postcard,1차_Version_Name_Parsing
LE SSERAFIM,Innocent,1차_Version_Name_Parsing
LE SSERAFIM,Clean,1차_Version_Name_Parsing
LE SSERAFIM,Hot,1차_Version_Name_Parsing
LE SSERAFIM,Orchid,1차_Version_Name_Parsing
LE SSERAFIM,Absolute,1차_Version_Name_Parsing
LE SSERAFIM,Red,1차_Version_Name_Parsing
LE SSERAFIM,Green,1차_Version_Name_Parsing
LE SSERAFIM,Clear,1차_Version_Name_Parsing
LE SSERAFIM,Pristine,1차_Version_Name_Parsing
LE SSERAFIM,Transparent,1차_Version_Name_Parsing
LE SSERAFIM,Unit,1차_Version_Name_Parsing
LE SSERAFIM,Pink,1차_Version_Name_Parsing
LE SSERAFIM,Single,1차_Version_Name_Parsing
LE SSERAFIM,Eunchae,1차_Version_Name_Parsing
LE SSERAFIM,Yellow,1차_Version_Name_Parsing
LE SSERAFIM,Crystal,1차_Version_Name_Parsing
LE SSERAFIM,Blue,1차_Version_Name_Parsing
LE SSERAFIM,Unforgiven,1차_Version_Name_Parsing
LE SSERAFIM,Kazuha,1차_Version_Name_Parsing
LE SSERAFIM,Glitter,1차_Version_Name_Parsing
LE SSERAFIM,Aqua,1차_Version_Name_Parsing
LE SSERAFIM,Cassette,1차_Version_Name_Parsing
LE SSERAFIM,Fearless,1차_Version_Name_Parsing
LE SSERAFIM,Wave,1차_Version_Name_Parsing
LE SSERAFIM,Silver,1차_Version_Name_Parsing
LE SSERAFIM,Antifragile,1차_Version_Name_Parsing
LE SSERAFIM,Group,1차_Version_Name_Parsing
LE SSERAFIM,Target,1차_Version_Name_Parsing
LE SSERAFIM,Easy,1차_Version_Name_Parsing
LE SSERAFIM,Electric,1차_Version_Name_Parsing
LE SSERAFIM,Turquoise,1차_Version_Name_Parsing
LE SSERAFIM,Crazy,1차_Version_Name_Parsing
Lee Chaeyeon,Md,1차_Version_Name_Parsing
Lee Chaeyeon,Jump,1차_Version_Name_Parsing
Lee Chaeyeon,Book,1차_Version_Name_Parsing
Lee Chaeyeon,Warm,1차_Version_Name_Parsing
Lee Chaeyeon,Poca,1차_Version_Name_Parsing
Lee Chaeyeon,Up,1차_Version_Name_Parsing
Lee Chaeyeon,Night,1차_Version_Name_Parsing
Lee Chaeyeon,Archive,1차_Version_Name_Parsing
Lee Chaeyeon,Kit,1차_Version_Name_Parsing
Lee Chaeyeon,Vampire,1차_Version_Name_Parsing
Lee Chaeyeon,Bag,1차_Version_Name_Parsing
Lee Chaeyeon,Play,1차_Version_Name_Parsing
Lee Chaeyeon,Spin,1차_Version_Name_Parsing
Lee Chaeyeon,Step,1차_Version_Name_Parsing
Lee Chaeyeon,Influencer,1차_Version_Name_Parsing
Lee Chaeyeon,Off,1차_Version_Name_Parsing
Lee Chaeyeon,Reusable,1차_Version_Name_Parsing
Lee Chaeyeon,Day,1차_Version_Name_Parsing
Lee Dahye,Platform,1차_Version_Name_Parsing
Lee Hi,Album,1차_Version_Name_Parsing
Lee Hyori,Holographic,1차_Version_Name_Parsing
Lee Jiyeon,Jewel,1차_Version_Name_Parsing
Lee Jiyeon,Case,1차_Version_Name_Parsing
Lee Junghyun,Sleeve,1차_Version_Name_Parsing
Lee Junghyun,Cassette,1차_Version_Name_Parsing
Lee Junghyun,Jewel,1차_Version_Name_Parsing
Lee Junghyun,Case,1차_Version_Name_Parsing
Lee Sujeong,Name,1차_Version_Name_Parsing
Lee Sujeong,My,1차_Version_Name_Parsing
Lee Youngji,Card,1차_Version_Name_Parsing
Lee Youngji,Plve,1차_Version_Name_Parsing
Lee Youngji,Jewel,1차_Version_Name_Parsing
Lee Youngji,Keyring,1차_Version_Name_Parsing
LIGHTSUM,Class,1차_Version_Name_Parsing
LIGHTSUM,Light,1차_Version_Name_Parsing
LIGHTSUM,Spice,1차_Version_Name_Parsing
LIGHTSUM,The,1차_Version_Name_Parsing
LIGHTSUM,Team,1차_Version_Name_Parsing
LIGHTSUM,Wish,1차_Version_Name_Parsing
LIGHTSUM,Honey,1차_Version_Name_Parsing
Lim Youngmin,Out,1차_Version_Name_Parsing
Lim Youngmin,In,1차_Version_Name_Parsing
Lim Youngmin,Poca,1차_Version_Name_Parsing
Lim Youngmin,Sad,1차_Version_Name_Parsing
Lim Youngmin,Bad,1차_Version_Name_Parsing
LNGSHOT,Magazine,1차_Version_Name_Parsing
LNGSHOT,Woojin,1차_Version_Name_Parsing
LNGSHOT,Ryul,1차_Version_Name_Parsing
LNGSHOT,Louis,1차_Version_Name_Parsing
LNGSHOT,Ohyul,1차_Version_Name_Parsing
LNGSHOT,Character,1차_Version_Name_Parsing
LOONA,Go,1차_Version_Name_Parsing
LOONA,Fanclub,1차_Version_Name_Parsing
LOONA,Heejin,1차_Version_Name_Parsing
LOONA,Vivi,1차_Version_Name_Parsing
LOONA,Haseul,1차_Version_Name_Parsing
LOONA,Kim,1차_Version_Name_Parsing
LOONA,Won,1차_Version_Name_Parsing
LOONA,Hyunjin,1차_Version_Name_Parsing
LOONA,Jinsoul,1차_Version_Name_Parsing
LOONA,Yves,1차_Version_Name_Parsing
LOONA,Yeojin,1차_Version_Name_Parsing
LOONA,Choerry,1차_Version_Name_Parsing
LOONA,Hye,1차_Version_Name_Parsing
LOONA,Olivia,1차_Version_Name_Parsing
LOONA,Lip,1차_Version_Name_Parsing
Loossemble,Go,1차_Version_Name_Parsing
Loossemble,Love,1차_Version_Name_Parsing
Loossemble,Vivi,1차_Version_Name_Parsing
Loossemble,Wish,1차_Version_Name_Parsing
Loossemble,Space,1차_Version_Name_Parsing
Loossemble,Won,1차_Version_Name_Parsing
Loossemble,Yeojin,1차_Version_Name_Parsing
Loossemble,Hyunjin,1차_Version_Name_Parsing
Loossemble,Night,1차_Version_Name_Parsing
Loossemble,Day,1차_Version_Name_Parsing
Loossemble,Album,1차_Version_Name_Parsing
Loossemble,Music,1차_Version_Name_Parsing
Loossemble,Fantasy,1차_Version_Name_Parsing
Loossemble,Hyeju,1차_Version_Name_Parsing
Loossemble,Dream,1차_Version_Name_Parsing
Loossemble,Dawn,1차_Version_Name_Parsing
Loossemble,Rizz,1차_Version_Name_Parsing
Loossemble,Ever,1차_Version_Name_Parsing
Lovelyz,Mijoo,1차_Version_Name_Parsing
Lovelyz,In,1차_Version_Name_Parsing
Lovelyz,Yein,1차_Version_Name_Parsing
Lovelyz,Jin,1차_Version_Name_Parsing
Lovelyz,Now,1차_Version_Name_Parsing
Lovelyz,Fall,1차_Version_Name_Parsing
Lovelyz,Hi,1차_Version_Name_Parsing
Lovelyz,Kei,1차_Version_Name_Parsing
Lovelyz,Ready,1차_Version_Name_Parsing
Lovelyz,Gift,1차_Version_Name_Parsing
Lovelyz,Baby,1차_Version_Name_Parsing
Lovelyz,Heal,1차_Version_Name_Parsing
Lovelyz,Sujeong,1차_Version_Name_Parsing
Lovelyz,Lovelyz,1차_Version_Name_Parsing
Lovelyz,We,1차_Version_Name_Parsing
Lovelyz,Box,1차_Version_Name_Parsing
Lovelyz,Jiae,1차_Version_Name_Parsing
Lovelyz,Soul,1차_Version_Name_Parsing
Lovelyz,Trilogy,1차_Version_Name_Parsing
Lovelyz,Group,1차_Version_Name_Parsing
Lovelyz,Lovelinus,1차_Version_Name_Parsing
Lovelyz,Jisoo,1차_Version_Name_Parsing
LOVEONE,Coaster,1차_Version_Name_Parsing
LOVEONE,Mini,1차_Version_Name_Parsing
LOVEONE,Red,1차_Version_Name_Parsing
LOVEONE,Pack,1차_Version_Name_Parsing
LOVEONE,Pink,1차_Version_Name_Parsing
LUCY,Full,1차_Version_Name_Parsing
LUCY,Childish,1차_Version_Name_Parsing
LUCY,Nemo,1차_Version_Name_Parsing
LUCY,Island,1차_Version_Name_Parsing
LUN8,Scope,1차_Version_Name_Parsing
LUN8,Junwoo,1차_Version_Name_Parsing
LUN8,Vision,1차_Version_Name_Parsing
LUN8,Time,1차_Version_Name_Parsing
LUN8,Nerd,1차_Version_Name_Parsing
LUN8,Plve,1차_Version_Name_Parsing
LUN8,Jinsu,1차_Version_Name_Parsing
LUN8,Suncatcher,1차_Version_Name_Parsing
LUN8,Chael,1차_Version_Name_Parsing
LUN8,Light,1차_Version_Name_Parsing
LUN8,Nemo,1차_Version_Name_Parsing
LUN8,Ian,1차_Version_Name_Parsing
LUN8,Capsule,1차_Version_Name_Parsing
LUN8,Day,1차_Version_Name_Parsing
LUN8,Takuma,1차_Version_Name_Parsing
M.O.N.T,Kit,1차_Version_Name_Parsing
M.O.N.T,Date,1차_Version_Name_Parsing
M.O.N.T,Team,1차_Version_Name_Parsing
MADEIN,Nagomi,1차_Version_Name_Parsing
MADEIN,Miu,1차_Version_Name_Parsing
MADEIN,Burn,1차_Version_Name_Parsing
MADEIN,Platform,1차_Version_Name_Parsing
MADEIN,Mashiro,1차_Version_Name_Parsing
MADEIN,Suhye,1차_Version_Name_Parsing
MADEIN,Madein,1차_Version_Name_Parsing
MADEIN,Between,1차_Version_Name_Parsing
MADEIN,Serina,1차_Version_Name_Parsing
MADEIN,Keyring,1차_Version_Name_Parsing
MADEIN,From,1차_Version_Name_Parsing
MADEIN,Gaeun,1차_Version_Name_Parsing
MADEIN,Nemo,1차_Version_Name_Parsing
MADEIN,Prom,1차_Version_Name_Parsing
MADEIN,Fade,1차_Version_Name_Parsing
MADEIN,Ever,1차_Version_Name_Parsing
MAMAMOO,Flowers,1차_Version_Name_Parsing
MAMAMOO,Kinho,1차_Version_Name_Parsing
MAMAMOO,Prelude,1차_Version_Name_Parsing
MAMAMOO,Moonbyul,1차_Version_Name_Parsing
MAMAMOO,Poca,1차_Version_Name_Parsing
MAMAMOO,Memories,1차_Version_Name_Parsing
MAMAMOO,Silence,1차_Version_Name_Parsing
MAMAMOO,Kihno,1차_Version_Name_Parsing
MAMAMOO,Kit,1차_Version_Name_Parsing
MAMAMOO,Postlude,1차_Version_Name_Parsing
MAMAMOO,Hwasa,1차_Version_Name_Parsing
MAMAMOO,Wheein,1차_Version_Name_Parsing
MARMELLO,Promo,1차_Version_Name_Parsing
MARMELLO,Album,1차_Version_Name_Parsing
MAVE:,Platform,1차_Version_Name_Parsing
Maywish,Promo,1차_Version_Name_Parsing
Maywish,Album,1차_Version_Name_Parsing
MBLAQ,Korean,1차_Version_Name_Parsing
MBLAQ,Japanese,1차_Version_Name_Parsing
MBLAQ,Japan,1차_Version_Name_Parsing
MBLAQ,Type,1차_Version_Name_Parsing
MBLAQ,Jewel,1차_Version_Name_Parsing
MBLAQ,Blaq,1차_Version_Name_Parsing
MBLAQ,Case,1차_Version_Name_Parsing
MCND,Reason,1차_Version_Name_Parsing
MCND,Hit,1차_Version_Name_Parsing
MCND,Full,1차_Version_Name_Parsing
MCND,Goal,1차_Version_Name_Parsing
MCND,Poca,1차_Version_Name_Parsing
MCND,Wheel,1차_Version_Name_Parsing
MCND,Earth,1차_Version_Name_Parsing
MCND,Get,1차_Version_Name_Parsing
MCND,Light,1차_Version_Name_Parsing
MCND,Bag,1차_Version_Name_Parsing
MCND,Kepler,1차_Version_Name_Parsing
MCND,Team,1차_Version_Name_Parsing
MCND,One,1차_Version_Name_Parsing
MCND,Ur,1차_Version_Name_Parsing
MCND,Platform,1차_Version_Name_Parsing
ME:I,Momona,1차_Version_Name_Parsing
ME:I,Ayane,1차_Version_Name_Parsing
ME:I,Kokona,1차_Version_Name_Parsing
ME:I,Miu,1차_Version_Name_Parsing
ME:I,Ran,1차_Version_Name_Parsing
ME:I,Shizuku,1차_Version_Name_Parsing
ME:I,Suzu,1차_Version_Name_Parsing
ME:I,Tsuzumi,1차_Version_Name_Parsing
ME:I,Cocoro,1차_Version_Name_Parsing
ME:I,Keiko,1차_Version_Name_Parsing
ME:I,Fc,1차_Version_Name_Parsing
ME:I,Rinon,1차_Version_Name_Parsing
Megamax,Pink,1차_Version_Name_Parsing
Megamax,Blue,1차_Version_Name_Parsing
MEOVV,Anna,1차_Version_Name_Parsing
MEOVV,Grill,1차_Version_Name_Parsing
MEOVV,Beast,1차_Version_Name_Parsing
MEOVV,Paw,1차_Version_Name_Parsing
MEOVV,Angel,1차_Version_Name_Parsing
MEOVV,Ella,1차_Version_Name_Parsing
MEOVV,Jelly,1차_Version_Name_Parsing
MEOVV,Promo,1차_Version_Name_Parsing
MEOVV,Sooin,1차_Version_Name_Parsing
MEOVV,Narin,1차_Version_Name_Parsing
MEOVV,Plush,1차_Version_Name_Parsing
MEOVV,Album,1차_Version_Name_Parsing
MEOVV,Meovv,1차_Version_Name_Parsing
MEOVV,Kitty,1차_Version_Name_Parsing
MEOVV,Gawon,1차_Version_Name_Parsing
MEOVV,Orb,1차_Version_Name_Parsing
Mijoo,Modern,1차_Version_Name_Parsing
Mijoo,Classic,1차_Version_Name_Parsing
MILLENNIUM,Ceramic,1차_Version_Name_Parsing
MILLENNIUM,Ring,1차_Version_Name_Parsing
MINIMANI,Kihno,1차_Version_Name_Parsing
MINIMANI,Kit,1차_Version_Name_Parsing
MIRAE,Cool,1차_Version_Name_Parsing
MIRAE,Party,1차_Version_Name_Parsing
MIRAE,Preppy,1차_Version_Name_Parsing
MIRAE,Magazine,1차_Version_Name_Parsing
MIRAE,Hot,1차_Version_Name_Parsing
MIRAE,Plve,1차_Version_Name_Parsing
MIRAE,Curious,1차_Version_Name_Parsing
MIRAE,Mvp,1차_Version_Name_Parsing
MIRAE,Academy,1차_Version_Name_Parsing
MIRAE,Drop,1차_Version_Name_Parsing
MIRAE,Drip,1차_Version_Name_Parsing
Miss A,Hush,1차_Version_Name_Parsing
Miss A,Colors,1차_Version_Name_Parsing
Miss A,Class,1차_Version_Name_Parsing
MIXX,Promo,1차_Version_Name_Parsing
MIXX,Album,1차_Version_Name_Parsing
MOBB,Mino,1차_Version_Name_Parsing
MOBB,Bobby,1차_Version_Name_Parsing
MODYSSEY,Rowan,1차_Version_Name_Parsing
MODYSSEY,Fan,1차_Version_Name_Parsing
MODYSSEY,Li,1차_Version_Name_Parsing
MODYSSEY,Suren,1차_Version_Name_Parsing
MODYSSEY,Zihao,1차_Version_Name_Parsing
MODYSSEY,Yichen,1차_Version_Name_Parsing
MODYSSEY,Zheyi,1차_Version_Name_Parsing
MODYSSEY,Modyssey,1차_Version_Name_Parsing
MODYSSEY,Hengyu,1차_Version_Name_Parsing
MODYSSEY,Lynnlynn,1차_Version_Name_Parsing
MOMOLAND,Only,1차_Version_Name_Parsing
MOMOLAND,Records,1차_Version_Name_Parsing
MOMOLAND,Tower,1차_Version_Name_Parsing
MOMOLAND,Kihno,1차_Version_Name_Parsing
MOMOLAND,Jewel,1차_Version_Name_Parsing
MOMOLAND,Case,1차_Version_Name_Parsing
MONSTA X,Love,1차_Version_Name_Parsing
MONSTA X,Building,1차_Version_Name_Parsing
MONSTA X,Joohoney,1차_Version_Name_Parsing
MONSTA X,Not,1차_Version_Name_Parsing
MONSTA X,Up,1차_Version_Name_Parsing
MONSTA X,Hyungwon,1차_Version_Name_Parsing
MONSTA X,Kihyun,1차_Version_Name_Parsing
MONSTA X,Case,1차_Version_Name_Parsing
MONSTA X,Control,1차_Version_Name_Parsing
MONSTA X,Losing,1차_Version_Name_Parsing
MONSTA X,Rose,1차_Version_Name_Parsing
MONSTA X,Journey,1차_Version_Name_Parsing
MONSTA X,Baby,1차_Version_Name_Parsing
MONSTA X,Route,1차_Version_Name_Parsing
MONSTA X,Rd,1차_Version_Name_Parsing
MONSTA X,Shownu,1차_Version_Name_Parsing
MONSTA X,Travel,1차_Version_Name_Parsing
MONSTA X,Or,1차_Version_Name_Parsing
MONSTA X,Blue,1차_Version_Name_Parsing
MONSTA X,Me,1차_Version_Name_Parsing
MONSTA X,Jewel,1차_Version_Name_Parsing
MONSTA X,Crush,1차_Version_Name_Parsing
MONSTA X,Velvet,1차_Version_Name_Parsing
MONSTA X,On,1차_Version_Name_Parsing
MONSTA X,Map,1차_Version_Name_Parsing
MONSTA X,Hello,1차_Version_Name_Parsing
MONSTA X,Md,1차_Version_Name_Parsing
MONSTA X,Minhyuk,1차_Version_Name_Parsing
MONSTA X,You,1차_Version_Name_Parsing
MONSTA X,Pop,1차_Version_Name_Parsing
MONSTA X,Kit,1차_Version_Name_Parsing
MONSTA X,The,1차_Version_Name_Parsing
MONSTA X,Tiny,1차_Version_Name_Parsing
MONSTA X,Ring,1차_Version_Name_Parsing
Moon Sujin,Jewel,1차_Version_Name_Parsing
Moon Sujin,Case,1차_Version_Name_Parsing
Moon Sujin,Super,1차_Version_Name_Parsing
Moon Sujin,Numbered,1차_Version_Name_Parsing
MUU,Kit,1차_Version_Name_Parsing
MUU,Album,1차_Version_Name_Parsing
MW:MEU,Jewel,1차_Version_Name_Parsing
N.Flying,My,1차_Version_Name_Parsing
N.Flying,Miscommunication,1차_Version_Name_Parsing
N.Flying,Outside,1차_Version_Name_Parsing
N.Flying,By,1차_Version_Name_Parsing
N.Flying,Awakened,1차_Version_Name_Parsing
N.Flying,Be,1차_Version_Name_Parsing
N.Flying,Way,1차_Version_Name_Parsing
N.Flying,Awake,1차_Version_Name_Parsing
N.Flying,Kit,1차_Version_Name_Parsing
N.Flying,Communication,1차_Version_Name_Parsing
N.Flying,Inside,1차_Version_Name_Parsing
N.Flying,From,1차_Version_Name_Parsing
N.Flying,On,1차_Version_Name_Parsing
N.Flying,To,1차_Version_Name_Parsing
n.SSign,Love,1차_Version_Name_Parsing
n.SSign,We,1차_Version_Name_Parsing
n.SSign,Nemo,1차_Version_Name_Parsing
n.SSign,Sweet,1차_Version_Name_Parsing
n.SSign,Poca,1차_Version_Name_Parsing
n.SSign,Eddie,1차_Version_Name_Parsing
n.SSign,Huiwon,1차_Version_Name_Parsing
n.SSign,Sungyun,1차_Version_Name_Parsing
n.SSign,Junhyeok,1차_Version_Name_Parsing
n.SSign,Kazuta,1차_Version_Name_Parsing
n.SSign,Laurence,1차_Version_Name_Parsing
n.SSign,Doha,1차_Version_Name_Parsing
n.SSign,Robin,1차_Version_Name_Parsing
n.SSign,Flavour,1차_Version_Name_Parsing
n.SSign,Hanjun,1차_Version_Name_Parsing
n.SSign,Abema,1차_Version_Name_Parsing
Nature,Dick,1차_Version_Name_Parsing
Nature,Over,1차_Version_Name_Parsing
Nature,Limbo,1차_Version_Name_Parsing
Nature,Girls,1차_Version_Name_Parsing
Nature,Usb,1차_Version_Name_Parsing
Nature,Thin,1차_Version_Name_Parsing
Nature,Moby,1차_Version_Name_Parsing
Nature,Show,1차_Version_Name_Parsing
Nature,Your,1차_Version_Name_Parsing
Nature,Morning,1차_Version_Name_Parsing
Nature,Come,1차_Version_Name_Parsing
Nature,Nemo,1차_Version_Name_Parsing
Nature,Moonlight,1차_Version_Name_Parsing
Nature,Color,1차_Version_Name_Parsing
Nature,Good,1차_Version_Name_Parsing
Nchive,Ve,1차_Version_Name_Parsing
Nchive,Be,1차_Version_Name_Parsing
Nchive,Ever,1차_Version_Name_Parsing
NCT,Red,1차_Version_Name_Parsing
NCT,Green,1차_Version_Name_Parsing
NCT,Pass,1차_Version_Name_Parsing
NCT,Case,1차_Version_Name_Parsing
NCT,Sungchan,1차_Version_Name_Parsing
NCT,Player,1차_Version_Name_Parsing
NCT,Kassette,1차_Version_Name_Parsing
NCT,Wayv,1차_Version_Name_Parsing
NCT,Wyld,1차_Version_Name_Parsing
NCT,Yt,1차_Version_Name_Parsing
NCT,Baseball,1차_Version_Name_Parsing
NCT,Show,1차_Version_Name_Parsing
NCT,Guest,1차_Version_Name_Parsing
NCT,Thai,1차_Version_Name_Parsing
NCT,Nfc,1차_Version_Name_Parsing
NCT,Dream,1차_Version_Name_Parsing
NCT,Nct,1차_Version_Name_Parsing
NCT,Shotaro,1차_Version_Name_Parsing
NCT,Zy,1차_Version_Name_Parsing
NCT,Masterpiece,1차_Version_Name_Parsing
NCT,Smtown,1차_Version_Name_Parsing
NCT,Blue,1차_Version_Name_Parsing
NCT,Licensed,1차_Version_Name_Parsing
NCT,Jewel,1차_Version_Name_Parsing
NCT,Rewind,1차_Version_Name_Parsing
NCT,Smini,1차_Version_Name_Parsing
NCT,Blossom,1차_Version_Name_Parsing
NCT,Zine,1차_Version_Name_Parsing
NCT,Book,1차_Version_Name_Parsing
NCT,Daytime,1차_Version_Name_Parsing
NCT,Yz,1차_Version_Name_Parsing
NCT,Trilogy,1차_Version_Name_Parsing
NCT,Talk,1차_Version_Name_Parsing
NCT 127,Haechan,1차_Version_Name_Parsing
NCT 127,Newbury,1차_Version_Name_Parsing
NCT 127,Fye,1차_Version_Name_Parsing
NCT 127,Yuta,1차_Version_Name_Parsing
NCT 127,Comics,1차_Version_Name_Parsing
NCT 127,Outfitters,1차_Version_Name_Parsing
NCT 127,Johnny,1차_Version_Name_Parsing
NCT 127,Kit,1차_Version_Name_Parsing
NCT 127,Jaehyun,1차_Version_Name_Parsing
NCT 127,Urban,1차_Version_Name_Parsing
NCT 127,Jungwoo,1차_Version_Name_Parsing
NCT 127,Doyoung,1차_Version_Name_Parsing
NCT 127,Mark,1차_Version_Name_Parsing
NCT 127,Taeyong,1차_Version_Name_Parsing
NCT DREAM,Haechan,1차_Version_Name_Parsing
NCT DREAM,Cm,1차_Version_Name_Parsing
NCT DREAM,Renjun,1차_Version_Name_Parsing
NCT DREAM,Case,1차_Version_Name_Parsing
NCT DREAM,Kihno,1차_Version_Name_Parsing
NCT DREAM,Kit,1차_Version_Name_Parsing
NCT DREAM,Muddler,1차_Version_Name_Parsing
NCT DREAM,Jewel,1차_Version_Name_Parsing
NCT DREAM,Chenle,1차_Version_Name_Parsing
NCT DREAM,Amazon,1차_Version_Name_Parsing
NCT DREAM,Barnes,1차_Version_Name_Parsing
NCT DREAM,Jisung,1차_Version_Name_Parsing
NCT DREAM,Jeno,1차_Version_Name_Parsing
NCT DREAM,Smini,1차_Version_Name_Parsing
NCT DREAM,Mark,1차_Version_Name_Parsing
NCT DREAM,Noble,1차_Version_Name_Parsing
NCT DREAM,Jaemin,1차_Version_Name_Parsing
NCT WISH,Girl,1차_Version_Name_Parsing
NCT WISH,Don,1차_Version_Name_Parsing
NCT WISH,Wichu,1차_Version_Name_Parsing
NCT WISH,Eros,1차_Version_Name_Parsing
NCT WISH,Yo,1차_Version_Name_Parsing
NCT WISH,Boy,1차_Version_Name_Parsing
NCT WISH,Case,1차_Version_Name_Parsing
NCT WISH,Jaehee,1차_Version_Name_Parsing
NCT WISH,Anteros,1차_Version_Name_Parsing
NCT WISH,Riku,1차_Version_Name_Parsing
NCT WISH,Yushi,1차_Version_Name_Parsing
NCT WISH,Meets,1차_Version_Name_Parsing
NCT WISH,Ryo,1차_Version_Name_Parsing
NCT WISH,Jewel,1차_Version_Name_Parsing
NCT WISH,Sion,1차_Version_Name_Parsing
NCT WISH,Smini,1차_Version_Name_Parsing
NCT WISH,Sakuya,1차_Version_Name_Parsing
NCT WISH,Group,1차_Version_Name_Parsing
NCT WISH,Big,1차_Version_Name_Parsing
NEWBEAT,Devil,1차_Version_Name_Parsing
NEWBEAT,Rad,1차_Version_Name_Parsing
NEWBEAT,Game,1차_Version_Name_Parsing
NEWBEAT,Midnight,1차_Version_Name_Parsing
NEWBEAT,Raw,1차_Version_Name_Parsing
NEWBEAT,Demon,1차_Version_Name_Parsing
NEWBEAT,By,1차_Version_Name_Parsing
NEWBEAT,Kitten,1차_Version_Name_Parsing
NEWBEAT,Poca,1차_Version_Name_Parsing
NEWBEAT,Newbeat,1차_Version_Name_Parsing
NEWBEAT,The,1차_Version_Name_Parsing
NEWBEAT,Jewel,1차_Version_Name_Parsing
NEWBEAT,Boy,1차_Version_Name_Parsing
NEWBEAT,Kiss,1차_Version_Name_Parsing
NEWBEAT,Vr,1차_Version_Name_Parsing
NEWBEAT,Sunlight,1차_Version_Name_Parsing
NewJeans,Drawstring,1차_Version_Name_Parsing
NewJeans,Danielle,1차_Version_Name_Parsing
NewJeans,Hyein,1차_Version_Name_Parsing
NewJeans,Bunny,1차_Version_Name_Parsing
NewJeans,Girls,1차_Version_Name_Parsing
NewJeans,Weverse,1차_Version_Name_Parsing
NewJeans,Hanni,1차_Version_Name_Parsing
NewJeans,Bag,1차_Version_Name_Parsing
NewJeans,Body,1차_Version_Name_Parsing
NewJeans,Nj,1차_Version_Name_Parsing
NewJeans,Box,1차_Version_Name_Parsing
NewJeans,Powerpuff,1차_Version_Name_Parsing
NewJeans,Beach,1차_Version_Name_Parsing
NewJeans,Murakami,1차_Version_Name_Parsing
NewJeans,Haerin,1차_Version_Name_Parsing
NewJeans,Cross,1차_Version_Name_Parsing
NewJeans,Minji,1차_Version_Name_Parsing
NewJeans,The,1차_Version_Name_Parsing
NewJeans,Newjeans,1차_Version_Name_Parsing
NEXZ,Nexzoo,1차_Version_Name_Parsing
NEXZ,Sanitizer,1차_Version_Name_Parsing
NEXZ,Chk,1차_Version_Name_Parsing
NEXZ,Tomoya,1차_Version_Name_Parsing
NEXZ,Umm,1차_Version_Name_Parsing
NEXZ,Breath,1차_Version_Name_Parsing
NEXZ,Sticker,1차_Version_Name_Parsing
NEXZ,Yu,1차_Version_Name_Parsing
NEXZ,Hyui,1차_Version_Name_Parsing
NEXZ,Seita,1차_Version_Name_Parsing
NEXZ,So,1차_Version_Name_Parsing
NEXZ,Film,1차_Version_Name_Parsing
NEXZ,Nex,1차_Version_Name_Parsing
NEXZ,Haru,1차_Version_Name_Parsing
NEXZ,Geon,1차_Version_Name_Parsing
NEXZ,Yuki,1차_Version_Name_Parsing
NIKA,Makestar,1차_Version_Name_Parsing
NIKA,Tumblbug,1차_Version_Name_Parsing
NINE.i,Kit,1차_Version_Name_Parsing
NINE.i,Album,1차_Version_Name_Parsing
NINE.i,Nemo,1차_Version_Name_Parsing
NiziU,Production,1차_Version_Name_Parsing
NiziU,Withu,1차_Version_Name_Parsing
NiziU,Rima,1차_Version_Name_Parsing
NiziU,Mayuka,1차_Version_Name_Parsing
NiziU,Maya,1차_Version_Name_Parsing
NiziU,Riku,1차_Version_Name_Parsing
NiziU,Miihi,1차_Version_Name_Parsing
NiziU,Ayaka,1차_Version_Name_Parsing
NiziU,Mako,1차_Version_Name_Parsing
NiziU,Nina,1차_Version_Name_Parsing
NiziU,Rio,1차_Version_Name_Parsing
NMIXX,Pocaalbum,1차_Version_Name_Parsing
NMIXX,Album,1차_Version_Name_Parsing
NMIXX,Haewon,1차_Version_Name_Parsing
NMIXX,Jiwoo,1차_Version_Name_Parsing
NMIXX,Lily,1차_Version_Name_Parsing
NMIXX,Valentine,1차_Version_Name_Parsing
NMIXX,Nemo,1차_Version_Name_Parsing
NMIXX,Promotional,1차_Version_Name_Parsing
NMIXX,Bae,1차_Version_Name_Parsing
NMIXX,Box,1차_Version_Name_Parsing
NMIXX,Blue,1차_Version_Name_Parsing
NMIXX,Chaos,1차_Version_Name_Parsing
NMIXX,Serenade,1차_Version_Name_Parsing
NMIXX,Mixx,1차_Version_Name_Parsing
NMIXX,Kyujin,1차_Version_Name_Parsing
NMIXX,Heavy,1차_Version_Name_Parsing
NMIXX,Blood,1차_Version_Name_Parsing
NMIXX,Signed,1차_Version_Name_Parsing
NMIXX,Sullyoon,1차_Version_Name_Parsing
NMIXX,Melody,1차_Version_Name_Parsing
NMIXX,Platform,1차_Version_Name_Parsing
NOMAD,Cali,1차_Version_Name_Parsing
NOMAD,Tape,1차_Version_Name_Parsing
NouerA,Md,1차_Version_Name_Parsing
NouerA,Fan,1차_Version_Name_Parsing
NouerA,Exe,1차_Version_Name_Parsing
NouerA,Hyunjun,1차_Version_Name_Parsing
NouerA,Junpyo,1차_Version_Name_Parsing
NouerA,Miraku,1차_Version_Name_Parsing
NouerA,Sun,1차_Version_Name_Parsing
NouerA,Lin,1차_Version_Name_Parsing
NouerA,Poca,1차_Version_Name_Parsing
NouerA,Album,1차_Version_Name_Parsing
NouerA,Yuseop,1차_Version_Name_Parsing
NouerA,Moon,1차_Version_Name_Parsing
NouerA,Gihyeon,1차_Version_Name_Parsing
NOWZ,Hyeonbin,1차_Version_Name_Parsing
NOWZ,Where,1차_Version_Name_Parsing
NOWZ,Siyun,1차_Version_Name_Parsing
NOWZ,General,1차_Version_Name_Parsing
NOWZ,Group,1차_Version_Name_Parsing
NOWZ,Sprint,1차_Version_Name_Parsing
NOWZ,Here,1차_Version_Name_Parsing
NOWZ,Yoon,1차_Version_Name_Parsing
NOWZ,Jewel,1차_Version_Name_Parsing
NOWZ,Jinhyuk,1차_Version_Name_Parsing
NOWZ,Yeonwoo,1차_Version_Name_Parsing
NOWZ,Mark,1차_Version_Name_Parsing
NOWZ,Day,1차_Version_Name_Parsing
NOWZ,Now,1차_Version_Name_Parsing
NRG,Taiwan,1차_Version_Name_Parsing
NRG,Jewel,1차_Version_Name_Parsing
NRG,Cassette,1차_Version_Name_Parsing
NRG,Case,1차_Version_Name_Parsing
NTX,Card,1차_Version_Name_Parsing
NTX,Cartoon,1차_Version_Name_Parsing
NTX,Seungwon,1차_Version_Name_Parsing
NTX,Yunhyeok,1차_Version_Name_Parsing
NTX,Over,1차_Version_Name_Parsing
NTX,Track,1차_Version_Name_Parsing
NTX,Magazine,1차_Version_Name_Parsing
NTX,Time,1차_Version_Name_Parsing
NTX,Xiha,1차_Version_Name_Parsing
NTX,Name,1차_Version_Name_Parsing
NTX,Pack,1차_Version_Name_Parsing
NTX,Rawhyun,1차_Version_Name_Parsing
NTX,Keyring,1차_Version_Name_Parsing
NTX,Hojun,1차_Version_Name_Parsing
NTX,Binder,1차_Version_Name_Parsing
NTX,Platform,1차_Version_Name_Parsing
NTX,Peak,1차_Version_Name_Parsing
NU'EST,Pie,1차_Version_Name_Parsing
NU'EST,After,1차_Version_Name_Parsing
NU'EST,Moment,1차_Version_Name_Parsing
NU'EST,Upon,1차_Version_Name_Parsing
NU'EST,Verison,1차_Version_Name_Parsing
NU'EST,Photo,1차_Version_Name_Parsing
NU'EST,To,1차_Version_Name_Parsing
NU'EST,Life,1차_Version_Name_Parsing
NU'EST,Time,1차_Version_Name_Parsing
NU'EST,Of,1차_Version_Name_Parsing
NU'EST,Still,1차_Version_Name_Parsing
NU'EST,Be,1차_Version_Name_Parsing
NU'EST,This,1차_Version_Name_Parsing
NU'EST,Ante,1차_Version_Name_Parsing
NU'EST,Ever,1차_Version_Name_Parsing
NU'EST,Glow,1차_Version_Name_Parsing
NU'EST,Pieces,1차_Version_Name_Parsing
NU'EST,Forenoon,1차_Version_Name_Parsing
NU'EST,Portrait,1차_Version_Name_Parsing
NU'EST,Free,1차_Version_Name_Parsing
NU'EST,On,1차_Version_Name_Parsing
NU'EST,Happily,1차_Version_Name_Parsing
NU'EST,Table,1차_Version_Name_Parsing
NU'EST,Book,1차_Version_Name_Parsing
NU'EST,The,1차_Version_Name_Parsing
NU'EST,Post,1차_Version_Name_Parsing
NU'EST,Romancer,1차_Version_Name_Parsing
NU'EST,Once,1차_Version_Name_Parsing
NuNew,Qr,1차_Version_Name_Parsing
ODD YOUTH,Diary,1차_Version_Name_Parsing
ODD YOUTH,Backpack,1차_Version_Name_Parsing
ODD YOUTH,Friendz,1차_Version_Name_Parsing
ODD YOUTH,Poca,1차_Version_Name_Parsing
ODD YOUTH,Me,1차_Version_Name_Parsing
ODD YOUTH,Messy,1차_Version_Name_Parsing
ODD YOUTH,That,1차_Version_Name_Parsing
ODD YOUTH,Keyring,1차_Version_Name_Parsing
ODD YOUTH,Cool,1차_Version_Name_Parsing
ODD YOUTH,Best,1차_Version_Name_Parsing
OH MY GIRL,Love,1차_Version_Name_Parsing
OH MY GIRL,Yubin,1차_Version_Name_Parsing
OH MY GIRL,Outside,1차_Version_Name_Parsing
OH MY GIRL,Mimi,1차_Version_Name_Parsing
OH MY GIRL,Fish,1차_Version_Name_Parsing
OH MY GIRL,Arin,1차_Version_Name_Parsing
OH MY GIRL,Heart,1차_Version_Name_Parsing
OH MY GIRL,Hyojung,1차_Version_Name_Parsing
OH MY GIRL,Poca,1차_Version_Name_Parsing
OH MY GIRL,Kit,1차_Version_Name_Parsing
OH MY GIRL,Seunghee,1차_Version_Name_Parsing
OH MY GIRL,Inside,1차_Version_Name_Parsing
OH MY GIRL,Bouquet,1차_Version_Name_Parsing
OH MY GIRL,Fanclub,1차_Version_Name_Parsing
OH MY GIRL,Anime,1차_Version_Name_Parsing
OH MY GIRL,Yooa,1차_Version_Name_Parsing
Omega X,Like,1차_Version_Name_Parsing
Omega X,Love,1차_Version_Name_Parsing
Omega X,Digital,1차_Version_Name_Parsing
Omega X,Kit,1차_Version_Name_Parsing
Omega X,Music,1차_Version_Name_Parsing
Omega X,On,1차_Version_Name_Parsing
Omega X,Story,1차_Version_Name_Parsing
Omega X,Off,1차_Version_Name_Parsing
ONE PACT,Late,1차_Version_Name_Parsing
ONE PACT,Platform,1차_Version_Name_Parsing
ONE PACT,In,1차_Version_Name_Parsing
ONE PACT,Plve,1차_Version_Name_Parsing
ONE PACT,Poca,1차_Version_Name_Parsing
ONE PACT,Funk,1차_Version_Name_Parsing
ONE PACT,Night,1차_Version_Name_Parsing
ONE PACT,Kit,1차_Version_Name_Parsing
ONE PACT,Suit,1차_Version_Name_Parsing
ONE PACT,Album,1차_Version_Name_Parsing
ONE PACT,Crush,1차_Version_Name_Parsing
ONE PACT,Pink,1차_Version_Name_Parsing
ONE PACT,Day,1차_Version_Name_Parsing
ONE PACT,Sane,1차_Version_Name_Parsing
ONEUS,Hwanwoong,1차_Version_Name_Parsing
ONEUS,Sh,1차_Version_Name_Parsing
ONEUS,Poca,1차_Version_Name_Parsing
ONEUS,Pocaalbum,1차_Version_Name_Parsing
ONEUS,Xn,1차_Version_Name_Parsing
ONEUS,Ld,1차_Version_Name_Parsing
ONEUS,Main,1차_Version_Name_Parsing
ONEUS,Hw,1차_Version_Name_Parsing
ONEUS,Seoho,1차_Version_Name_Parsing
ONEUS,Kh,1차_Version_Name_Parsing
ONEUS,Xion,1차_Version_Name_Parsing
ONEUS,Eden,1차_Version_Name_Parsing
ONEUS,Keonhee,1차_Version_Name_Parsing
ONEUS,Leedo,1차_Version_Name_Parsing
ONEWE,We,1차_Version_Name_Parsing
ONEWE,Maze,1차_Version_Name_Parsing
ONEWE,Poca,1차_Version_Name_Parsing
ONEWE,Ad,1차_Version_Name_Parsing
ONEWE,Chaser,1차_Version_Name_Parsing
ONEWE,Dream,1차_Version_Name_Parsing
ONEWE,Licon,1차_Version_Name_Parsing
ONEWE,Astra,1차_Version_Name_Parsing
ONF,No,1차_Version_Name_Parsing
ONF,Plant,1차_Version_Name_Parsing
ONF,Lost,1차_Version_Name_Parsing
ONF,Minkyun,1차_Version_Name_Parsing
ONF,Wyatt,1차_Version_Name_Parsing
ONF,Album,1차_Version_Name_Parsing
ONF,Face,1차_Version_Name_Parsing
ONF,Find,1차_Version_Name_Parsing
ONF,Dreaming,1차_Version_Name_Parsing
ONF,Tion,1차_Version_Name_Parsing
ONF,Flag,1차_Version_Name_Parsing
ONF,Kiwee,1차_Version_Name_Parsing
ONF,Retreat,1차_Version_Name_Parsing
ONF,Journey,1차_Version_Name_Parsing
ONF,Seungjun,1차_Version_Name_Parsing
ONF,Route,1차_Version_Name_Parsing
ONF,Step,1차_Version_Name_Parsing
ONF,Hyojin,1차_Version_Name_Parsing
ONF,Silenced,1차_Version_Name_Parsing
ONF,Your,1차_Version_Name_Parsing
ONF,Poca,1차_Version_Name_Parsing
ONF,The,1차_Version_Name_Parsing
ONF,Yuto,1차_Version_Name_Parsing
ONF,Scar,1차_Version_Name_Parsing
ONF,Platform,1차_Version_Name_Parsing
OnlyOneOf,Love,1차_Version_Name_Parsing
OnlyOneOf,Mill,1차_Version_Name_Parsing
OnlyOneOf,Back,1차_Version_Name_Parsing
OnlyOneOf,Junji,1차_Version_Name_Parsing
OnlyOneOf,Kit,1차_Version_Name_Parsing
OnlyOneOf,Kb,1차_Version_Name_Parsing
OnlyOneOf,Jisung,1차_Version_Name_Parsing
OnlyOneOf,Teichiku,1차_Version_Name_Parsing
OnlyOneOf,Yoojung,1차_Version_Name_Parsing
OnlyOneOf,Rie,1차_Version_Name_Parsing
OnlyOneOf,Nine,1차_Version_Name_Parsing
OWIS,Piece,1차_Version_Name_Parsing
OWIS,Serene,1차_Version_Name_Parsing
OWIS,Memories,1차_Version_Name_Parsing
OWIS,Soi,1차_Version_Name_Parsing
OWIS,Summer,1차_Version_Name_Parsing
OWIS,Yuni,1차_Version_Name_Parsing
OWIS,Dream,1차_Version_Name_Parsing
OWIS,Missing,1차_Version_Name_Parsing
OWIS,Haru,1차_Version_Name_Parsing
owoon,Kihno,1차_Version_Name_Parsing
owoon,Kit,1차_Version_Name_Parsing
P1Harmony,Platform,1차_Version_Name_Parsing
P1Harmony,Savior,1차_Version_Name_Parsing
P1Harmony,In,1차_Version_Name_Parsing
P1Harmony,Green,1차_Version_Name_Parsing
P1Harmony,Theo,1차_Version_Name_Parsing
P1Harmony,Case,1차_Version_Name_Parsing
P1Harmony,Keeho,1차_Version_Name_Parsing
P1Harmony,City,1차_Version_Name_Parsing
P1Harmony,Do,1차_Version_Name_Parsing
P1Harmony,Fit,1차_Version_Name_Parsing
P1Harmony,This,1차_Version_Name_Parsing
P1Harmony,Barnes,1차_Version_Name_Parsing
P1Harmony,Keyring,1차_Version_Name_Parsing
P1Harmony,Like,1차_Version_Name_Parsing
P1Harmony,Intak,1차_Version_Name_Parsing
P1Harmony,Jiung,1차_Version_Name_Parsing
P1Harmony,Ece,1차_Version_Name_Parsing
P1Harmony,Light,1차_Version_Name_Parsing
P1Harmony,Jewel,1차_Version_Name_Parsing
P1Harmony,Harmony,1차_Version_Name_Parsing
P1Harmony,Soul,1차_Version_Name_Parsing
P1Harmony,Hello,1차_Version_Name_Parsing
P1Harmony,It,1차_Version_Name_Parsing
P1Harmony,Jongseob,1차_Version_Name_Parsing
P1Harmony,English,1차_Version_Name_Parsing
P1Harmony,Fnc,1차_Version_Name_Parsing
P1Harmony,All,1차_Version_Name_Parsing
P1Harmony,Fancy,1차_Version_Name_Parsing
P1Harmony,Zero,1차_Version_Name_Parsing
P1Harmony,Target,1차_Version_Name_Parsing
P1Harmony,Missing,1차_Version_Name_Parsing
P1Harmony,Tiny,1차_Version_Name_Parsing
P1Harmony,Print,1차_Version_Name_Parsing
P1Harmony,Noble,1차_Version_Name_Parsing
Papaya,Release,1차_Version_Name_Parsing
Papaya,Cassette,1차_Version_Name_Parsing
Papaya,Jewel,1차_Version_Name_Parsing
Papaya,Taiwan,1차_Version_Name_Parsing
Papaya,Case,1차_Version_Name_Parsing
Papaya,Tape,1차_Version_Name_Parsing
Park Hyoshin,Jewel,1차_Version_Name_Parsing
Park Hyoshin,Cassette,1차_Version_Name_Parsing
Park Hyoshin,Case,1차_Version_Name_Parsing
Park Jihoon,Plve,1차_Version_Name_Parsing
Park Jihoon,Blanc,1차_Version_Name_Parsing
Park Jihoon,Album,1차_Version_Name_Parsing
Park Jihoon,Day,1차_Version_Name_Parsing
Park Jihoon,Space,1차_Version_Name_Parsing
Park Jihoon,Realism,1차_Version_Name_Parsing
Park Jihoon,Ss,1차_Version_Name_Parsing
Park Jihoon,Degrees,1차_Version_Name_Parsing
Park Jihoon,Nemo,1차_Version_Name_Parsing
Park Jihoon,Veiled,1차_Version_Name_Parsing
Park Jihoon,Night,1차_Version_Name_Parsing
Park Jihoon,Me,1차_Version_Name_Parsing
Park Jihoon,Lightness,1차_Version_Name_Parsing
Park Jihoon,Darkness,1차_Version_Name_Parsing
Park Jihoon,Age,1차_Version_Name_Parsing
Park Jihoon,Blank,1차_Version_Name_Parsing
Park Jihoon,Cubism,1차_Version_Name_Parsing
Park Jihoon,Noir,1차_Version_Name_Parsing
PENTAGON,Kino,1차_Version_Name_Parsing
PENTAGON,Hui,1차_Version_Name_Parsing
PENTAGON,Mild,1차_Version_Name_Parsing
PENTAGON,Wooseok,1차_Version_Name_Parsing
PENTAGON,Sporty,1차_Version_Name_Parsing
PENTAGON,Jinho,1차_Version_Name_Parsing
PENTAGON,Package,1차_Version_Name_Parsing
PENTAGON,Romantic,1차_Version_Name_Parsing
PENTAGON,Kitalbum,1차_Version_Name_Parsing
PENTAGON,Slip,1차_Version_Name_Parsing
PENTAGON,Type,1차_Version_Name_Parsing
PENTAGON,Yeo,1차_Version_Name_Parsing
PENTAGON,Yuto,1차_Version_Name_Parsing
PENTAGON,One,1차_Version_Name_Parsing
PENTAGON,Shinwon,1차_Version_Name_Parsing
PENTAGON,Hongseok,1차_Version_Name_Parsing
PinkFantasy,Poison,1차_Version_Name_Parsing
PinkFantasy,Wonderland,1차_Version_Name_Parsing
PinkFantasy,Fantasy,1차_Version_Name_Parsing
PIXY,Sua,1차_Version_Name_Parsing
PIXY,Rinji,1차_Version_Name_Parsing
PIXY,Signed,1차_Version_Name_Parsing
PIXY,Dajeong,1차_Version_Name_Parsing
PIXY,Dia,1차_Version_Name_Parsing
PIXY,Purple,1차_Version_Name_Parsing
PIXY,Promotional,1차_Version_Name_Parsing
PIXY,Lola,1차_Version_Name_Parsing
PLAVE,Hamin,1차_Version_Name_Parsing
PLAVE,Eunho,1차_Version_Name_Parsing
PLAVE,Noah,1차_Version_Name_Parsing
PLAVE,Inventory,1차_Version_Name_Parsing
PLAVE,Id,1차_Version_Name_Parsing
PLAVE,Poca,1차_Version_Name_Parsing
PLAVE,Yejun,1차_Version_Name_Parsing
PLAVE,Bamby,1차_Version_Name_Parsing
PLAVE,Album,1차_Version_Name_Parsing
PLAVE,Pass,1차_Version_Name_Parsing
POW,Hyunbin,1차_Version_Name_Parsing
POW,Snack,1차_Version_Name_Parsing
POW,Orange,1차_Version_Name_Parsing
POW,Compact,1차_Version_Name_Parsing
POW,Work,1차_Version_Name_Parsing
POW,Pomegranate,1차_Version_Name_Parsing
POW,Hong,1차_Version_Name_Parsing
POW,Jungbin,1차_Version_Name_Parsing
POW,Yorch,1차_Version_Name_Parsing
POW,Cream,1차_Version_Name_Parsing
POW,Cotton,1차_Version_Name_Parsing
POW,Blue,1차_Version_Name_Parsing
POW,Look,1차_Version_Name_Parsing
POW,Vanilla,1차_Version_Name_Parsing
POW,Cookie,1차_Version_Name_Parsing
POW,Diary,1차_Version_Name_Parsing
POW,Candy,1차_Version_Name_Parsing
POW,Workwear,1차_Version_Name_Parsing
POW,Daily,1차_Version_Name_Parsing
POW,Dongyeon,1차_Version_Name_Parsing
POW,Grape,1차_Version_Name_Parsing
PRIMROSE,Pocaalbum,1차_Version_Name_Parsing
PRIMROSE,Tarot,1차_Version_Name_Parsing
PRIMROSE,Promotional,1차_Version_Name_Parsing
PRISTIN,Prismatic,1차_Version_Name_Parsing
PRISTIN,Out,1차_Version_Name_Parsing
PRISTIN,In,1차_Version_Name_Parsing
PRISTIN,Roa,1차_Version_Name_Parsing
PRISTIN,Kyulkyung,1차_Version_Name_Parsing
PRISTIN,Group,1차_Version_Name_Parsing
PRISTIN,Nayoung,1차_Version_Name_Parsing
PRISTIN,Elastin,1차_Version_Name_Parsing
PRISTIN,Eunwoo,1차_Version_Name_Parsing
PRISTIN,Rena,1차_Version_Name_Parsing
Psy,Promo,1차_Version_Name_Parsing
PURPLE KISS,Na,1차_Version_Name_Parsing
PURPLE KISS,Dosie,1차_Version_Name_Parsing
PURPLE KISS,Cassette,1차_Version_Name_Parsing
PURPLE KISS,Goeun,1차_Version_Name_Parsing
PURPLE KISS,Poca,1차_Version_Name_Parsing
PURPLE KISS,Swan,1차_Version_Name_Parsing
PURPLE KISS,Chaein,1차_Version_Name_Parsing
PURPLE KISS,Ireh,1차_Version_Name_Parsing
PURPLE KISS,Yuki,1차_Version_Name_Parsing
QI.X,Kit,1차_Version_Name_Parsing
Queenz Eye,Queenz,1차_Version_Name_Parsing
Queenz Eye,Table,1차_Version_Name_Parsing
QWER,Beyond,1차_Version_Name_Parsing
QWER,Platform,1차_Version_Name_Parsing
QWER,Magenta,1차_Version_Name_Parsing
QWER,Siyeon,1차_Version_Name_Parsing
QWER,Discord,1차_Version_Name_Parsing
QWER,Unbalance,1차_Version_Name_Parsing
QWER,Algorithm,1차_Version_Name_Parsing
QWER,Booklet,1차_Version_Name_Parsing
QWER,Chodan,1차_Version_Name_Parsing
QWER,The,1차_Version_Name_Parsing
QWER,Friend,1차_Version_Name_Parsing
QWER,Graduation,1차_Version_Name_Parsing
QWER,Secret,1차_Version_Name_Parsing
QWER,Blossom,1차_Version_Name_Parsing
QWER,Hina,1차_Version_Name_Parsing
Rainbow,Repackage,1차_Version_Name_Parsing
Rainbow,Jewel,1차_Version_Name_Parsing
Rainbow,Case,1차_Version_Name_Parsing
RAINZ,Sunghyuk,1차_Version_Name_Parsing
RAINZ,Eunki,1차_Version_Name_Parsing
RAINZ,Kiwon,1차_Version_Name_Parsing
RAINZ,Seongri,1차_Version_Name_Parsing
RAINZ,Hyunmin,1차_Version_Name_Parsing
RAINZ,Type,1차_Version_Name_Parsing
RAINZ,Wontak,1차_Version_Name_Parsing
RAINZ,Daehyeon,1차_Version_Name_Parsing
RaNia,Card,1차_Version_Name_Parsing
RaNia,Promo,1차_Version_Name_Parsing
RaNia,Album,1차_Version_Name_Parsing
RaNia,Nfc,1차_Version_Name_Parsing
RE:WIND,Jewel,1차_Version_Name_Parsing
RE:WIND,Case,1차_Version_Name_Parsing
Red Velvet,My,1차_Version_Name_Parsing
Red Velvet,Tv,1차_Version_Name_Parsing
Red Velvet,Wendy,1차_Version_Name_Parsing
Red Velvet,Baebae,1차_Version_Name_Parsing
Red Velvet,Compact,1차_Version_Name_Parsing
Red Velvet,Midnight,1차_Version_Name_Parsing
Red Velvet,Future,1차_Version_Name_Parsing
Red Velvet,Joy,1차_Version_Name_Parsing
Red Velvet,Nemo,1차_Version_Name_Parsing
Red Velvet,Capsule,1차_Version_Name_Parsing
Red Velvet,Seulgi,1차_Version_Name_Parsing
Red Velvet,Re,1차_Version_Name_Parsing
Red Velvet,Smtown,1차_Version_Name_Parsing
Red Velvet,Your,1차_Version_Name_Parsing
Red Velvet,Tide,1차_Version_Name_Parsing
Red Velvet,Hotel,1차_Version_Name_Parsing
Red Velvet,Irene,1차_Version_Name_Parsing
Red Velvet,Culture,1차_Version_Name_Parsing
Red Velvet,Sun,1차_Version_Name_Parsing
Red Velvet,Wave,1차_Version_Name_Parsing
Red Velvet,High,1차_Version_Name_Parsing
Red Velvet,You,1차_Version_Name_Parsing
Red Velvet,Family,1차_Version_Name_Parsing
Red Velvet,Kihno,1차_Version_Name_Parsing
Red Velvet,The,1차_Version_Name_Parsing
Red Velvet,Target,1차_Version_Name_Parsing
Red Velvet,Big,1차_Version_Name_Parsing
RESCENE,We,1차_Version_Name_Parsing
RESCENE,Balm,1차_Version_Name_Parsing
RESCENE,Tint,1차_Version_Name_Parsing
RESCENE,Plve,1차_Version_Name_Parsing
RESCENE,Me,1차_Version_Name_Parsing
RESCENE,Qr,1차_Version_Name_Parsing
RESCENE,Dewy,1차_Version_Name_Parsing
RESCENE,Lip,1차_Version_Name_Parsing
RESCENE,Dear,1차_Version_Name_Parsing
RIIZE,Eunseok,1차_Version_Name_Parsing
RIIZE,Shotaro,1차_Version_Name_Parsing
RIIZE,Anton,1차_Version_Name_Parsing
RIIZE,Iiog,1차_Version_Name_Parsing
RIIZE,Walmart,1차_Version_Name_Parsing
RIIZE,Figure,1차_Version_Name_Parsing
RIIZE,Ums,1차_Version_Name_Parsing
RIIZE,Editon,1차_Version_Name_Parsing
RIIZE,Sohee,1차_Version_Name_Parsing
RIIZE,Sungchan,1차_Version_Name_Parsing
RIIZE,Smini,1차_Version_Name_Parsing
RIIZE,Wonbin,1차_Version_Name_Parsing
Rocket Punch,Like,1차_Version_Name_Parsing
Rocket Punch,Heart,1차_Version_Name_Parsing
Rocket Punch,Type,1차_Version_Name_Parsing
ROCKY,Veil,1차_Version_Name_Parsing
ROCKY,Shadow,1차_Version_Name_Parsing
ROCKY,Modern,1차_Version_Name_Parsing
ROCKY,Classic,1차_Version_Name_Parsing
ROCKY,Burgundy,1차_Version_Name_Parsing
Rolling Quartz,Goodduck,1차_Version_Name_Parsing
Rolling Quartz,Box,1차_Version_Name_Parsing
Rothy,Standart,1차_Version_Name_Parsing
Royal 44,Jewel,1차_Version_Name_Parsing
Royal 44,Case,1차_Version_Name_Parsing
Royal Pirates,Jewel,1차_Version_Name_Parsing
Royal Pirates,Deluxe,1차_Version_Name_Parsing
Royal Pirates,Case,1차_Version_Name_Parsing
Ryu Sujeong,Tiger,1차_Version_Name_Parsing
Ryu Sujeong,Angel,1차_Version_Name_Parsing
Ryu Sujeong,Of,1차_Version_Name_Parsing
Ryu Sujeong,Archive,1차_Version_Name_Parsing
Ryu Sujeong,Fallen,1차_Version_Name_Parsing
Ryu Sujeong,Car,1차_Version_Name_Parsing
Ryu Sujeong,Shxt,1차_Version_Name_Parsing
Ryu Sujeong,Emotions,1차_Version_Name_Parsing
Ryu Sujeong,Eyes,1차_Version_Name_Parsing
S,Jewel,1차_Version_Name_Parsing
S,Cassette,1차_Version_Name_Parsing
S,Case,1차_Version_Name_Parsing
S.E.S,Cassette,1차_Version_Name_Parsing
S.E.S,Deluxe,1차_Version_Name_Parsing
S.E.S,Japan,1차_Version_Name_Parsing
S.E.S,Jewel,1차_Version_Name_Parsing
S.E.S,Taiwan,1차_Version_Name_Parsing
S.E.S,Case,1차_Version_Name_Parsing
S.E.S,Tape,1차_Version_Name_Parsing
Samuel,Japanese,1차_Version_Name_Parsing
Santos Bravos,Deluxe,1차_Version_Name_Parsing
SATURDAY,Usb,1차_Version_Name_Parsing
SATURDAY,Makestar,1차_Version_Name_Parsing
SATURDAY,Promotional,1차_Version_Name_Parsing
SAY MY NAME,Lovvme,1차_Version_Name_Parsing
SAY MY NAME,My,1차_Version_Name_Parsing
SAY MY NAME,Vibe,1차_Version_Name_Parsing
SAY MY NAME,Mallang,1차_Version_Name_Parsing
SAY MY NAME,Hype,1차_Version_Name_Parsing
SAY MY NAME,Our,1차_Version_Name_Parsing
SAY MY NAME,Music,1차_Version_Name_Parsing
SAY MY NAME,Keyring,1차_Version_Name_Parsing
SAY MY NAME,Real,1차_Version_Name_Parsing
SAY MY NAME,Holder,1차_Version_Name_Parsing
SAY MY NAME,Ever,1차_Version_Name_Parsing
SE SO NEON,Cream,1차_Version_Name_Parsing
SE SO NEON,Ep,1차_Version_Name_Parsing
SE SO NEON,Dark,1차_Version_Name_Parsing
SE SO NEON,Cassette,1차_Version_Name_Parsing
SE SO NEON,Glow,1차_Version_Name_Parsing
SE SO NEON,Sea,1차_Version_Name_Parsing
SE SO NEON,In,1차_Version_Name_Parsing
SE SO NEON,Japan,1차_Version_Name_Parsing
SE SO NEON,The,1차_Version_Name_Parsing
SE SO NEON,Tape,1차_Version_Name_Parsing
SE SO NEON,Salt,1차_Version_Name_Parsing
SE SO NEON,Colored,1차_Version_Name_Parsing
Secret,Bloom,1차_Version_Name_Parsing
Secret,Fantasia,1차_Version_Name_Parsing
Secret,Letter,1차_Version_Name_Parsing
Secret,Bobby,1차_Version_Name_Parsing
Secret,Gift,1차_Version_Name_Parsing
Secret,Doll,1차_Version_Name_Parsing
Secret,Type,1차_Version_Name_Parsing
Secret,From,1차_Version_Name_Parsing
Secret,Top,1차_Version_Name_Parsing
Secret,Secret,1차_Version_Name_Parsing
Secret Number,Shine,1차_Version_Name_Parsing
Secret Number,Type,1차_Version_Name_Parsing
Secret Number,Glow,1차_Version_Name_Parsing
Seo Taiji,Jewel,1차_Version_Name_Parsing
Seo Taiji,Cassette,1차_Version_Name_Parsing
Seo Taiji,Case,1차_Version_Name_Parsing
Seo Taiji and Boys,Jewel,1차_Version_Name_Parsing
Seo Taiji and Boys,Cassette,1차_Version_Name_Parsing
Seo Taiji and Boys,Case,1차_Version_Name_Parsing
SEVENTEEN,Magazine,1차_Version_Name_Parsing
SEVENTEEN,Taiwan,1차_Version_Name_Parsing
SEVENTEEN,Case,1차_Version_Name_Parsing
SEVENTEEN,Compact,1차_Version_Name_Parsing
SEVENTEEN,Albums,1차_Version_Name_Parsing
SEVENTEEN,Woozi,1차_Version_Name_Parsing
SEVENTEEN,Nest,1차_Version_Name_Parsing
SEVENTEEN,Weverse,1차_Version_Name_Parsing
SEVENTEEN,Tape,1차_Version_Name_Parsing
SEVENTEEN,Dino,1차_Version_Name_Parsing
SEVENTEEN,Hoshi,1차_Version_Name_Parsing
SEVENTEEN,Mingyu,1차_Version_Name_Parsing
SEVENTEEN,Vers,1차_Version_Name_Parsing
SEVENTEEN,Rats,1차_Version_Name_Parsing
SEVENTEEN,Jewel,1차_Version_Name_Parsing
SEVENTEEN,Carat,1차_Version_Name_Parsing
SEVENTEEN,Hits,1차_Version_Name_Parsing
SEVENTEEN,Physical,1차_Version_Name_Parsing
SEVENTEEN,Seungkwan,1차_Version_Name_Parsing
SEVENTEEN,Dokyeom,1차_Version_Name_Parsing
SEVENTEEN,Vernon,1차_Version_Name_Parsing
SEVENTEEN,Cassette,1차_Version_Name_Parsing
SEVENTEEN,Rev,1차_Version_Name_Parsing
SEVENTEEN,Usb,1차_Version_Name_Parsing
SEVENTEEN,Kihno,1차_Version_Name_Parsing
SEVENTEEN,Kit,1차_Version_Name_Parsing
SEVENTEEN,The,1차_Version_Name_Parsing
SEVENTEEN,Wonwoo,1차_Version_Name_Parsing
SEVENUS,Us,1차_Version_Name_Parsing
SEVENUS,Begin,1차_Version_Name_Parsing
SEVENUS,Poca,1차_Version_Name_Parsing
SEVENUS,Responder,1차_Version_Name_Parsing
SEVENUS,Caller,1차_Version_Name_Parsing
SEVENUS,Fresh,1차_Version_Name_Parsing
SEVENUS,Summer,1차_Version_Name_Parsing
SF9,Love,1차_Version_Name_Parsing
SF9,Wan,1차_Version_Name_Parsing
SF9,Taiwan,1차_Version_Name_Parsing
SF9,One,1차_Version_Name_Parsing
SF9,Taeyang,1차_Version_Name_Parsing
SF9,Chani,1차_Version_Name_Parsing
SF9,Jaeyoon,1차_Version_Name_Parsing
SF9,Picture,1차_Version_Name_Parsing
SF9,Hwiyoung,1차_Version_Name_Parsing
SF9,Keyring,1차_Version_Name_Parsing
SF9,Inseong,1차_Version_Name_Parsing
SF9,Loved,1차_Version_Name_Parsing
SF9,Dawon,1차_Version_Name_Parsing
SF9,Only,1차_Version_Name_Parsing
SF9,Md,1차_Version_Name_Parsing
SF9,Youngbin,1차_Version_Name_Parsing
SF9,Ta,1차_Version_Name_Parsing
SF9,Fancy,1차_Version_Name_Parsing
SF9,Is,1차_Version_Name_Parsing
SF9,As,1차_Version_Name_Parsing
SHINee,Minho,1차_Version_Name_Parsing
SHINee,Taemin,1차_Version_Name_Parsing
SHINee,Rain,1차_Version_Name_Parsing
SHINee,Green,1차_Version_Name_Parsing
SHINee,Key,1차_Version_Name_Parsing
SHINee,Fanclub,1차_Version_Name_Parsing
SHINee,Towel,1차_Version_Name_Parsing
SHINee,Venue,1차_Version_Name_Parsing
SHINee,Pink,1차_Version_Name_Parsing
SHINee,Onew,1차_Version_Name_Parsing
SHINee,Ceremony,1차_Version_Name_Parsing
SHINee,Rock,1차_Version_Name_Parsing
SHINee,Smini,1차_Version_Name_Parsing
SHINee,Performance,1차_Version_Name_Parsing
SHINee,Only,1차_Version_Name_Parsing
SHINee,Book,1차_Version_Name_Parsing
SHINee,Atmos,1차_Version_Name_Parsing
SHINee,Prismic,1차_Version_Name_Parsing
SHINee,Weather,1차_Version_Name_Parsing
SHINee,Fc,1차_Version_Name_Parsing
Shinhwa,Afternoon,1차_Version_Name_Parsing
Shinhwa,Japanese,1차_Version_Name_Parsing
Shinhwa,Night,1차_Version_Name_Parsing
Shinhwa,Mono,1차_Version_Name_Parsing
Shinhwa,Color,1차_Version_Name_Parsing
SHINVI,Jewel,1차_Version_Name_Parsing
SHINVI,Case,1차_Version_Name_Parsing
SISTAR,Hyolyn,1차_Version_Name_Parsing
SISTAR,Dasom,1차_Version_Name_Parsing
SISTAR,Soyou,1차_Version_Name_Parsing
SISTAR,Taiwan,1차_Version_Name_Parsing
SISTAR,Bora,1차_Version_Name_Parsing
SKINZ,Nfc,1차_Version_Name_Parsing
SKYE,Home,1차_Version_Name_Parsing
SKYE,Backstage,1차_Version_Name_Parsing
SKYE,Club,1차_Version_Name_Parsing
SKYE,Runway,1차_Version_Name_Parsing
Smile.G,Promo,1차_Version_Name_Parsing
Smile.G,Album,1차_Version_Name_Parsing
SMORZ,More,1차_Version_Name_Parsing
SMORZ,Always,1차_Version_Name_Parsing
SMORZ,Some,1차_Version_Name_Parsing
Snuper,Sangil,1차_Version_Name_Parsing
Snuper,Sangho,1차_Version_Name_Parsing
Snuper,Suhyun,1차_Version_Name_Parsing
Snuper,Woosung,1차_Version_Name_Parsing
Snuper,Taewoong,1차_Version_Name_Parsing
Snuper,Sebin,1차_Version_Name_Parsing
SONAMOO,Type,1차_Version_Name_Parsing
Soojin,Baddie,1차_Version_Name_Parsing
Soojin,Wild,1차_Version_Name_Parsing
Soojin,Temptation,1차_Version_Name_Parsing
Soojin,Pocaalbum,1차_Version_Name_Parsing
Soojin,Red,1차_Version_Name_Parsing
Soojin,Blue,1차_Version_Name_Parsing
Soojin,Attitude,1차_Version_Name_Parsing
Soojin,Delicate,1차_Version_Name_Parsing
Soojin,Jewel,1차_Version_Name_Parsing
Soorin,Reverie,1차_Version_Name_Parsing
Soorin,Keepsake,1차_Version_Name_Parsing
STAYC,Player,1차_Version_Name_Parsing
STAYC,Zine,1차_Version_Name_Parsing
STAYC,Profile,1차_Version_Name_Parsing
STAYC,Mini,1차_Version_Name_Parsing
STAYC,Sieun,1차_Version_Name_Parsing
STAYC,Plve,1차_Version_Name_Parsing
STAYC,Pack,1차_Version_Name_Parsing
STAYC,Yoon,1차_Version_Name_Parsing
STAYC,Court,1차_Version_Name_Parsing
STAYC,Isa,1차_Version_Name_Parsing
STAYC,Sumin,1차_Version_Name_Parsing
STAYC,Seeun,1차_Version_Name_Parsing
Stella Jang,Jewel,1차_Version_Name_Parsing
Stella Jang,Case,1차_Version_Name_Parsing
Stellar,Promo,1차_Version_Name_Parsing
Stellar,Album,1차_Version_Name_Parsing
Stellar,Signed,1차_Version_Name_Parsing
StelLive,Riko,1차_Version_Name_Parsing
StelLive,Mv,1차_Version_Name_Parsing
StelLive,Photocard,1차_Version_Name_Parsing
StelLive,Mashiro,1차_Version_Name_Parsing
StelLive,Rin,1차_Version_Name_Parsing
StelLive,Lize,1차_Version_Name_Parsing
StelLive,Yuni,1차_Version_Name_Parsing
StelLive,Tabi,1차_Version_Name_Parsing
StelLive,Nana,1차_Version_Name_Parsing
StelLive,Shibuki,1차_Version_Name_Parsing
StelLive,Stellive,1차_Version_Name_Parsing
StelLive,Hina,1차_Version_Name_Parsing
Stray Kids,Orange,1차_Version_Name_Parsing
Stray Kids,Hardcover,1차_Version_Name_Parsing
Stray Kids,Album,1차_Version_Name_Parsing
Stray Kids,Pink,1차_Version_Name_Parsing
Stray Kids,Lee,1차_Version_Name_Parsing
Stray Kids,Single,1차_Version_Name_Parsing
Stray Kids,Seungmin,1차_Version_Name_Parsing
Stray Kids,Creamsicle,1차_Version_Name_Parsing
Stray Kids,Know,1차_Version_Name_Parsing
Stray Kids,Han,1차_Version_Name_Parsing
Stray Kids,Tangerine,1차_Version_Name_Parsing
Stray Kids,That,1차_Version_Name_Parsing
Stray Kids,Marble,1차_Version_Name_Parsing
Stray Kids,This,1차_Version_Name_Parsing
Stray Kids,Bang,1차_Version_Name_Parsing
Stray Kids,Solar,1차_Version_Name_Parsing
Stray Kids,Chan,1차_Version_Name_Parsing
Stray Kids,Walmart,1차_Version_Name_Parsing
Stray Kids,Felix,1차_Version_Name_Parsing
Stray Kids,Eclipse,1차_Version_Name_Parsing
Stray Kids,Cassette,1차_Version_Name_Parsing
Stray Kids,Changbin,1차_Version_Name_Parsing
Stray Kids,Hyunjin,1차_Version_Name_Parsing
Stray Kids,Fans,1차_Version_Name_Parsing
Stray Kids,Group,1차_Version_Name_Parsing
Stray Kids,Truck,1차_Version_Name_Parsing
Stray Kids,Target,1차_Version_Name_Parsing
Stray Kids,Unit,1차_Version_Name_Parsing
Stray Kids,Tiny,1차_Version_Name_Parsing
Summer Soul,Tape,1차_Version_Name_Parsing
Summer Soul,Compact,1차_Version_Name_Parsing
Summer Soul,Cassette,1차_Version_Name_Parsing
Sunmi,Promo,1차_Version_Name_Parsing
Sunmi,Album,1차_Version_Name_Parsing
SUPER JUNIOR,Ray,1차_Version_Name_Parsing
SUPER JUNIOR,Cassette,1차_Version_Name_Parsing
SUPER JUNIOR,Box,1차_Version_Name_Parsing
SUPER JUNIOR,Ed,1차_Version_Name_Parsing
SUPER JUNIOR,Deluxe,1차_Version_Name_Parsing
SUPER JUNIOR,Tape,1차_Version_Name_Parsing
SUPER JUNIOR,Blu,1차_Version_Name_Parsing
SuperM,Lucas,1차_Version_Name_Parsing
SuperM,Korean,1차_Version_Name_Parsing
SuperM,Us,1차_Version_Name_Parsing
SuperM,Taemin,1차_Version_Name_Parsing
SuperM,Ten,1차_Version_Name_Parsing
SuperM,Baekhyun,1차_Version_Name_Parsing
SuperM,Target,1차_Version_Name_Parsing
SuperM,Super,1차_Version_Name_Parsing
SuperM,Unit,1차_Version_Name_Parsing
SuperM,One,1차_Version_Name_Parsing
SuperM,Kai,1차_Version_Name_Parsing
SuperM,Mark,1차_Version_Name_Parsing
SuperM,Taeyong,1차_Version_Name_Parsing
SURAN,Kitalbum,1차_Version_Name_Parsing
T-ARA,Only,1차_Version_Name_Parsing
T-ARA,Pearl,1차_Version_Name_Parsing
T-ARA,Eunjung,1차_Version_Name_Parsing
T-ARA,Hyomin,1차_Version_Name_Parsing
T-ARA,Box,1차_Version_Name_Parsing
T-ARA,Soyeon,1차_Version_Name_Parsing
T-ARA,Qri,1차_Version_Name_Parsing
T-ARA,Jiyeon,1차_Version_Name_Parsing
T-ARA,Sapphire,1차_Version_Name_Parsing
T-ARA,Boram,1차_Version_Name_Parsing
T-ARA,Diamond,1차_Version_Name_Parsing
Taemin,Ing,1차_Version_Name_Parsing
Taemin,Verison,1차_Version_Name_Parsing
Taemin,Wild,1차_Version_Name_Parsing
Taemin,Kihno,1차_Version_Name_Parsing
Taemin,Kit,1차_Version_Name_Parsing
Taemin,Movie,1차_Version_Name_Parsing
Taemin,Mood,1차_Version_Name_Parsing
Taemin,Fanclub,1차_Version_Name_Parsing
Taemin,More,1차_Version_Name_Parsing
Taemin,Move,1차_Version_Name_Parsing
Taemin,Photo,1차_Version_Name_Parsing
Taeyeon,Got,1차_Version_Name_Parsing
Taeyeon,Love,1차_Version_Name_Parsing
Taeyeon,Daisy,1차_Version_Name_Parsing
Taeyeon,My,1차_Version_Name_Parsing
Taeyeon,Beige,1차_Version_Name_Parsing
Taeyeon,Visual,1차_Version_Name_Parsing
Taeyeon,Red,1차_Version_Name_Parsing
Taeyeon,Deluxe,1차_Version_Name_Parsing
Taeyeon,Kihno,1차_Version_Name_Parsing
Taeyeon,Sky,1차_Version_Name_Parsing
Taeyeon,Live,1차_Version_Name_Parsing
Taeyeon,Type,1차_Version_Name_Parsing
Taeyeon,Fine,1차_Version_Name_Parsing
Taeyeon,Purple,1차_Version_Name_Parsing
Taeyeon,Blossom,1차_Version_Name_Parsing
Tahiti,Jerry,1차_Version_Name_Parsing
TAN,World,1차_Version_Name_Parsing
TAN,Platform,1차_Version_Name_Parsing
Teen Top,Sleeve,1차_Version_Name_Parsing
Teen Top,Box,1차_Version_Name_Parsing
Teen Top,Book,1차_Version_Name_Parsing
Teen Top,Mini,1차_Version_Name_Parsing
Teen Top,Poca,1차_Version_Name_Parsing
Teen Top,Changjo,1차_Version_Name_Parsing
Teen Top,Onstage,1차_Version_Name_Parsing
Teen Top,Ricky,1차_Version_Name_Parsing
Teen Top,Niel,1차_Version_Name_Parsing
Teen Top,Album,1차_Version_Name_Parsing
Teen Top,Offstage,1차_Version_Name_Parsing
Teen Top,Photo,1차_Version_Name_Parsing
Tempest,It,1차_Version_Name_Parsing
Tempest,Booster,1차_Version_Name_Parsing
Tempest,We,1차_Version_Name_Parsing
Tempest,Engine,1차_Version_Name_Parsing
Tempest,Before,1차_Version_Name_Parsing
Tempest,Poca,1차_Version_Name_Parsing
Tempest,Blue,1차_Version_Name_Parsing
Tempest,Green,1차_Version_Name_Parsing
Tempest,Pop,1차_Version_Name_Parsing
Tempest,Me,1차_Version_Name_Parsing
Tempest,Fanclub,1차_Version_Name_Parsing
Tempest,Moonlight,1차_Version_Name_Parsing
Tempest,Compact,1차_Version_Name_Parsing
Tempest,Sunlight,1차_Version_Name_Parsing
THE BOYZ,Reach,1차_Version_Name_Parsing
THE BOYZ,Younghoon,1차_Version_Name_Parsing
THE BOYZ,Boy,1차_Version_Name_Parsing
THE BOYZ,Fanclub,1차_Version_Name_Parsing
THE BOYZ,Hush,1차_Version_Name_Parsing
THE BOYZ,Moon,1차_Version_Name_Parsing
THE BOYZ,Riot,1차_Version_Name_Parsing
THE BOYZ,She,1차_Version_Name_Parsing
THE BOYZ,Vanguard,1차_Version_Name_Parsing
THE BOYZ,Realize,1차_Version_Name_Parsing
THE BOYZ,Flash,1차_Version_Name_Parsing
THE BOYZ,Jacob,1차_Version_Name_Parsing
THE BOYZ,Fake,1차_Version_Name_Parsing
THE BOYZ,Dawn,1차_Version_Name_Parsing
THE BOYZ,Reason,1차_Version_Name_Parsing
THE BOYZ,Eric,1차_Version_Name_Parsing
THE BOYZ,Holiday,1차_Version_Name_Parsing
THE BOYZ,Hyunjae,1차_Version_Name_Parsing
THE BOYZ,Juyeon,1차_Version_Name_Parsing
THE BOYZ,Wolf,1차_Version_Name_Parsing
THE BOYZ,Boss,1차_Version_Name_Parsing
THE BOYZ,The,1차_Version_Name_Parsing
THE BOYZ,Breaking,1차_Version_Name_Parsing
THE BOYZ,Fc,1차_Version_Name_Parsing
THE BOYZ,Platform,1차_Version_Name_Parsing
The KingDom,Dusk,1차_Version_Name_Parsing
The KingDom,Bloom,1차_Version_Name_Parsing
The KingDom,Eternity,1차_Version_Name_Parsing
The KingDom,Irregular,1차_Version_Name_Parsing
The KingDom,Fate,1차_Version_Name_Parsing
The KingDom,Soul,1차_Version_Name_Parsing
The KingDom,Night,1차_Version_Name_Parsing
The KingDom,Chaos,1차_Version_Name_Parsing
The KingDom,Shadow,1차_Version_Name_Parsing
The KingDom,Portrait,1차_Version_Name_Parsing
The KingDom,Energy,1차_Version_Name_Parsing
The KingDom,Fatalistic,1차_Version_Name_Parsing
The KingDom,Dawn,1차_Version_Name_Parsing
The KingDom,Glory,1차_Version_Name_Parsing
The KingDom,Day,1차_Version_Name_Parsing
The KingDom,Freedom,1차_Version_Name_Parsing
The Rose,Dusk,1차_Version_Name_Parsing
The Rose,Box,1차_Version_Name_Parsing
The Rose,Red,1차_Version_Name_Parsing
The Rose,Deluxe,1차_Version_Name_Parsing
The Rose,Blue,1차_Version_Name_Parsing
The Rose,Jewel,1차_Version_Name_Parsing
The Rose,Case,1차_Version_Name_Parsing
The Rose,Dawn,1차_Version_Name_Parsing
The Wind,Love,1차_Version_Name_Parsing
The Wind,Ha,1차_Version_Name_Parsing
The Wind,Soo,1차_Version_Name_Parsing
The Wind,Boy,1차_Version_Name_Parsing
The Wind,Day,1차_Version_Name_Parsing
The Wind,Thanatorn,1차_Version_Name_Parsing
The Wind,Han,1차_Version_Name_Parsing
The Wind,Ceremony,1차_Version_Name_Parsing
The Wind,Summer,1차_Version_Name_Parsing
The Wind,Youth,1차_Version_Name_Parsing
The Wind,Chan,1차_Version_Name_Parsing
The Wind,Island,1차_Version_Name_Parsing
The Wind,Yu,1차_Version_Name_Parsing
The Wind,Dear,1차_Version_Name_Parsing
The Wind,Bin,1차_Version_Name_Parsing
The Wind,Hee,1차_Version_Name_Parsing
The Wind,From,1차_Version_Name_Parsing
The Wind,Vacation,1차_Version_Name_Parsing
The Wind,Platform,1차_Version_Name_Parsing
TIOT,My,1차_Version_Name_Parsing
TIOT,Start,1차_Version_Name_Parsing
TIOT,Outside,1차_Version_Name_Parsing
TIOT,Ready,1차_Version_Name_Parsing
TIOT,Kiwee,1차_Version_Name_Parsing
TIOT,Plve,1차_Version_Name_Parsing
TIOT,Pride,1차_Version_Name_Parsing
TIOT,Your,1차_Version_Name_Parsing
TIOT,Inside,1차_Version_Name_Parsing
TIOT,Flex,1차_Version_Name_Parsing
TIOT,Kick,1차_Version_Name_Parsing
TNX,Deja,1차_Version_Name_Parsing
TNX,Record,1차_Version_Name_Parsing
TNX,Document,1차_Version_Name_Parsing
TNX,Nostalgia,1차_Version_Name_Parsing
TNX,Vu,1차_Version_Name_Parsing
TO1,Utoopia,1차_Version_Name_Parsing
TO1,Lie,1차_Version_Name_Parsing
TO1,Troublemaker,1차_Version_Name_Parsing
TO1,Dystoopia,1차_Version_Name_Parsing
TO1,Play,1차_Version_Name_Parsing
TO1,Tag,1차_Version_Name_Parsing
TO1,Freeze,1차_Version_Name_Parsing
TO1,Ground,1차_Version_Name_Parsing
TO1,Real,1차_Version_Name_Parsing
TO1,Platform,1차_Version_Name_Parsing
TOMATOMAT,Jewel,1차_Version_Name_Parsing
TOMATOMAT,Case,1차_Version_Name_Parsing
TOMORROW X TOGETHER,Photocard,1차_Version_Name_Parsing
TOMORROW X TOGETHER,Taehyun,1차_Version_Name_Parsing
TOMORROW X TOGETHER,Weverse,1차_Version_Name_Parsing
TOMORROW X TOGETHER,Compact,1차_Version_Name_Parsing
TOMORROW X TOGETHER,Blue,1차_Version_Name_Parsing
TOMORROW X TOGETHER,Beomgyu,1차_Version_Name_Parsing
TOMORROW X TOGETHER,Soobin,1차_Version_Name_Parsing
TOMORROW X TOGETHER,Figure,1차_Version_Name_Parsing
TOMORROW X TOGETHER,Huening,1차_Version_Name_Parsing
TOMORROW X TOGETHER,Yeonjun,1차_Version_Name_Parsing
TOMORROW X TOGETHER,Case,1차_Version_Name_Parsing
TOMORROW X TOGETHER,Kai,1차_Version_Name_Parsing
TOMORROW X TOGETHER,Cap,1차_Version_Name_Parsing
TOMORROW X TOGETHER,Albums,1차_Version_Name_Parsing
TOMORROW X TOGETHER,Pink,1차_Version_Name_Parsing
TOZ,Orange,1차_Version_Name_Parsing
TOZ,Green,1차_Version_Name_Parsing
TOZ,Blue,1차_Version_Name_Parsing
Trade L,Jewel,1차_Version_Name_Parsing
Trade L,Case,1차_Version_Name_Parsing
TRCNG,Standerd,1차_Version_Name_Parsing
TREASURE,Drawstring,1차_Version_Name_Parsing
TREASURE,Junkyu,1차_Version_Name_Parsing
TREASURE,Raw,1차_Version_Name_Parsing
TREASURE,In,1차_Version_Name_Parsing
TREASURE,Japanese,1차_Version_Name_Parsing
TREASURE,Moment,1차_Version_Name_Parsing
TREASURE,Japan,1차_Version_Name_Parsing
TREASURE,Park,1차_Version_Name_Parsing
TREASURE,Yoon,1차_Version_Name_Parsing
TREASURE,Album,1차_Version_Name_Parsing
TREASURE,So,1차_Version_Name_Parsing
TREASURE,Yoshi,1차_Version_Name_Parsing
TREASURE,Asahi,1차_Version_Name_Parsing
TREASURE,Choi,1차_Version_Name_Parsing
TREASURE,Bag,1차_Version_Name_Parsing
TREASURE,Haruto,1차_Version_Name_Parsing
TREASURE,Doyoung,1차_Version_Name_Parsing
TREASURE,Jeongwoo,1차_Version_Name_Parsing
TREASURE,Yg,1차_Version_Name_Parsing
TREASURE,Sporty,1차_Version_Name_Parsing
TREASURE,Live,1차_Version_Name_Parsing
TREASURE,Tag,1차_Version_Name_Parsing
TREASURE,Jihoon,1차_Version_Name_Parsing
TREASURE,Holder,1차_Version_Name_Parsing
TREASURE,Reverse,1차_Version_Name_Parsing
TREASURE,Card,1차_Version_Name_Parsing
TREASURE,Kingkong,1차_Version_Name_Parsing
TREASURE,Jaehyuk,1차_Version_Name_Parsing
TREASURE,Junghwan,1차_Version_Name_Parsing
TREASURE,Hyunsuk,1차_Version_Name_Parsing
TRENDZ,Like,1차_Version_Name_Parsing
TRENDZ,Leon,1차_Version_Name_Parsing
TRENDZ,Hankook,1차_Version_Name_Parsing
TRENDZ,Yoonwoo,1차_Version_Name_Parsing
TRENDZ,Book,1차_Version_Name_Parsing
TRENDZ,Pocaalbum,1차_Version_Name_Parsing
TRENDZ,Pack,1차_Version_Name_Parsing
TRENDZ,Havit,1차_Version_Name_Parsing
TRENDZ,Ra,1차_Version_Name_Parsing
TRENDZ,Dream,1차_Version_Name_Parsing
TRENDZ,Photo,1차_Version_Name_Parsing
TRENDZ,Yechan,1차_Version_Name_Parsing
TRENDZ,Eunil,1차_Version_Name_Parsing
TRI.BE,Cosmos,1차_Version_Name_Parsing
TRI.BE,Universe,1차_Version_Name_Parsing
TRI.BE,Stay,1차_Version_Name_Parsing
TRI.BE,Thin,1차_Version_Name_Parsing
TRI.BE,Max,1차_Version_Name_Parsing
TRI.BE,Together,1차_Version_Name_Parsing
TRI.BE,Vvs,1차_Version_Name_Parsing
TRI.BE,Album,1차_Version_Name_Parsing
TRI.BE,Nemo,1차_Version_Name_Parsing
tripleS,Wappen,1차_Version_Name_Parsing
tripleS,Album,1차_Version_Name_Parsing
tripleS,Case,1차_Version_Name_Parsing
tripleS,Fanclub,1차_Version_Name_Parsing
tripleS,Jiwoo,1차_Version_Name_Parsing
tripleS,Yooyeon,1차_Version_Name_Parsing
tripleS,Kotone,1차_Version_Name_Parsing
tripleS,Qr,1차_Version_Name_Parsing
tripleS,Chaewon,1차_Version_Name_Parsing
tripleS,Keyring,1차_Version_Name_Parsing
tripleS,Nfc,1차_Version_Name_Parsing
tripleS,Nemo,1차_Version_Name_Parsing
tripleS,Profile,1차_Version_Name_Parsing
tripleS,Concept,1차_Version_Name_Parsing
tripleS,Wallflower,1차_Version_Name_Parsing
tripleS,Soomin,1차_Version_Name_Parsing
tripleS,Chaeyeon,1차_Version_Name_Parsing
tripleS,China,1차_Version_Name_Parsing
tripleS,Jewel,1차_Version_Name_Parsing
tripleS,Music,1차_Version_Name_Parsing
tripleS,Blooming,1차_Version_Name_Parsing
tripleS,Mayu,1차_Version_Name_Parsing
tripleS,Objekt,1차_Version_Name_Parsing
tripleS,Flower,1차_Version_Name_Parsing
tripleS,Shion,1차_Version_Name_Parsing
Trouble Maker,Taiwan,1차_Version_Name_Parsing
TUIDE,We,1차_Version_Name_Parsing
TUIDE,Game,1차_Version_Name_Parsing
TUIDE,Merch,1차_Version_Name_Parsing
TUIDE,Weverse,1차_Version_Name_Parsing
TUIDE,Gonggi,1차_Version_Name_Parsing
TUIDE,Tune,1차_Version_Name_Parsing
TUIDE,Play,1차_Version_Name_Parsing
TUNEXX,Only,1차_Version_Name_Parsing
TUNEXX,Us,1차_Version_Name_Parsing
TUNEXX,Platform,1차_Version_Name_Parsing
TUNEXX,Un,1차_Version_Name_Parsing
TVXQ,Behind,1차_Version_Name_Parsing
TVXQ,Red,1차_Version_Name_Parsing
TVXQ,True,1차_Version_Name_Parsing
TVXQ,Disk,1차_Version_Name_Parsing
TVXQ,Bigeast,1차_Version_Name_Parsing
TVXQ,Fanclub,1차_Version_Name_Parsing
TVXQ,Tvxq,1차_Version_Name_Parsing
TVXQ,Achievement,1차_Version_Name_Parsing
TVXQ,Speedrun,1차_Version_Name_Parsing
TVXQ,Fake,1차_Version_Name_Parsing
TVXQ,Script,1차_Version_Name_Parsing
TVXQ,Smtown,1차_Version_Name_Parsing
TVXQ,Music,1차_Version_Name_Parsing
TVXQ,Smini,1차_Version_Name_Parsing
TVXQ,Card,1차_Version_Name_Parsing
TVXQ,Zine,1차_Version_Name_Parsing
TVXQ,Cassette,1차_Version_Name_Parsing
TVXQ,Kihno,1차_Version_Name_Parsing
TWICE,Got,1차_Version_Name_Parsing
TWICE,Us,1차_Version_Name_Parsing
TWICE,Tzuyu,1차_Version_Name_Parsing
TWICE,Hardcover,1차_Version_Name_Parsing
TWICE,Japan,1차_Version_Name_Parsing
TWICE,Collectible,1차_Version_Name_Parsing
TWICE,Single,1차_Version_Name_Parsing
TWICE,Plum,1차_Version_Name_Parsing
TWICE,Avocado,1차_Version_Name_Parsing
TWICE,Gift,1차_Version_Name_Parsing
TWICE,Pit,1차_Version_Name_Parsing
TWICE,Nemo,1차_Version_Name_Parsing
TWICE,Twice,1차_Version_Name_Parsing
TWICE,Warner,1차_Version_Name_Parsing
TWICE,Dahyun,1차_Version_Name_Parsing
TWICE,Box,1차_Version_Name_Parsing
TWICE,Store,1차_Version_Name_Parsing
TWICE,Music,1차_Version_Name_Parsing
TWICE,Canvas,1차_Version_Name_Parsing
TWICE,You,1차_Version_Name_Parsing
TWICE,Direct,1차_Version_Name_Parsing
TWICE,Fancy,1차_Version_Name_Parsing
TWICE,Downpour,1차_Version_Name_Parsing
TWICE,Target,1차_Version_Name_Parsing
TWICE,Chaeyoung,1차_Version_Name_Parsing
TWICE,Once,1차_Version_Name_Parsing
TWICE,Platform,1차_Version_Name_Parsing
TWS,Love,1차_Version_Name_Parsing
TWS,Jihoon,1차_Version_Name_Parsing
TWS,Final,1차_Version_Name_Parsing
TWS,Hanjin,1차_Version_Name_Parsing
TWS,Move,1차_Version_Name_Parsing
TWS,Weverse,1차_Version_Name_Parsing
TWS,Dohoon,1차_Version_Name_Parsing
TWS,Kit,1차_Version_Name_Parsing
TWS,Cat,1차_Version_Name_Parsing
TWS,Romeo,1차_Version_Name_Parsing
TWS,Shinyu,1차_Version_Name_Parsing
TWS,Youngjae,1차_Version_Name_Parsing
TWS,Chapter,1차_Version_Name_Parsing
TWS,Guide,1차_Version_Name_Parsing
TWS,Compact,1차_Version_Name_Parsing
TWS,Kyungmin,1차_Version_Name_Parsing
U_Chae,Kit,1차_Version_Name_Parsing
U_Chae,Type,1차_Version_Name_Parsing
U_Chae,Kitalbum,1차_Version_Name_Parsing
U-KISS,Ray,1차_Version_Name_Parsing
U-KISS,Shadow,1차_Version_Name_Parsing
U-KISS,Flash,1차_Version_Name_Parsing
U-KISS,Type,1차_Version_Name_Parsing
U-KISS,Blu,1차_Version_Name_Parsing
UN,Jewel,1차_Version_Name_Parsing
UN,Cassette,1차_Version_Name_Parsing
UN,Case,1차_Version_Name_Parsing
UNB,Heart,1차_Version_Name_Parsing
UNICODE,Type,1차_Version_Name_Parsing
UNIQ,Korean,1차_Version_Name_Parsing
UNIQ,Chinese,1차_Version_Name_Parsing
UNIS,Start,1차_Version_Name_Parsing
UNIS,Nana,1차_Version_Name_Parsing
UNIS,Glow,1차_Version_Name_Parsing
UNIS,Seowon,1차_Version_Name_Parsing
UNIS,Hyeonju,1차_Version_Name_Parsing
UNIS,Poca,1차_Version_Name_Parsing
UNIS,Yunha,1차_Version_Name_Parsing
UNIS,Recipe,1차_Version_Name_Parsing
UNIS,Archive,1차_Version_Name_Parsing
UNIS,Elisia,1차_Version_Name_Parsing
UNIS,Jewel,1차_Version_Name_Parsing
UNIS,Kotoko,1차_Version_Name_Parsing
UNIS,Keyring,1차_Version_Name_Parsing
UNIS,Gehlee,1차_Version_Name_Parsing
UNIS,Story,1차_Version_Name_Parsing
UNIS,Yoona,1차_Version_Name_Parsing
UP10TION,Love,1차_Version_Name_Parsing
UP10TION,Illusion,1차_Version_Name_Parsing
UP10TION,Scope,1차_Version_Name_Parsing
UP10TION,Clue,1차_Version_Name_Parsing
UP10TION,Silhouette,1차_Version_Name_Parsing
UP10TION,Still,1차_Version_Name_Parsing
UP10TION,Hunter,1차_Version_Name_Parsing
UP10TION,Moment,1차_Version_Name_Parsing
UP10TION,Light,1차_Version_Name_Parsing
UP10TION,Sequence,1차_Version_Name_Parsing
UP10TION,Illuminate,1차_Version_Name_Parsing
UP10TION,Spectrum,1차_Version_Name_Parsing
UP10TION,Crime,1차_Version_Name_Parsing
USPEER,Bite,1차_Version_Name_Parsing
USPEER,Pocaalbum,1차_Version_Name_Parsing
USPEER,Objective,1차_Version_Name_Parsing
USPEER,Just,1차_Version_Name_Parsing
USPEER,Kinetic,1차_Version_Name_Parsing
USPEER,Run,1차_Version_Name_Parsing
USPEER,District,1차_Version_Name_Parsing
USPEER,Static,1차_Version_Name_Parsing
VANNER,Hit,1차_Version_Name_Parsing
VANNER,Start,1차_Version_Name_Parsing
VANNER,Flag,1차_Version_Name_Parsing
VANNER,Of,1차_Version_Name_Parsing
VANNER,Capture,1차_Version_Name_Parsing
VANNER,Plve,1차_Version_Name_Parsing
VANNER,Voyage,1차_Version_Name_Parsing
VANNER,The,1차_Version_Name_Parsing
VANNER,Spark,1차_Version_Name_Parsing
VANNER,Victory,1차_Version_Name_Parsing
VANNER,Dreams,1차_Version_Name_Parsing
VANNER,Jackpot,1차_Version_Name_Parsing
VANNER,Empty,1차_Version_Name_Parsing
VANNER,Slipcase,1차_Version_Name_Parsing
VANNER,Banner,1차_Version_Name_Parsing
VANNER,Sparkle,1차_Version_Name_Parsing
Varsity,Date,1차_Version_Name_Parsing
VAV,Give,1차_Version_Name_Parsing
VAV,Us,1차_Version_Name_Parsing
VAV,For,1차_Version_Name_Parsing
VAV,Made,1차_Version_Name_Parsing
VAV,Poison,1차_Version_Name_Parsing
VAV,Two,1차_Version_Name_Parsing
VAV,Me,1차_Version_Name_Parsing
VAV,Subc,1차_Version_Name_Parsing
VAV,More,1차_Version_Name_Parsing
VAV,Nsci,1차_Version_Name_Parsing
VAYONN,Today,1차_Version_Name_Parsing
VAYONN,Youth,1차_Version_Name_Parsing
VAYONN,Record,1차_Version_Name_Parsing
VERIVERY,Yongseung,1차_Version_Name_Parsing
VERIVERY,Over,1차_Version_Name_Parsing
VERIVERY,Lock,1차_Version_Name_Parsing
VERIVERY,Shy,1차_Version_Name_Parsing
VERIVERY,Sink,1차_Version_Name_Parsing
VERIVERY,Reality,1차_Version_Name_Parsing
VERIVERY,Yeonho,1차_Version_Name_Parsing
VERIVERY,Gyehyeon,1차_Version_Name_Parsing
VERIVERY,Light,1차_Version_Name_Parsing
VERIVERY,Kangmin,1차_Version_Name_Parsing
VERIVERY,Play,1차_Version_Name_Parsing
VERIVERY,Plan,1차_Version_Name_Parsing
VERIVERY,Dongheon,1차_Version_Name_Parsing
VICTON,My,1차_Version_Name_Parsing
VICTON,Scene,1차_Version_Name_Parsing
VICTON,Bloom,1차_Version_Name_Parsing
VICTON,Mirror,1차_Version_Name_Parsing
VICTON,Out,1차_Version_Name_Parsing
VICTON,In,1차_Version_Name_Parsing
VICTON,Watch,1차_Version_Name_Parsing
VICTON,Kihno,1차_Version_Name_Parsing
VICTON,Stage,1차_Version_Name_Parsing
VICTON,Woo,1차_Version_Name_Parsing
VICTON,Type,1차_Version_Name_Parsing
VICTON,Keyring,1차_Version_Name_Parsing
VICTON,Binder,1차_Version_Name_Parsing
VICTON,Platform,1차_Version_Name_Parsing
VIVIZ,Love,1차_Version_Name_Parsing
VIVIZ,Vivid,1차_Version_Name_Parsing
VIVIZ,Plve,1차_Version_Name_Parsing
VIVIZ,Zig,1차_Version_Name_Parsing
VIVIZ,Case,1차_Version_Name_Parsing
VIVIZ,Off,1차_Version_Name_Parsing
VIVIZ,To,1차_Version_Name_Parsing
VIVIZ,Ready,1차_Version_Name_Parsing
VIVIZ,Umji,1차_Version_Name_Parsing
VIVIZ,Fate,1차_Version_Name_Parsing
VIVIZ,Point,1차_Version_Name_Parsing
VIVIZ,Qr,1차_Version_Name_Parsing
VIVIZ,Sinb,1차_Version_Name_Parsing
VIVIZ,Fake,1차_Version_Name_Parsing
VIVIZ,Dayz,1차_Version_Name_Parsing
VIVIZ,Summer,1차_Version_Name_Parsing
VIVIZ,Clazzy,1차_Version_Name_Parsing
VIVIZ,Zag,1차_Version_Name_Parsing
VIVIZ,Jewel,1차_Version_Name_Parsing
VIVIZ,On,1차_Version_Name_Parsing
VIVIZ,Flying,1차_Version_Name_Parsing
VIVIZ,Side,1차_Version_Name_Parsing
VIVIZ,Eunha,1차_Version_Name_Parsing
VIXX,Whole,1차_Version_Name_Parsing
VIXX,Book,1차_Version_Name_Parsing
VIXX,Up,1차_Version_Name_Parsing
VIXX,Pop,1차_Version_Name_Parsing
VIXX,Kihno,1차_Version_Name_Parsing
VIXX,Kit,1차_Version_Name_Parsing
VIXX,Piece,1차_Version_Name_Parsing
VVS,Lena,1차_Version_Name_Parsing
VVS,Jiu,1차_Version_Name_Parsing
VVS,Rana,1차_Version_Name_Parsing
VVS,Brittney,1차_Version_Name_Parsing
VVS,Liwon,1차_Version_Name_Parsing
VVS,Ilee,1차_Version_Name_Parsing
W!TCHX,Run,1차_Version_Name_Parsing
W!TCHX,Ready,1차_Version_Name_Parsing
WAKER,Card,1차_Version_Name_Parsing
WAKER,Like,1차_Version_Name_Parsing
WAKER,Burn,1차_Version_Name_Parsing
WAKER,Chocolate,1차_Version_Name_Parsing
WAKER,Days,1차_Version_Name_Parsing
WAKER,That,1차_Version_Name_Parsing
WAKER,Marmalade,1차_Version_Name_Parsing
WAKER,Mission,1차_Version_Name_Parsing
WAKER,Freeze,1차_Version_Name_Parsing
WAKER,Rising,1차_Version_Name_Parsing
WAKER,Dream,1차_Version_Name_Parsing
WAKER,Vanilla,1차_Version_Name_Parsing
Wanna One,Triple,1차_Version_Name_Parsing
Wanna One,No,1차_Version_Name_Parsing
Wanna One,Japan,1차_Version_Name_Parsing
Wanna One,Package,1차_Version_Name_Parsing
Wanna One,Sky,1차_Version_Name_Parsing
Wanna One,Wanne,1차_Version_Name_Parsing
Wanna One,One,1차_Version_Name_Parsing
Wanna One,Pink,1차_Version_Name_Parsing
Wanna One,Day,1차_Version_Name_Parsing
Wanna One,Heal,1차_Version_Name_Parsing
Wanna One,Romance,1차_Version_Name_Parsing
Wanna One,Lean,1차_Version_Name_Parsing
Wanna One,Adventure,1차_Version_Name_Parsing
Wanna One,Night,1차_Version_Name_Parsing
Wanna One,Position,1차_Version_Name_Parsing
Wanna One,Me,1차_Version_Name_Parsing
Wanna One,On,1차_Version_Name_Parsing
Wanna One,Md,1차_Version_Name_Parsing
Wanna One,Book,1차_Version_Name_Parsing
Wanna One,Kihno,1차_Version_Name_Parsing
Wanna One,The,1차_Version_Name_Parsing
Wanna One,Art,1차_Version_Name_Parsing
Wanna One,Wanna,1차_Version_Name_Parsing
WATERFIRE,Partners,1차_Version_Name_Parsing
WATERFIRE,The,1차_Version_Name_Parsing
WATERFIRE,Waterfire,1차_Version_Name_Parsing
WATERFIRE,Hunminjaybit,1차_Version_Name_Parsing
wave to earth,Korea,1차_Version_Name_Parsing
wave to earth,Print,1차_Version_Name_Parsing
wave to earth,Debut,1차_Version_Name_Parsing
wave to earth,Blue,1차_Version_Name_Parsing
wave to earth,Tour,1차_Version_Name_Parsing
wave to earth,Ivory,1차_Version_Name_Parsing
wave to earth,Pink,1차_Version_Name_Parsing
wave to earth,Anniversary,1차_Version_Name_Parsing
wave to earth,Re,1차_Version_Name_Parsing
WayV,Yangyang,1차_Version_Name_Parsing
WayV,Red,1차_Version_Name_Parsing
WayV,Ten,1차_Version_Name_Parsing
WayV,Kun,1차_Version_Name_Parsing
WayV,Emblem,1차_Version_Name_Parsing
WayV,On,1차_Version_Name_Parsing
WayV,Smini,1차_Version_Name_Parsing
WayV,Off,1차_Version_Name_Parsing
WayV,Hendery,1차_Version_Name_Parsing
WayV,Xiaojun,1차_Version_Name_Parsing
Weeekly,Iris,1차_Version_Name_Parsing
Weeekly,Jump,1차_Version_Name_Parsing
Weeekly,Growth,1차_Version_Name_Parsing
Weeekly,Wave,1차_Version_Name_Parsing
Weeekly,Up,1차_Version_Name_Parsing
Weeekly,Myself,1차_Version_Name_Parsing
Weeekly,Palette,1차_Version_Name_Parsing
Weeekly,World,1차_Version_Name_Parsing
Weeekly,Self,1차_Version_Name_Parsing
Weeekly,Lights,1차_Version_Name_Parsing
Weeekly,On,1차_Version_Name_Parsing
Weeekly,Orb,1차_Version_Name_Parsing
Weeekly,Real,1차_Version_Name_Parsing
Weeekly,Platform,1차_Version_Name_Parsing
WEi,Love,1차_Version_Name_Parsing
WEi,In,1차_Version_Name_Parsing
WEi,Red,1차_Version_Name_Parsing
WEi,Rui,1차_Version_Name_Parsing
WEi,Type,1차_Version_Name_Parsing
WEi,Album,1차_Version_Name_Parsing
WEi,Meta,1차_Version_Name_Parsing
WEi,Na,1차_Version_Name_Parsing
WEi,Ocean,1차_Version_Name_Parsing
WEi,Of,1차_Version_Name_Parsing
WEi,Ve,1차_Version_Name_Parsing
WEi,Haven,1차_Version_Name_Parsing
WEi,Fake,1차_Version_Name_Parsing
WEi,Dream,1차_Version_Name_Parsing
WEi,Dramatic,1차_Version_Name_Parsing
WEi,Wonder,1차_Version_Name_Parsing
WEi,We,1차_Version_Name_Parsing
WEi,Chic,1차_Version_Name_Parsing
WEi,Shine,1차_Version_Name_Parsing
WEi,With,1차_Version_Name_Parsing
WEi,Falling,1차_Version_Name_Parsing
WEi,Start,1차_Version_Name_Parsing
WEi,Poca,1차_Version_Name_Parsing
WEi,Fancy,1차_Version_Name_Parsing
WEi,Reality,1차_Version_Name_Parsing
Weki Meki,Seek,1차_Version_Name_Parsing
Weki Meki,Lock,1차_Version_Name_Parsing
Weki Meki,Hide,1차_Version_Name_Parsing
Weki Meki,Case,1차_Version_Name_Parsing
Weki Meki,Dazzling,1차_Version_Name_Parsing
Weki Meki,Break,1차_Version_Name_Parsing
Weki Meki,Ceremony,1차_Version_Name_Parsing
Weki Meki,Funeral,1차_Version_Name_Parsing
Weki Meki,Shimmering,1차_Version_Name_Parsing
Weki Meki,Lol,1차_Version_Name_Parsing
Weki Meki,Take,1차_Version_Name_Parsing
Weki Meki,Weki,1차_Version_Name_Parsing
Weki Meki,Meki,1차_Version_Name_Parsing
Weki Meki,Kihno,1차_Version_Name_Parsing
Weki Meki,Kiss,1차_Version_Name_Parsing
Weki Meki,Lucky,1차_Version_Name_Parsing
Weki Meki,Kicks,1차_Version_Name_Parsing
WHIB,Card,1차_Version_Name_Parsing
WHIB,Youth,1차_Version_Name_Parsing
WHIB,Kit,1차_Version_Name_Parsing
WHIB,Uncolor,1차_Version_Name_Parsing
WHIB,Album,1차_Version_Name_Parsing
WHIB,Music,1차_Version_Name_Parsing
WHIB,Rising,1차_Version_Name_Parsing
WHIB,Noir,1차_Version_Name_Parsing
WHIB,Eternal,1차_Version_Name_Parsing
WHIB,Curse,1차_Version_Name_Parsing
WHIB,Color,1차_Version_Name_Parsing
WHIB,Ever,1차_Version_Name_Parsing
WINNER,La,1차_Version_Name_Parsing
WINNER,Crosslight,1차_Version_Name_Parsing
WINNER,Day,1차_Version_Name_Parsing
WINNER,For,1차_Version_Name_Parsing
WINNER,Soft,1차_Version_Name_Parsing
WINNER,Westminster,1차_Version_Name_Parsing
WINNER,Dream,1차_Version_Name_Parsing
WINNER,Youth,1차_Version_Name_Parsing
WINNER,Bold,1차_Version_Name_Parsing
WINNER,Night,1차_Version_Name_Parsing
WINNER,Blue,1차_Version_Name_Parsing
WINNER,Launching,1차_Version_Name_Parsing
WINNER,Light,1차_Version_Name_Parsing
WINNER,Crossroad,1차_Version_Name_Parsing
WINNER,Seoul,1차_Version_Name_Parsing
WINNER,Silver,1차_Version_Name_Parsing
WINNER,Shoreditch,1차_Version_Name_Parsing
Wish,Kitalbum,1차_Version_Name_Parsing
WJSN,Argyrtis,1차_Version_Name_Parsing
WJSN,Happy,1차_Version_Name_Parsing
WJSN,Agyrtis,1차_Version_Name_Parsing
WJSN,Phoreus,1차_Version_Name_Parsing
WJSN,Out,1차_Version_Name_Parsing
WJSN,In,1차_Version_Name_Parsing
WJSN,Moment,1차_Version_Name_Parsing
WJSN,Ii,1차_Version_Name_Parsing
WJSN,Enypnion,1차_Version_Name_Parsing
WJSN,Iii,1차_Version_Name_Parsing
WJSN,Envelope,1차_Version_Name_Parsing
Wonder Girls,Yubin,1차_Version_Name_Parsing
Wonder Girls,Neon,1차_Version_Name_Parsing
Wonder Girls,Sunmi,1차_Version_Name_Parsing
Wonder Girls,Yeeun,1차_Version_Name_Parsing
Wonder Girls,Hot,1차_Version_Name_Parsing
Wonder Girls,Hyerim,1차_Version_Name_Parsing
Wonder Girls,Yellow,1차_Version_Name_Parsing
Wonder Girls,Justice,1차_Version_Name_Parsing
Wonder Girls,Pink,1차_Version_Name_Parsing
Wonho,Raw,1차_Version_Name_Parsing
Wonho,Shell,1차_Version_Name_Parsing
Wonho,Air,1차_Version_Name_Parsing
Wonho,Kit,1차_Version_Name_Parsing
Wonho,Jewel,1차_Version_Name_Parsing
Wonho,Iii,1차_Version_Name_Parsing
Wonho,Ii,1차_Version_Name_Parsing
Wonho,Crack,1차_Version_Name_Parsing
Wonho,Onset,1차_Version_Name_Parsing
WOOAH,Case,1차_Version_Name_Parsing
WOOAH,Sora,1차_Version_Name_Parsing
WOOAH,Albums,1차_Version_Name_Parsing
WOOAH,Break,1차_Version_Name_Parsing
WOOAH,Minseo,1차_Version_Name_Parsing
WOOAH,Hope,1차_Version_Name_Parsing
WOOAH,Injoy,1차_Version_Name_Parsing
WOOAH,Jewel,1차_Version_Name_Parsing
WOOAH,Take,1차_Version_Name_Parsing
WOOAH,Nana,1차_Version_Name_Parsing
WOOAH,Wooyeon,1차_Version_Name_Parsing
WOOAH,Stayg,1차_Version_Name_Parsing
WOOAH,Happy,1차_Version_Name_Parsing
WOOAH,Enjoy,1차_Version_Name_Parsing
WOOAH,Poca,1차_Version_Name_Parsing
WOOAH,Lucy,1차_Version_Name_Parsing
WOOAH,Patter,1차_Version_Name_Parsing
WOOAH,Pitter,1차_Version_Name_Parsing
WOODZ,Love,1차_Version_Name_Parsing
WOODZ,Red,1차_Version_Name_Parsing
WOODZ,Case,1차_Version_Name_Parsing
WOODZ,Earth,1차_Version_Name_Parsing
WOODZ,Key,1차_Version_Name_Parsing
WOODZ,Kihno,1차_Version_Name_Parsing
WOODZ,Main,1차_Version_Name_Parsing
WOODZ,Allergy,1차_Version_Name_Parsing
WOODZ,Trauma,1차_Version_Name_Parsing
WOODZ,Free,1차_Version_Name_Parsing
WOODZ,Colorful,1차_Version_Name_Parsing
WOODZ,Jewel,1차_Version_Name_Parsing
WOODZ,Control,1차_Version_Name_Parsing
WOODZ,Cosmic,1차_Version_Name_Parsing
X:IN,Order,1차_Version_Name_Parsing
X:IN,Chaos,1차_Version_Name_Parsing
X:IN,Hyper,1차_Version_Name_Parsing
X:IN,Platform,1차_Version_Name_Parsing
X1,Kihno,1차_Version_Name_Parsing
X1,Leap,1차_Version_Name_Parsing
X1,Quantum,1차_Version_Name_Parsing
X1,Soaring,1차_Version_Name_Parsing
XD,Smc,1차_Version_Name_Parsing
XD,Blue,1차_Version_Name_Parsing
Xdinary Heroes,Love,1차_Version_Name_Parsing
Xdinary Heroes,Jungsu,1차_Version_Name_Parsing
Xdinary Heroes,Raw,1차_Version_Name_Parsing
Xdinary Heroes,Tin,1차_Version_Name_Parsing
Xdinary Heroes,In,1차_Version_Name_Parsing
Xdinary Heroes,Fallen,1차_Version_Name_Parsing
Xdinary Heroes,Album,1차_Version_Name_Parsing
Xdinary Heroes,Boy,1차_Version_Name_Parsing
Xdinary Heroes,End,1차_Version_Name_Parsing
Xdinary Heroes,Case,1차_Version_Name_Parsing
Xdinary Heroes,Sick,1차_Version_Name_Parsing
Xdinary Heroes,Fall,1차_Version_Name_Parsing
Xdinary Heroes,Tabloid,1차_Version_Name_Parsing
Xdinary Heroes,Keyring,1차_Version_Name_Parsing
Xdinary Heroes,Nemo,1차_Version_Name_Parsing
Xdinary Heroes,Jooyeon,1차_Version_Name_Parsing
Xdinary Heroes,Illustration,1차_Version_Name_Parsing
Xdinary Heroes,De,1차_Version_Name_Parsing
Xdinary Heroes,Chic,1차_Version_Name_Parsing
Xdinary Heroes,Promo,1차_Version_Name_Parsing
Xdinary Heroes,Gaon,1차_Version_Name_Parsing
Xdinary Heroes,Live,1차_Version_Name_Parsing
Xdinary Heroes,Junhan,1차_Version_Name_Parsing
Xdinary Heroes,Hero,1차_Version_Name_Parsing
Xdinary Heroes,Gunil,1차_Version_Name_Parsing
Xdinary Heroes,The,1차_Version_Name_Parsing
Xdinary Heroes,Signed,1차_Version_Name_Parsing
Xdinary Heroes,Platform,1차_Version_Name_Parsing
XENO-T,Ha,1차_Version_Name_Parsing
XENO-T,Album,1차_Version_Name_Parsing
XENO-T,Collaboration,1차_Version_Name_Parsing
XENO-T,Ilkwon,1차_Version_Name_Parsing
XG,Cocona,1차_Version_Name_Parsing
XG,Juria,1차_Version_Name_Parsing
XG,Us,1차_Version_Name_Parsing
XG,Maya,1차_Version_Name_Parsing
XG,Harvey,1차_Version_Name_Parsing
XG,Chisa,1차_Version_Name_Parsing
XG,Xg,1차_Version_Name_Parsing
XG,Jurin,1차_Version_Name_Parsing
XG,Venue,1차_Version_Name_Parsing
XG,Alphaz,1차_Version_Name_Parsing
XG,Hinata,1차_Version_Name_Parsing
XIA,Solar,1차_Version_Name_Parsing
XIA,Orbit,1차_Version_Name_Parsing
XIA,Keyring,1차_Version_Name_Parsing
XIA,Cosmic,1차_Version_Name_Parsing
xikers,Out,1차_Version_Name_Parsing
xikers,Plve,1차_Version_Name_Parsing
xikers,Pocaalbum,1차_Version_Name_Parsing
xikers,Rock,1차_Version_Name_Parsing
xikers,Watch,1차_Version_Name_Parsing
xikers,Hiker,1차_Version_Name_Parsing
xikers,Tricky,1차_Version_Name_Parsing
xikers,Nfc,1차_Version_Name_Parsing
xikers,Triky,1차_Version_Name_Parsing
xikers,Platform,1차_Version_Name_Parsing
xikers,Star,1차_Version_Name_Parsing
XLOV,Pack,1차_Version_Name_Parsing
XLOV,Complete,1차_Version_Name_Parsing
XngHan&Xoul,Glow,1차_Version_Name_Parsing
XngHan&Xoul,Adventure,1차_Version_Name_Parsing
XngHan&Xoul,Part,1차_Version_Name_Parsing
XngHan&Xoul,Japan,1차_Version_Name_Parsing
XngHan&Xoul,Xoul,1차_Version_Name_Parsing
XngHan&Xoul,Album,1차_Version_Name_Parsing
XngHan&Xoul,Xnghan,1차_Version_Name_Parsing
XngHan&Xoul,Smart,1차_Version_Name_Parsing
XODIAC,Love,1차_Version_Name_Parsing
XODIAC,Dark,1차_Version_Name_Parsing
XODIAC,Us,1차_Version_Name_Parsing
XODIAC,Moonlight,1차_Version_Name_Parsing
XODIAC,Truth,1차_Version_Name_Parsing
XODIAC,Letter,1차_Version_Name_Parsing
XODIAC,Ever,1차_Version_Name_Parsing
XODIAC,Night,1차_Version_Name_Parsing
XODIAC,Obsidian,1차_Version_Name_Parsing
XODIAC,To,1차_Version_Name_Parsing
XODIAC,Starlight,1차_Version_Name_Parsing
XODIAC,Bright,1차_Version_Name_Parsing
XODIAC,From,1차_Version_Name_Parsing
XODIAC,Dare,1차_Version_Name_Parsing
XODIAC,Ashen,1차_Version_Name_Parsing
XODIAC,Cloud,1차_Version_Name_Parsing
XODIAC,Sunlight,1차_Version_Name_Parsing
XODIAC,Day,1차_Version_Name_Parsing
Yena,Plve,1차_Version_Name_Parsing
Yena,Sky,1차_Version_Name_Parsing
Yena,Type,1차_Version_Name_Parsing
Yena,Album,1차_Version_Name_Parsing
Yena,Ne,1차_Version_Name_Parsing
Yena,Hate,1차_Version_Name_Parsing
Yena,Good,1차_Version_Name_Parsing
Yena,Mo,1차_Version_Name_Parsing
Yena,Earth,1차_Version_Name_Parsing
Yena,Like,1차_Version_Name_Parsing
Yena,Online,1차_Version_Name_Parsing
Yena,Store,1차_Version_Name_Parsing
Yena,Night,1차_Version_Name_Parsing
Yena,Victor,1차_Version_Name_Parsing
Yena,Poca,1차_Version_Name_Parsing
Yena,Catch,1차_Version_Name_Parsing
Yena,Morning,1차_Version_Name_Parsing
Yena,Cupid,1차_Version_Name_Parsing
Yeojin,Kit,1차_Version_Name_Parsing
Yerin,Second,1차_Version_Name_Parsing
Yerin,Platform,1차_Version_Name_Parsing
Yerin,Floor,1차_Version_Name_Parsing
Yerin,Night,1차_Version_Name_Parsing
Yerin,Jewel,1차_Version_Name_Parsing
Yerin,Case,1차_Version_Name_Parsing
Yerin,Nemo,1차_Version_Name_Parsing
Yerin,Day,1차_Version_Name_Parsing
YongYong,Nemo,1차_Version_Name_Parsing
YongYong,Album,1차_Version_Name_Parsing
YongYong,Full,1차_Version_Name_Parsing
Yoon Jisung,Baek,1차_Version_Name_Parsing
Yoon Jisung,Bang,1차_Version_Name_Parsing
Yoon Jisung,Kihno,1차_Version_Name_Parsing
Yoon Jisung,Mi,1차_Version_Name_Parsing
Yoon Jisung,Platform,1차_Version_Name_Parsing
Yoon Jisung,Ro,1차_Version_Name_Parsing
Yoon Seobin,Square,1차_Version_Name_Parsing
Yoon Seobin,Digital,1차_Version_Name_Parsing
Yoon Seobin,Rizz,1차_Version_Name_Parsing
You Dayeon,Plve,1차_Version_Name_Parsing
Young Posse,Box,1차_Version_Name_Parsing
Young Posse,Magazine,1차_Version_Name_Parsing
Young Posse,Book,1차_Version_Name_Parsing
Young Posse,Making,1차_Version_Name_Parsing
Young Posse,Sticker,1차_Version_Name_Parsing
Young Posse,Jewel,1차_Version_Name_Parsing
Young Posse,Case,1차_Version_Name_Parsing
Younha,Jewel,1차_Version_Name_Parsing
Younha,Case,1차_Version_Name_Parsing
Younite,Unit,1차_Version_Name_Parsing
Younite,Bloom,1차_Version_Name_Parsing
Younite,Neul,1차_Version_Name_Parsing
Younite,Karman,1차_Version_Name_Parsing
Younite,In,1차_Version_Name_Parsing
Younite,Poca,1차_Version_Name_Parsing
Younite,Flare,1차_Version_Name_Parsing
Younite,Pocaalbum,1차_Version_Name_Parsing
Younite,Red,1차_Version_Name_Parsing
Younite,Delight,1차_Version_Name_Parsing
Younite,Kit,1차_Version_Name_Parsing
Younite,Yun,1차_Version_Name_Parsing
Younite,Album,1차_Version_Name_Parsing
Younite,Aurora,1차_Version_Name_Parsing
Younite,Spotlight,1차_Version_Name_Parsing
Younite,On,1차_Version_Name_Parsing
Younite,Aeil,1차_Version_Name_Parsing
YUHZ,Epilogue,1차_Version_Name_Parsing
YUHZ,Orange,1차_Version_Name_Parsing
YUHZ,Record,1차_Version_Name_Parsing
Yuju,Love,1차_Version_Name_Parsing
Yuju,Platform,1차_Version_Name_Parsing
Yuju,Green,1차_Version_Name_Parsing
Yuju,Clear,1차_Version_Name_Parsing
Yuju,Take,1차_Version_Name_Parsing
Yuju,Curse,1차_Version_Name_Parsing
Yukika,Cream,1차_Version_Name_Parsing
Yukika,Time,1차_Version_Name_Parsing
Yukika,Stick,1차_Version_Name_Parsing
Yukika,Memory,1차_Version_Name_Parsing
Yukika,Blue,1차_Version_Name_Parsing
Yukika,Light,1차_Version_Name_Parsing
Yves,Overseas,1차_Version_Name_Parsing
Z-Girls,Girls,1차_Version_Name_Parsing
ZE:A,Type,1차_Version_Name_Parsing
ZEROBASEONE,Taerae,1차_Version_Name_Parsing
ZEROBASEONE,Gyuvin,1차_Version_Name_Parsing
ZEROBASEONE,Matthew,1차_Version_Name_Parsing
ZEROBASEONE,Hao,1차_Version_Name_Parsing
ZEROBASEONE,Ricky,1차_Version_Name_Parsing
ZEROBASEONE,Zerose,1차_Version_Name_Parsing
ZEROBASEONE,Hanbin,1차_Version_Name_Parsing
ZEROBASEONE,Lenticular,1차_Version_Name_Parsing
ZEROBASEONE,Keyring,1차_Version_Name_Parsing
ZEROBASEONE,Gunwook,1차_Version_Name_Parsing
ZEROBASEONE,Yujin,1차_Version_Name_Parsing
ZEROBASEONE,Jiwoong,1차_Version_Name_Parsing
ZION.T,Aqua,1차_Version_Name_Parsing
ZION.T,Blue,1차_Version_Name_Parsing
ZION.T,Jewel,1차_Version_Name_Parsing
ZION.T,Case,1차_Version_Name_Parsing
