keyword,created_at,author_handle,text,like_count,repost_count,post_uri
#photocard,2026-08-11T16:00:18.471Z,hdstore.bsky.social,"STRAY KIDS WORLD TOUR DISTRICT 9 UNLOCK IN SEOUL Bluâray Photocard Booklet KPOP

https://harada1029.github.io/r/?pf=bluesky&acc=hd_popidol_jp&k=img&i=364887203201&u=https%3A%2F%2Fwww.ebay.com%2Fitm%2F364887203201

#StrayKids #DISTRICT #Bluray #Photocard #KPOP #ebay #japan #america #instocknow",1,1,at://did:plc:hvvzvnqdsh3iniu5syjlxwjs/app.bsky.feed.post/3mssycmujgy2w
#photocard,2026-08-10T16:53:20.179Z,r-twist.bsky.social,"#Sunna #photocard! This is a request from Hoyolab, but i've also been meaning to make ""photocards"" of the angels! #Fanart #AngelofDelusion #AoD #Zenless #ZZZ",1,0,at://did:plc:kfytq2zls6jl542jm3csvvmi/app.bsky.feed.post/3msqks7ysns27
#photocard,2026-08-10T02:31:42.068Z,rankirakira.bsky.social,"Need something in the background while you draw or make a photocard! Why not listen to me make a MattJay Photocard while watching Nirvanna the Band the Show The Buffet on YouTube?

#nirvannathebandtheshow #ntbts #mattjay #photocard 

youtu.be/thwMiLP_ZoE",2,0,at://did:plc:5ezc34zmcq7ivlworxw4dsek/app.bsky.feed.post/3msp2nyypzs2m
#photocard,2026-08-10T02:25:46.574Z,tarubunart.bsky.social,Ignis photocard before and after 😌 (I didn’t use all the stickers I set aside) #photocard,8,1,at://did:plc:ycbmfbw4wgohyvfxbiyit3un/app.bsky.feed.post/3msp2d4eg3c2e
#photocard,2026-08-08T15:12:09.966Z,mistyewe.bsky.social,wip of a photocard of my silly little chalant freak <3 #oc #queerartist #humanartist #photocard #ocdrawing,3,0,at://did:plc:hntsi6ok2ifxkmdvf5pysbww/app.bsky.feed.post/3msle7lnyzs2h
#photocard,2026-08-07T19:26:14.574Z,tarubunart.bsky.social,Made a cyclops for a friend and made a couple photocard set of my sister and her husband that fit together! #photocard,6,1,at://did:plc:ycbmfbw4wgohyvfxbiyit3un/app.bsky.feed.post/3msjbwzpda22l
#photocard,2026-08-07T19:20:07.474Z,tarubunart.bsky.social,"Here’s my sticker collection atm… a sticker binder overfilled with sticker sheets, misc large sheets, several small booklets… I really don’t need more but they’re so fun to collect themselves #photocard",5,0,at://did:plc:ycbmfbw4wgohyvfxbiyit3un/app.bsky.feed.post/3msjbm2fwmk2l
#photocard,2026-08-07T19:11:51.678Z,tarubunart.bsky.social,#photocard,3,0,at://did:plc:ycbmfbw4wgohyvfxbiyit3un/app.bsky.feed.post/3msjb5ifmbs2l
#photocard,2026-08-07T19:11:36.965Z,tarubunart.bsky.social,#photocard,2,0,at://did:plc:ycbmfbw4wgohyvfxbiyit3un/app.bsky.feed.post/3msjb52ayv22l
#photocard,2026-08-07T19:11:13.275Z,tarubunart.bsky.social,Here’s more photocards I’ve done in the past. Loki got two 😌💚 and then various characters I really like-including my pet rabbit and my BTS bias on the bottom #photocard,11,0,at://did:plc:ycbmfbw4wgohyvfxbiyit3un/app.bsky.feed.post/3msjb46yb5k2l
#photocard,2026-08-07T18:55:27.470Z,tarubunart.bsky.social,AAAA THESE ARE SO CUTE I’m sure everyone loved them!! I made two of my DnD chars on the left side (I made two frames for my tiefling lmao guess who’s the favorite) and the two on the right is for an OC project w me and my friends #photocard,3,0,at://did:plc:ycbmfbw4wgohyvfxbiyit3un/app.bsky.feed.post/3msja7yz42k2l
#photocard,2026-08-06T16:24:52.469Z,tarubunart.bsky.social,Made photocards for my three Overwatch loves. Dont mind Genji’s random Japanese stickers 😌 (maybe I should start a tag for my photocards?? #photocard),9,1,at://did:plc:ycbmfbw4wgohyvfxbiyit3un/app.bsky.feed.post/3msghdtvt2s2u
#photocard,2026-08-02T18:24:55.068Z,sopeachy99.bsky.social,"8th #artfight attack!!!𖥔 ݁ ˖ִ🛸༄˖°🎤๋࣭ 
For @teasetmonster.bsky.social 

[ #teamcomedy #artfight26 #idol #photocard ] 
༘⋆📼˚ ༘ ೀ⋆｡˚༘⋆📼˚ ༘ ೀ⋆｡˚༘⋆📼˚ ༘ ೀ⋆｡˚",5,2,at://did:plc:4tmp6rfvphvs5foarh2cs3qk/app.bsky.feed.post/3ms4m6qxwv22l
#photocard,2026-07-23T15:49:48.679Z,spidereyez.bsky.social,"Did this to do those ""matching"" photo cards lol (I'm doing more & doing the whole matching pfp) 

#loveanddeepspace #loveanddeepspacemc #loveanddeepspacevalko #bringvalkoback #bringbackvalko #cosplay #photocard",5,0,at://did:plc:yjtuxsbfmjkk63qhgdmktkrp/app.bsky.feed.post/3mrd7st27bc22
#photocard,2026-07-21T20:05:14.366Z,moonrimuvi.bsky.social,"Photocard Commission for Vulpeculasz (Vulp), Florianfes, 
Khopper, @youkaihito.bsky.social  (Hito) and chococuffs (Haysie)!!

#commission #illustration #photocard",2,1,at://did:plc:m2pjciqe3pkjebapsf3si6om/app.bsky.feed.post/3mr6m6upvs22o
#photocard,2026-07-21T16:09:16.573Z,kembla.bsky.social,"Photocard - OC TONIO
Tonio con pijama 💙

#oc #illustration #yaoi #photocard #occontent #España",3,0,at://did:plc:tztrulqbgvwrbujn2acdw7wd/app.bsky.feed.post/3mr66z6mb522j
#photocard,2026-07-21T15:24:46.964Z,ateliermelty.bsky.social,"A new way to support your favourite horse (or non horse..?) entity? No wei!! Don’t forget to hit me up at AMP Manchester to get one of the first batch of Uma inspired PC holders!!! 🐴🧲🐠🧊

#umamusume #oshikatsu #artistalley #photocard",3,1,at://did:plc:o3rrsm6q4gqd4neyatnt6ss7/app.bsky.feed.post/3mr64jqlrp22d
#photocard,2026-07-20T16:00:19.970Z,hdstore.bsky.social,"BTS Jimin FACE Japan JPFC Limited Edition Lucky Draw Elected Official Photo Card

https://harada1029.github.io/r/?pf=bluesky&acc=hd_store_jp&k=img&i=126059277861&u=https%3A%2F%2Fwww.ebay.com%2Fitm%2F126059277861

#BTS #Jimin #FACE #PhotoCard #LuckyDraw #ebay #japan #america #instocknow",3,0,at://did:plc:hvvzvnqdsh3iniu5syjlxwjs/app.bsky.feed.post/3mr3o2g7ckr2o
#photocard,2026-07-20T12:25:49.969Z,cinnahon.bsky.social,"Thinking about making this a YCH......

--

#digitalart #originalart #originalcharacter #photocard",4,1,at://did:plc:kk2zsqlmbcbge3vnadpjhbxa/app.bsky.feed.post/3mr3c2jng4c2w
#photocard,2026-07-17T16:38:33.670Z,citrusfizz.bsky.social,"making a poca holder! 14USD +ship! lmk if interested! (might make a shaker with this design too maybe..)

double sided full art, comes with a keychain, 10cm x 7cm

pre-order here! ko-fi.com/s/7f7ed8ff9a
-
[ #poca #photocard #cute #smallbusiness #pocaholder #smallartist #icecreamsoda #art #artmerch ]",3,0,at://did:plc:lekln73fon4ypw5xj4leedzy/app.bsky.feed.post/3mqu6rnx4cc2c
#photocard,2026-07-15T04:29:45.270Z,lemmonreef.bsky.social,"recent photocard comm for @/Yeilxz Supra 

#photocard #slime #commission",10,1,at://did:plc:jqqras5jc2edi26pbacvdil5/app.bsky.feed.post/3mqnv4sifg22v
#photocard,2026-07-13T14:00:24.578Z,kembla.bsky.social,"Nueva ilustración - Photocard 
Oc Samuel 
#photocard #oc #digitalart #mangaart #yaoi",6,0,at://did:plc:tztrulqbgvwrbujn2acdw7wd/app.bsky.feed.post/3mqju3aokrk2g
#photocard,2026-07-01T04:00:30.019Z,hdstore.bsky.social,"Thank you for purchasing many Stray Kids goods today!

HD_PoPidol_Store Our ebay store has a variety of #straykids #goods.
We can deliver to all countries, so please feel free to place your order.

https://www.ebay.com/str/mtjapanstore

#hyunjin #photocard #ebay #japan #america #instocknow",0,0,at://did:plc:hvvzvnqdsh3iniu5syjlxwjs/app.bsky.feed.post/3mpkmxre7au2a
#photocard,2026-06-30T16:48:16.730Z,kjhartstudios.bsky.social,"acggoods.com/product/elf-...

#elf #girl #rainbow #fantasy #character #portrait #acggoods #photocard #onlineshopping #onlinestore #art #digitalart",2,0,at://did:plc:mlgioqvrptrlqnnjxwvgc3yb/app.bsky.feed.post/3mpjhfqascc2c
#photocard,2026-06-30T16:04:35.722Z,hdstore.bsky.social,"Stray Kids Hyunjin Official Photo Card Sticker THE SOUND Standard & A Version

You bought one at United States America today. We only have a few left in stock!

https://www.ebay.com/itm/364201591965

#StrayKids #Hyunjin #PhotoCard #Sticker #TheSound #ebay #japan #america #instocknow",0,0,at://did:plc:hvvzvnqdsh3iniu5syjlxwjs/app.bsky.feed.post/3mpjexmyehi26
#photocard,2026-06-29T02:18:24.264Z,ladyholmes.bsky.social,"Fiameta Briarhurst’s photo card. Huzzah!

My OG DnD character, mother, and bad ass wizard <3 Oh how she has endured these past 10 years. 

#fiametabriarhurst #dnd #dndoc #oc #digitalart #illustration #photocard #characterdesign #supporthumanartists #noai",19,4,at://did:plc:6rovpt2lqrye6kwvmdhb722n/app.bsky.feed.post/3mpfgcq2uh226
#photocard,2026-06-27T16:04:12.880Z,hdstore.bsky.social,"ATEEZ 3rd Mini Album THE WORLD EP PARADIGM CD First Limited Edition Photo Card

You bought one at United States America today. We only have a few left in stock!

https://www.ebay.com/itm/364196753645

#ATEEZ #TheWorld #MiniAlbum #PhotoCard #FirstLimitedEdition #ebay #japan #america #instocknow",1,0,at://did:plc:hvvzvnqdsh3iniu5syjlxwjs/app.bsky.feed.post/3mpbtk6t4th2x
#photocard,2026-06-27T01:24:41.968Z,spinktacular.bsky.social,"⚠️‼️ WARNING MUST ASK GF PERMISSION BEFORE LIKING (/j) ‼️⚠️

OC: @oddypng.bsky.social 

#photocard #oc",14,4,at://did:plc:wbcixivouqy3c7bxq4465ww5/app.bsky.feed.post/3mpacf7wgvk2d
#photocard,2026-06-26T11:26:42.571Z,markdaws.bsky.social,"I know almost nothing about Kpop but thought Id give it a chance, so lets check out everything that this pack can give.
One Beyond £1.25
youtu.be/of6K8aFZLt4
#KpopStarsPhotocardCollection #Kpop #Photocard #Lollypop #Review",0,0,at://did:plc:bmajxaxircequo77btolzawy/app.bsky.feed.post/3mp6tkz7wrk25
#photocard,2026-06-26T00:43:08.173Z,spinktacular.bsky.social,"SPEED DEMON ❤️‍🔥💛💚 

OC: @oddypng.bsky.social 

#photocard #oc",23,9,at://did:plc:wbcixivouqy3c7bxq4465ww5/app.bsky.feed.post/3mp5plyhvhs2a
#photocard,2026-06-21T16:04:06.261Z,hdstore.bsky.social,"SEVENTEEN DK FML Carat version mini album Fan Club CD Photocards File Binder Set

You bought one at United States America today. We only have a few left in stock!

https://www.ebay.com/itm/364434680184

#Seventeen #DK #FML #CaratVersion #Photocard #ebay #japan #america #instocknow",2,0,at://did:plc:hvvzvnqdsh3iniu5syjlxwjs/app.bsky.feed.post/3mosqqhuupi2h
#photocard,2026-06-21T16:01:04.273Z,istrovery.bsky.social,"photocards commission 
#digitalart #photocard #oc #commission #artmoots",8,1,at://did:plc:v46wkf2fepuqkhffntsa74ah/app.bsky.feed.post/3mosqkfwnqc2r
#photocard,2026-06-14T01:18:55.972Z,betsonbeedee.bsky.social,"Tamon B-Side Pop Up today💖 Had so much fun✨ His photo card is now in containment 🦑 

#tamonbside #popup #photocard",6,0,at://did:plc:xaxz3yom6rxphtustkn42gw4/app.bsky.feed.post/3mo7lymq6qc2w
#photocard,2026-06-13T16:54:39.767Z,ranebowstitches.bsky.social,#LeonKennedy #photocard I made for a friend for their birthday! I really enjoy how he came out~ #residentevil,0,0,at://did:plc:tucqpejxvlsoveydrxmdfdfv/app.bsky.feed.post/3mo6pt3p5kk2u
#photocard,2026-06-11T16:58:15.079Z,ladyholmes.bsky.social,"Next up on the photocard train is my sweet bun boy Snapdragon!!! <3

#photocard #oc #dndoc #dnd #rabbitfolk #viera #snapdragon #bunboy #cute #kawaii #supporthumanartists #noai #illustration #digitalart #pridemonth #druid",10,3,at://did:plc:6rovpt2lqrye6kwvmdhb722n/app.bsky.feed.post/3mnzp3u5ez22t
#photocard,2026-06-10T17:58:20.268Z,ladyholmes.bsky.social,"Made one of those decorative photo cards I’ve seen people make for their OCs. I hope I did it right. And because it’s Pride Month, I’ve included where Honey sits on the rainbow <3

#oc #honeygoldclover #photocard #illustration #digitalart #originalcharacter #faun #wildmage #dnd #pridemonth",11,3,at://did:plc:6rovpt2lqrye6kwvmdhb722n/app.bsky.feed.post/3mnxbygnme22n
#photocard,2026-06-05T16:58:47.361Z,tacoroach.bsky.social,"Normalize making photocard of your yumes

(Not a yume of mine, just an example)
#PhotoCard #Yumeshipping",0,0,at://did:plc:pj6iff52f4zqmh7itjexj6po/app.bsky.feed.post/3mnkmdfpfe22z
#photocard,2026-06-05T15:12:47.566Z,zirart.bsky.social,"Sorry for disappearing, I'm finally here to show you the last photocard in the series I made of Winx, and obviously, it had to be the Trix!
Who else loved these characters? ❤️💙💜
.
.
.
.
(agosto 2025)
#winx #trix #digitalart #fanart #cartoon #photocard #merch",16,4,at://did:plc:dyivlr6k4sxk25ng4elhatzy/app.bsky.feed.post/3mnkgfgffjs26
#photocard,2026-05-24T01:18:42.965Z,serknoire.bsky.social,"Chemists Photocard design - John Dalton and Dmitri Mendeleev

#artofserknoir #chemistry #historyofscience #photocard",0,0,at://did:plc:jnpxlpq4ui7pdpexifmejsgj/app.bsky.feed.post/3mmks6uccqs2o
#photocard,2026-05-21T17:56:44.260Z,zombieteddie.bsky.social,"I thought BlueSky might wanna see my ladies 🥰

#maidoutfit #purikura #bbnomula #meatcanyon #photocard #moistcr1tikal",1,0,at://did:plc:d62tv7dbvc45saayqfgdtllh/app.bsky.feed.post/3mmeylbut4s23
#photocard,2026-05-21T08:49:07.460Z,serknoire.bsky.social,"Chemists Photocard design - Marie Anne Lavoisier

#artofserknoir #chemistry #historyofscience #photocard",0,0,at://did:plc:jnpxlpq4ui7pdpexifmejsgj/app.bsky.feed.post/3mmdzxpeoss2t
#photocard,2026-05-20T11:06:05.684Z,serknoire.bsky.social,"Chemists Photocard design - Antoine Lavoisier

#artofserknoir #chemistry #historyofscience #photocard",1,0,at://did:plc:jnpxlpq4ui7pdpexifmejsgj/app.bsky.feed.post/3mmbr5kz6jc2z
#photocard,2026-05-20T09:12:20.670Z,serknoire.bsky.social,"Chemists Photocard design - Robert Boyle
(I'll start making new merch of this photocard!)

#artofserknoir #chemistry #historyofscience #photocard",0,0,at://did:plc:jnpxlpq4ui7pdpexifmejsgj/app.bsky.feed.post/3mmbksed2ns2q
#photocard,2026-05-09T01:30:56.863Z,skyteaa.bsky.social,"Gonna have 100 SkyTeaa holo photo cards for my con season this year! I would love to trade with people/ fans for these during events this year! I can’t wait to have them in hand! 

I’ve got SO MANY ORDERS RIGHT NOW. I’m just STARTING AT MY EMAIL WAITING! 

#SkyTeaaArt #photocard",34,1,at://did:plc:y7i32hhpuuxg47hadm6aopfa/app.bsky.feed.post/3mlf3viwtjs2j
#photocard,2026-05-04T17:30:49.279Z,daebias.bsky.social,"La wishlist de la commu est en ligne sur Daebias !

Postez les photocards qu'il vous manque pour compléter vos collections. Si quelqu'un possède votre PC dans son binder, il pourra vous aider à finir votre set.

daebias.com/wishlist

#kpop #photocard #daebias",0,0,at://did:plc:un4wdbckmmouuj5syxk64qjw/app.bsky.feed.post/3ml277acnvc2o
#photocard,2026-05-02T20:00:10.168Z,daebias.bsky.social,"Mon 1er projet de code de lycéenne : mêler le code et la K-pop !!!

Je construis Daebias, une marketplace pour acheteret vendre photocards entre fans.

Vendez vos PC ici : daebias.com

#Kpop #Photocard #KpopFrance #Daebias",1,0,at://did:plc:un4wdbckmmouuj5syxk64qjw/app.bsky.feed.post/3mkvglsdmof2e
#photocard,2026-05-01T15:37:18.763Z,cait-art18.bsky.social,"recent poca comms!!
You x mini you(s)/ ur fav chara!! 🤭

This service is now available on my VGen/ dm!! 
💌 vgen.co/Cait_art18

Feel free to contact me if u have any questions~

#watercolor #photocard #traditional #commsopen",6,3,at://did:plc:bp6amlxwou4ohqp2obyoz5fl/app.bsky.feed.post/3mkshh6ibms2m
#photocard,2026-04-26T20:40:17.750Z,deceivelain.bsky.social,"#Sketchpage #photocard #commission for @ scottland on #vgen ! Very fun character and colors to work with :D

#originalcharacter #ocsky #artsky #VgenComm",15,5,at://did:plc:uvteiij6qacztx6apyfnhti5/app.bsky.feed.post/3mkgg2jj7i226
#photocard,2026-04-26T06:12:19.747Z,moonrimuvi.bsky.social,"Iris🩷

continue the series of photocards⭐️

#photocard #aceattorney #iris #thegreataceattorney #tgaa",17,10,at://did:plc:m2pjciqe3pkjebapsf3si6om/app.bsky.feed.post/3mkevkgu4as2y
#photocard,2026-04-25T19:10:33.851Z,moonrimuvi.bsky.social,"Luluci💛

continue the series of photocards⭐️

#photocard #witchhatatelier #wha #δ帽子 #luluci",23,10,at://did:plc:m2pjciqe3pkjebapsf3si6om/app.bsky.feed.post/3mkdql6qwec2n
#photocard,2026-04-25T06:08:29.055Z,moonrimuvi.bsky.social,"Tarte Tatin Cookie❤️

continue the series of photocards⭐️

#photocard #cookierunkingdom #cookierun #tartetatincookie #crk",2,0,at://did:plc:m2pjciqe3pkjebapsf3si6om/app.bsky.feed.post/3mkceuo7umc2s
#photocard,2026-04-24T18:52:08.245Z,moonrimuvi.bsky.social,"Klavier Gavin💜

continue the series of photocards⭐️

#photocard #aceattorney #klavier #aceattorneyfanart #klaviergavin",10,5,at://did:plc:m2pjciqe3pkjebapsf3si6om/app.bsky.feed.post/3mkb737ks5k23
#photocard,2026-04-23T18:21:51.650Z,moonrimuvi.bsky.social,"Beldaruit🩵

continue the series of photocards⭐️

#photocard #witchhatatelier #wha #δ帽子 #beldaruit",20,7,at://did:plc:m2pjciqe3pkjebapsf3si6om/app.bsky.feed.post/3mk6mwbysxc2q
#photocard,2026-04-22T19:33:52.654Z,moonrimuvi.bsky.social,"Espresso Cookie🤎

continue the series of photocards⭐️

#photocard #cookierunkingdom #cookierun #espressocookie #crk",4,0,at://did:plc:m2pjciqe3pkjebapsf3si6om/app.bsky.feed.post/3mk4ahydj6c2y
#photocard,2026-04-21T18:25:21.556Z,moonrimuvi.bsky.social,"Maya Fey🩷

decided to make some photocards for characters from my favorite media⭐️ stay tuned

#photocard #aceattorney #mayafey #aceattorneyfanart #mayafeyfanart",6,4,at://did:plc:m2pjciqe3pkjebapsf3si6om/app.bsky.feed.post/3mjzm6ovedc2c
#photocard,2026-04-15T11:18:11.550Z,nerdybirdyart.bsky.social,"I just need to add stickers and the signature, then my first photo card design will be done.

#jasontodd #redhood #art #wip #fanart #photocard",6,3,at://did:plc:sex4qvlwzovohc6nxqzaghfm/app.bsky.feed.post/3mjjrji6gg222
#photocard,2026-04-15T04:42:31.555Z,porplaathome.bsky.social,"โฟมล้างหน้าที่มากกว่าความสะอาด 💙
SENKA Perfect Whip

🫧 ผิวนุ่ม ล้างสะอาด
🎁 แถม Photo Card Exclusive (SENKA X TeeTee)

🛒 (s.shopee.co.th/6VJwLvAL8W)

#SENKA #Skincare #PhotoCard #รีวิวของดี",1,0,at://did:plc:jfcqrhtcupwev647jdgqsck4/app.bsky.feed.post/3mjj3fymvwk2p
#photocard,2026-04-15T04:41:28.351Z,porplaathome.bsky.social,"โฟมล้างหน้าที่มากกว่าความสะอาด 💙
SENKA Perfect Whip

🫧 ผิวนุ่ม ล้างสะอาด
🎁 แถม Photo Card Exclusive (SENKA X TeeTee)

🛒 (s.shopee.co.th/6VJwLvAL8W)

#SENKA #Skincare #PhotoCard #รีวิวของดี",1,0,at://did:plc:jfcqrhtcupwev647jdgqsck4/app.bsky.feed.post/3mjj3dvty3s2p
#photocard,2026-04-06T21:20:49.075Z,ctrlaltdamien.bsky.social,"I was thinking…
Should I sell this (and my others) as digital photocards? Idk if anyone will buy it but I’m proud of them ಥ‿ಥ I’m only showing one so I don’t spoil the rest if go with putting it for sell.
#kofi #product #digital #photocard #vrmposingdesktop #photoshop #VRoid #vtuber #3d #art #edit",9,1,at://did:plc:7h4h43ak5odzlkvblml53mfk/app.bsky.feed.post/3miu6ypgac22g
#photocard,2026-04-06T21:04:36.055Z,seizethefate.bsky.social,#kpop #photocard #ive #revive+ #starship,2,0,at://did:plc:liqsi3uewm664q3bnwf7pg5t/app.bsky.feed.post/3miu63qgh3c2t
#photocard,2026-04-04T00:27:01.452Z,mangohex.bsky.social,"˚˖𓍢ִ໋❀
Leafeon toploader!! Who should I make next? 

˚₊‧꒰ა ☆ ໒꒱ ‧₊˚
#photocard #pokemon",2,0,at://did:plc:u5qhbulzj6vdwkb6sjsmomc7/app.bsky.feed.post/3mimymbs7u22e
#photocard,2026-04-03T20:19:51.158Z,psaart.bsky.social,"I designed some photocard holders 🫣 who would you put in here?

#photocard #kpop #lps #sillyart #artistalley",6,0,at://did:plc:ujlydrrqkcr6zx7x6xcnenvv/app.bsky.feed.post/3mimk6ycjas2g
#photocard,2026-03-29T20:29:14.053Z,nikasia.bsky.social,"”All, Hail the Saintess! Sha Hualing” 🌺

#shahualing #svsss #photocard #digitalart",6,1,at://did:plc:43at6kgnqzatzzdmc4r5ia7v/app.bsky.feed.post/3mi7yf3fwkk2b
#photocard,2026-03-24T02:37:12.254Z,mangohex.bsky.social,"₍ᐢ. .ᐢ₎ ₊˚⊹♡
working on a new sanrio set! this one is more dessert themed. My other set is available on my etsy! 
*ੈ✩‧₊˚༺☆༻*ੈ✩‧₊˚
#toploader #sanrio #photocard",2,0,at://did:plc:u5qhbulzj6vdwkb6sjsmomc7/app.bsky.feed.post/3mhrkqbbt6s26
#photocard,2026-03-24T02:35:11.950Z,mangohex.bsky.social,". ݁₊ ⊹ . ݁ ⟡ ݁ . ⊹ ₊ ݁.
Umbreon and Espeon toploaders. These will be for sale once i finish all the eeveelutions!
. ݁₊ ⊹ . ݁ ⟡ ݁ . ⊹ ₊ ݁.
#toploader #pokemon #photocard",2,0,at://did:plc:u5qhbulzj6vdwkb6sjsmomc7/app.bsky.feed.post/3mhrkmnwk3s2q
#photocard,2026-03-23T17:44:37.170Z,mangohex.bsky.social,"⋆.˚✮Intro Post⋆.˚✮

#toploader #decoden #photocard",3,0,at://did:plc:u5qhbulzj6vdwkb6sjsmomc7/app.bsky.feed.post/3mhqmxsxdl52e
#photocard,2026-03-23T14:15:04.554Z,haumaida.vtubers.social,"It's been a hot minute since I posted my art here!

art of @otherjacck.euvtubers.tv !

#Vsky #Vartist #photocard",7,1,at://did:plc:t73f5lh5unutcfdonh3pkn6g/app.bsky.feed.post/3mhqaoevrmc2j
#photocard,2026-03-22T18:02:12.656Z,twinklesbrightly.bsky.social,A new video! youtu.be/XR-O3DIRgbk #crochet #kpop #photocard #photocardholder,0,0,at://did:plc:m2ldnmct2n2n7fkjyxfjbuok/app.bsky.feed.post/3mho4vudu622v
#photocard,2026-03-22T16:02:47.858Z,gachapyon.co.uk,"Just 5 days until the Idol a la Mode Kickstarter ends! What flavour would you order? 🍨

#Oshikatsu #Itabag #kawaiiartist #Icecream #Photocard",1,0,at://did:plc:pwzehub4eew77z5x3zcmwlx5/app.bsky.feed.post/3mhnwae757d2k
#photocard,2026-03-21T04:54:59.455Z,yrhkr.bsky.social,"ยังเปิดอยู่น๊าาาา 🌸
surl.li/gjeidz

#artprints #photocard #oc #fanart #สายผลิต",8,1,at://did:plc:mnq3uadle753ufmyyvwqravt/app.bsky.feed.post/3mhkagmq2322k
#photocard,2026-03-14T17:01:53.256Z,gachapyon.co.uk,"Ube swirl and Sherbet - two flavours I've yet to try myself but would love to one day! These flavours included in the Idol A La Mode photocard holder collection!

Pledge today on kickstarter and recieve an early bird discount! Limited to the first 10 pre-order pledges <3

#Photocard #Oshikatsu",5,0,at://did:plc:pwzehub4eew77z5x3zcmwlx5/app.bsky.feed.post/3mgzvsnme4e2x
#photocard,2026-03-14T05:44:39.452Z,krc-draws.bsky.social,"PHOTOCARD COMMS!!!

Choose a pose, background color/style, and even 3 small doodles for “stickers” all starting at $25+

[ #oc #digitalart #krcdraws #commission #artcommission #photocard ]",5,0,at://did:plc:7awpa7txx27rkeer4i3q2zvj/app.bsky.feed.post/3mgypxktqck25
#photocard,2026-03-12T17:02:39.557Z,gachapyon.co.uk,"Strawberry and Mint chocolate are refreshing, classic ice cream flavours, and they're included in the Idol A La Mode photocard holder collection!

[Tag List] #Animeartist #Photocard #Oshikatsu #Oshimaxxing #Icecream",2,1,at://did:plc:pwzehub4eew77z5x3zcmwlx5/app.bsky.feed.post/3mguuw6qalh2d
#photocard,2026-03-11T01:26:47.161Z,aprinceinwhite.bsky.social,"I forgot you need a backside for photocards so it’s simpler but it looks good! 

#art #oc #aara #photocard #illustration",3,0,at://did:plc:sauwb4ijjzewejmwz2tjp5ca/app.bsky.feed.post/3mgqq5b7ggs2z
#photocard,2026-03-10T16:02:30.364Z,gachapyon.co.uk,"Cherry and Dragonfruit, tarte and mild - opposites attract as they say! These two flavours are included in the Idol A La Mode photocard holder collection!

Pledge today on kickstarter and recieve an early bird discount! Limited to the first 10 pre-order pledges <3

#Animeartist #Photocard #Oshikatsu",1,1,at://did:plc:pwzehub4eew77z5x3zcmwlx5/app.bsky.feed.post/3mgpqmru2wl2o
#photocard,2026-03-08T15:02:32.249Z,gachapyon.co.uk,"Butterscotch and Birthday cake, two nostalgic and sweet flavours included in the Idol A La Mode photocard holder collection!

Pledge today on kickstarter and recieve an early bird discount! Limited to the first 10 pre-order pledges <3

#Animeartist #Photocard #Oshikatsu #Oshimaxxing #Icecream",5,2,at://did:plc:pwzehub4eew77z5x3zcmwlx5/app.bsky.feed.post/3mgkmdpio7u27
#photocard,2026-03-05T12:51:57.551Z,gachapyon.co.uk,"🍦 Ready to add a scoop of flavor to your accessory game? My Kickstarter campaign for ""Idol A La Mode"" has officially launched and it's as sweet as it sounds!
The project is already nearly 100% funded, and you could be the difference! 
#Oshikatsu #Photocard",5,1,at://did:plc:pwzehub4eew77z5x3zcmwlx5/app.bsky.feed.post/3mgctnhcu4j27
#photocard,2026-03-04T22:55:27.753Z,bruxaespectwuz.bsky.social,"Silly
#Rottmnt #photocard",3,2,at://did:plc:ucpl4nsvuf3k662pyy7qh6ws/app.bsky.feed.post/3mgbevak3uc2p
#photocard,2026-03-02T11:52:16.054Z,sweetbunniart.bsky.social,"Grandpa Leon☣︎ No spoilers for RE9 but OHHHH MY GODDDDDD

Photocards and other fanart merch available here acggoods.com/store/sweetb...

#residentevilrequiem #leonkennedy #re9 #leonre9 #photocard",1,0,at://did:plc:46c7bq6hgpipr6mnz22uywrk/app.bsky.feed.post/3mg36voyjuc23
#photocard,2026-03-01T20:07:11.752Z,selkiescribble.bsky.social,"What a catch! 

#photocard #photocardholder #pcholder #smallartists #newmerch",5,1,at://did:plc:bfxxk63pd7lbjnjnxvrdieoo/app.bsky.feed.post/3mfzk3vsfmk2t
#photocard,2026-02-26T21:13:57.359Z,faerisk.bsky.social,"Sketch vs. Final artwork
Art Nouveau inspired photocard of my bby Thalin #ocsky #faeoc #artnouveau #photocard #clipstudiopaint",15,3,at://did:plc:5ttoth2hjnmq5tzybho7zhov/app.bsky.feed.post/3mfs4gharlc2f
#photocard,2026-02-26T05:52:50.155Z,stefflesart.bsky.social,"Making more Gachiakuta photocards!

[ #art #fanart #gachiakuta #photocard #anime #gachiart #amo #tamsy #august #jabber ]",39,9,at://did:plc:o6oogx4j4mxomlmoyqphuo3e/app.bsky.feed.post/3mfqixd6f7s24
#photocard,2026-02-23T22:34:31.964Z,selkiescribble.bsky.social,"Im so excited these FINALLY came in and I ca show them off!!

#photocard #straykids #kpop #kpopdemonhunters #photocardholder",3,1,at://did:plc:bfxxk63pd7lbjnjnxvrdieoo/app.bsky.feed.post/3mfkpjss2xc2q
#photocard,2026-02-23T06:01:56.750Z,theonlyrobottic.bsky.social,"Photo card for @deceptivedante.bsky.social 
-
#robodoodles #photocard #honorarysajaboy",6,3,at://did:plc:upy3xbi6kwvcwopjq5bw2nkj/app.bsky.feed.post/3mfiy2ve3r226
#photocard,2026-02-22T18:22:02.550Z,vinsnore.bsky.social,#kakashi #photocard,1,0,at://did:plc:u2yaoeznhyxq3kjp4brkjtsp/app.bsky.feed.post/3mfhqxe7x6226
#photocard,2026-02-21T18:30:47.359Z,gachapyon.co.uk,"Something sweet is coming soon, get ready for Idol A La Mode! ヽ(*・ω・)ﾉ#

Idol A La Mode is the combination of a few of my favourite things: Food, Bright colours and Oshikatsu!

You can presave the campaign now over on Kickstarter!

#Oshikatsu #Jpop #Photocard #Animeartist #Kawaiiartist",5,0,at://did:plc:pwzehub4eew77z5x3zcmwlx5/app.bsky.feed.post/3mffaybsmn22p
#photocard,2026-02-21T03:54:00.852Z,mewmewheart.bsky.social,"Comprei um cardholder benguey. Mas não tenho um photocard pra por nele...

E se... #mgs #sketch #photocard",2,0,at://did:plc:wkhi6glt5gatpicbyexjbhhg/app.bsky.feed.post/3mfdqad7bo224
#photocard,2026-02-15T21:52:32.955Z,estherd1v4.bsky.social,"Tentativa de fazer um photocard até q eu gostei kkkk
ᡣ𐭩°❀⋆.ೃ࿔*:･

#BRart #TradicionalArt #PhotoCard #Flop #Foryou",16,4,at://did:plc:dranjik62w45fnipxmbxhcnw/app.bsky.feed.post/3mewjg5pyas2l
#photocard,2026-02-14T02:00:52.060Z,arosiecharm.bsky.social,Come and get some😁 #photocard #kpop #enhypen #kpopfyp #Meme,0,0,at://did:plc:4akiwhoq4a3n3s4edre2vjke/app.bsky.feed.post/3merwfptmnk2j
#photocard,2026-02-13T06:46:38.051Z,sunnyproblems.bsky.social,"What happens when a card addict and artist can’t get her hands on actual cards?? 

Started with Sera but have been making others, canon and OCs! Have something you’d love to see? Tell me in the comments!!

#hazbinhotel #hazbinhoteltcg #hazbinhotelsera #sera #tcgproxy #fanart #digitalart #photocard",36,7,at://did:plc:b4w6ijask47qtuvumes5abxh/app.bsky.feed.post/3mepvvqymus2y
#photocard,2026-02-12T22:18:55.450Z,aprinceinwhite.bsky.social,"A photocard mockup of Mandela for my art show! 

#photocard #oc #ocart #wooacry",2,0,at://did:plc:sauwb4ijjzewejmwz2tjp5ca/app.bsky.feed.post/3meozjpvf722n
#photocard,2026-02-12T15:03:29.651Z,sinkatachi.bsky.social,"I have 4 slots of omakase photocard commissions over on ko-fi!! Please visit my page > commissions and choose the corresponding comm type. You can request oc or a favorite character from a franchise^q^

Reshares are appreciated<3 #commissions #opencommission #photocard",5,4,at://did:plc:kdowzbbdhibhtjr5v2syih2n/app.bsky.feed.post/3meob6wpia22m
#photocard,2026-02-12T03:42:08.652Z,l0unette.bsky.social,"Waaa my first toploader! 💚💜

I'm so happy with how it came out :'] I can't wait to make more (which will be the Papas ofc😌🖤)

#toploader #photocard #crafts",6,2,at://did:plc:kpwn76ecgabqafc7ng5rcwyb/app.bsky.feed.post/3men34ux3pk26
#photocard,2026-02-12T00:49:40.554Z,robinpintop.bsky.social,"Finished Photocard freebie!!
These are available on my vgen for as low as 10USD! (merch rights included)
(🔗 In reply)
#artmoots #VGenArtist #ArtCommission #commsopen #VGenComm #freebie #photocard #selfie #vampire",13,1,at://did:plc:srhaaunxrv5gd76o6khhxelf/app.bsky.feed.post/3memrigsehk26
#photocard,2026-02-11T03:55:58.555Z,arosiecharm.bsky.social,PhotoCard Binder Upgrade!!!! #xlov #photocard #kpop #enhypen #bts,0,0,at://did:plc:4akiwhoq4a3n3s4edre2vjke/app.bsky.feed.post/3meklgqoo3k26
#photocard,2026-02-10T01:54:48.950Z,robinpintop.bsky.social,"Finished Photocard freebie ^^ you can get a similar one for 20USD on my VGen 
(🔗 in reply ^^)
#artmoots #VGenArtist #ArtCommission #commsopen #VGenComm #freebie #photocard #selfie #gothic #gothicgirls",7,1,at://did:plc:srhaaunxrv5gd76o6khhxelf/app.bsky.feed.post/3mehu6yw2ws2i
#photocard,2026-02-07T19:09:42.752Z,goldstarkraken.bsky.social,"Another Joey Daccord Photocard
#seakraken #joeydaccord #photocard #nhl #hockey",2,0,at://did:plc:bstwobwxv6qu7uo3ehdnv7te/app.bsky.feed.post/3mec4mu7n222z
#photocard,2026-02-05T23:01:36.855Z,spidereyez.bsky.social,"Can I annoy you all with yet ✨another✨ MC photo card??? 

I need energy to do those new cosplays & to revamp MC lol but the new banner coming up?!??? AAAHHH I NEED ALL OF THEM 😅😩🤌

*Editing done in PicsArt 

#loveanddeepspace #loveanddeepspacemc #ladsmc #photocard #otomegame #cosplay #ladscosplay",7,0,at://did:plc:yjtuxsbfmjkk63qhgdmktkrp/app.bsky.feed.post/3me5jje7onc25
#photocard,2026-02-05T15:59:32.552Z,mimscosara.bsky.social,"Robin live action redraw 💜🌸💓

Shares are appreciated 💖
.
.
.
#robin #elbaph #strahatpirates #photocard #ONEPIECE #optcg",246,80,at://did:plc:3zpsjqvgu75wfopk3ho372v4/app.bsky.feed.post/3me4r2xvbes2u
#photocard,2026-02-04T18:26:18.158Z,frizzy09.bsky.social,"Quaternity photocards 😛🙏

#art #anime #kpop #photocard #manga #doodle #doodleart #oc",6,0,at://did:plc:g6dzqqzropr6hfufdbrmkvmj/app.bsky.feed.post/3me2isivbs22y
#photocard,2026-02-03T14:20:38.754Z,pawtismparty.bsky.social,"I love my #spamton #itabag. 
The close ups are a couple of the pieces I made myself
#deltarunechapter2 #bigshot #oshikatsu #photocard",3,0,at://did:plc:2h2wjknuibpstm2q46foitvw/app.bsky.feed.post/3mdxklh4ro22y
#photocard,2026-02-01T20:21:52.952Z,fiishboner.bsky.social,"Better pics of my boys as photocards
#fantroll #fantrolls #homestuck #hiveswap #ocsky #photocard",2,1,at://did:plc:o77sfplqplsxzfcppbntr7jg/app.bsky.feed.post/3mdt5u6jggk2p
#photocard,2026-02-01T05:08:08.554Z,fiishboner.bsky.social,"YAY MY FAVORITE BAND MEMBERS EEEEEEE!!!
#fantroll #fantrolls #homestuck #hiveswap #photocard",6,2,at://did:plc:o77sfplqplsxzfcppbntr7jg/app.bsky.feed.post/3mdrksjdrdc2d
#photocard,2026-01-31T23:06:07.453Z,wenkicai.bsky.social,making photocard art of my ocs bc i would not make it out alive if i actually got into kpop #wenkiart #photocard #ocsky,1,2,at://did:plc:bwy4johcc7w6bhpxl6xjfcv6/app.bsky.feed.post/3mdqwl4ksvs2k
#photocard,2026-01-29T19:06:26.253Z,arosiecharm.bsky.social,Katseye Photocard binders are back in stock on my Timtok Shop and Etsy! STOCK IS LIMITED!!! LINK IN BIO😄😄😄 #kpopshop #kpop #photocard #katseye #fyp,0,0,at://did:plc:4akiwhoq4a3n3s4edre2vjke/app.bsky.feed.post/3mdliatf27s2x
#photocard,2026-01-22T16:36:20.239Z,butterkaeya.bsky.social,"Finally finished with the backside of the photocard design for Abysm Sovereign Sylus 🐦‍⬛🚗

#loveanddeepspace #sylus #秦彻 #恋与深空 #photocard #illustration",9,3,at://did:plc:5fb44otkf4u6ympxuzyjugq4/app.bsky.feed.post/3mczmlobv4224
#photocard,2026-01-20T17:48:48.442Z,zirart.bsky.social,"We continue the serie of photocards with Flora! Fairy of nature 💚✨
.
.
.
.
(septiembre 2025)
#winx #flora #photocard #merch #fanart #digitalart",27,9,at://did:plc:dyivlr6k4sxk25ng4elhatzy/app.bsky.feed.post/3mcuppiypo22d
#photocard,2026-01-11T13:50:12.734Z,zirart.bsky.social,"For the first post of the year, I present to you, Musa! The music fairy! 💜✨
.
.
.
.
(julio 2025)
#musa #winx #winxclub #fanart #digitalart #photocard",40,10,at://did:plc:dyivlr6k4sxk25ng4elhatzy/app.bsky.feed.post/3mc5o6mjufk2j
#photocard,2026-01-10T14:13:41.134Z,toraprinting.bsky.social,"Promotion สุดคุ้มประจำปี 2026 
สวัสดีปีใหม่พี่ๆตั้งแต่เดือนมกราคม-มิถุนายน 2026

น้องโทระจัดโปรให้ตามคำเรียกร้อง 
#Photocard, #Postcard
#Photobooth, #Poster และ
#StickerDiecut 50% / 100% 

ระยะเวลาผลิตงาน 3-5 วัน ไม่นับเสาร์อาทิตย์และวันหยุด

*#Slogan มีโปรลับ / #Giveaway Set ทัก dm",1,0,at://did:plc:42s6r4relapavi7skutkagtn/app.bsky.feed.post/3mc36zmngvs2p
#photocard,2026-01-10T05:30:49.637Z,fabricframes.bsky.social,www.etsy.com/listing/8571... #Etsy #forsale #Photo #Frame #Patterns #Fabric #Covered #Cardboard #Frames #Digital #Download #DIY #Wedding #Nursery #Decor #Party #Table #Card #Photocard Holder $6 #crafts #handmade #Pictures #Photography #Gifts #Tabletop #Display $4 #Jan9 #Jan10 #Jan11 #2026,3,0,at://did:plc:64pmjky2ghpuh2iaog6ozemn/app.bsky.feed.post/3mc2bsrk6hc26
#photocard,2026-01-10T05:15:47.934Z,fabricframes.bsky.social,www.etsy.com/listing/5045... #Etsy #forsale #Washable #Fabric #Photo #Frame #Pattern 8 #Sizes #Download 3 #Table #Ornaments #Place #Card #Photocard #Holders #Party #Favors #GiftIdeas $6  #crafts #handmade#Nursery #Wedding #Pictures #Photography #Gifts #Tabletop #Display $4 #Jan9 #Jan10 #Jan11 #2026,2,0,at://did:plc:64pmjky2ghpuh2iaog6ozemn/app.bsky.feed.post/3mc2ay2u6b226
#photocard,2026-01-06T17:21:43.530Z,nikaidoarts.bsky.social,"New addition to the shop! Oc merchandise (⁠｡⁠•̀⁠ᴗ⁠-⁠)⁠✧ You can get them in my ACGGOODS shop

They are limited! 👀

acggoods.com/store/nikaid...

#oc #ocart #furry #furryartwork #kemonomimioc #photocard #didigtalshop #acggoods",5,0,at://did:plc:sbg4fp55dc7whz2ihzvom74p/app.bsky.feed.post/3mbrho576jc23
#photocard,2026-01-03T20:47:29.735Z,heymtorres.bsky.social,"Bokuto photocard I did for one of the many artist alleys I attended in 2025 :)

#bokuto #haikyuu #msby #photocard #traditionalart #BRart",13,4,at://did:plc:vgz2xxeuxpwcd2722gqnix4e/app.bsky.feed.post/3mbkbrhmqks25
#photocard,2026-01-01T12:19:07.833Z,rikabika.bsky.social,"Question for the photocard collectors:

Do you prefere your cards to have a personalized background (Like some pretty pattern, name of the character etc.)

or

would you prefere the image mirrored, so you can adjust it to fit perfectly into your photocard holders/stands?

#photocard #artistalley",0,0,at://did:plc:ncezujh33dm25k4testccswx/app.bsky.feed.post/3mbeegqg5wc24
#photocard,2025-12-28T15:20:50.039Z,kwaiflower.bsky.social,"mira's turn ~!

#kpopdemonhunters #kpopdemonhuntersfanart #mira #mirakpdh #photocard",3,1,at://did:plc:wrkxrkm3oh7qry4okyixapdx/app.bsky.feed.post/3mb2mpobwjk2n
#photocard,2025-12-26T02:31:46.538Z,koragg1.bsky.social,"Got a photocard decorating kit for Christmas, ha ha ha

#fiyerotigelaar #superman #varrictethras #whitechasesmoker #cheyennebodie #photocard #fanart",4,0,at://did:plc:2urmjaseqybhuiwqvod5mcit/app.bsky.feed.post/3mauasreyas2c
#photocard,2025-12-24T11:42:29.529Z,bunnibambii.bsky.social,"Completed this on stream! So happy with the results of it 💗 the photocard series is coming up pretty smoothly 

#oc #photocard #illustration",6,1,at://did:plc:rgsvtdnfodoqddy72ufa6jnx/app.bsky.feed.post/3maq6nnbtb22u
#photocard,2025-12-22T17:55:56.532Z,wolfspectrum.bsky.social,#sfw #furry #badge? #photocard??,2,0,at://did:plc:6uftjf4doo3nivcw3niuxuep/app.bsky.feed.post/3malsljyfhc2k
#photocard,2025-12-21T01:00:11.636Z,coldpunk.bsky.social,"🍒Cherry Photocard Holder🍒

coldpunkcreative.etsy.com
-
#coldpunkglass",0,0,at://did:plc:zsqmqtbfvncjoh3egnio26mz/app.bsky.feed.post/3mahjelocbj2v
#photocard,2025-12-16T10:59:18.733Z,zirart.bsky.social,"The third one, Stella, daughter of the sun and the moon! 💛✨
.
.
.
.
(agosto 2025)
#stella #winx #winxclub #photocard #fanart #digitalart #merch",26,9,at://did:plc:dyivlr6k4sxk25ng4elhatzy/app.bsky.feed.post/3ma3yj2ek5k24
#photocard,2025-12-11T19:23:06.036Z,arosiecharm.bsky.social,Double Wammy!!! Thank You Georgia and Jessica For Shopping With Me!!! I Hope You Enjoy Your Binders🥰🥰 #kpop #kpopshop #katseye #photocard,0,0,at://did:plc:4akiwhoq4a3n3s4edre2vjke/app.bsky.feed.post/3m7qcdjbbrs2r
#photocard,2025-12-11T11:25:51.835Z,kotonui.bsky.social,"I've finally given the SEES mini standees their own mica dorm!! Maybe I should get them some miniature stuff? 🏠

The top might be used as altar space which I'll decorate some other time ✨

(The Kotone wall shrine is still intact.)

#persona3 #persona3portable #p3p #standee #photocard",12,2,at://did:plc:xbtdjqhfjuxj222xmdavqkjr/app.bsky.feed.post/3m7phnmthz22r
#photocard,2025-12-04T21:37:20.536Z,lillysapphire55.bsky.social,"Yumes! Where do you guys get photocards of your f/o? ;w;

I don't know where to start or look online to get them printed, I want them in good quality too

#yume #f/o #photocard #selfship",1,0,at://did:plc:oq2apzicskfg335xt7kjfxum/app.bsky.feed.post/3m76wl4tpsc2p
#photocard,2025-12-02T15:28:34.635Z,zirart.bsky.social,"Second character of this Winx photocard series. The fire and dragon fairy! 🧡✨
.
.
.
.
#bloom #winxclub #fanart #photocard #winx",31,9,at://did:plc:dyivlr6k4sxk25ng4elhatzy/app.bsky.feed.post/3m6zazob6lk2f
#photocard,2025-11-27T14:44:30.537Z,mimscosara.bsky.social,"ROBIN 💜🌸💓

[ working on the next leaders⭐️ ]

Shares are appreciated 💖
.
.
.
#robin #elbaph #strahatpirates #photocard #ONEPIECE #optcg",119,33,at://did:plc:3zpsjqvgu75wfopk3ho372v4/app.bsky.feed.post/3m6mmadkt7k23
#photocard,2025-11-26T00:01:12.831Z,coldpunk.bsky.social,"💫Angel Wings Photo Holder💫

coldpunkcreative.etsy.com
-
#coldpunkglass",0,0,at://did:plc:zsqmqtbfvncjoh3egnio26mz/app.bsky.feed.post/3m6ikg47lvv2n
#photocard,2025-11-24T13:42:40.231Z,denweiss.bsky.social,"A very late Birthday gift for myself

#pixelart #digitalart #photocard",11,2,at://did:plc:kwcf6vngdmb2rvm3jog5avgb/app.bsky.feed.post/3m6exf4qudc2o
#photocard,2025-11-23T00:01:46.529Z,kcscorner.bsky.social,"#bcdtrade ! 
SUGA - Skool Luv Affair
RM - Map Of The Soul: Persona

Ill accept any card i dont have <3
#BTS #bcd #photocard #ARMY",4,0,at://did:plc:bzhqzmf34e7jkqwppzvwqkch/app.bsky.feed.post/3m6az2fqkx22b
#photocard,2025-11-22T06:53:15.032Z,bl00d7yp3.bsky.social,"Our project OC photocard 📸

#ciorunas #ciorunasproject #art #digitalart #illustration 
#conceptart #characterdesign #originalcharacter #oc #UNISIS #specialforceunisis #specialforces #wip  #militaryart #military #특수부대 #창작 #photo #photocard #kodak #photography",7,0,at://did:plc:6am42xzyrcujsx3rbjqt6vzn/app.bsky.feed.post/3m677kyhopc2b
#photocard,2025-11-21T07:50:37.632Z,fabricframes.bsky.social,www.etsy.com/listing/5045... #sale 25% off #Washable #Fabric #Photo #Frame #Pattern 8 #Sizes 3 #Ornaments #PDF #Download $6 #patterns #Etsy #EtsyShop #EtsySeller #EtsyFinds #EtsyGifts 2025  #USA #Canada #Europe  #Nov21 #Nov22 #Nov23 #pet #photos #wedding #nursery #gifts #frames  #Kpop #photocard,1,0,at://did:plc:64pmjky2ghpuh2iaog6ozemn/app.bsky.feed.post/3m64scon3a22g
#photocard,2025-11-21T07:43:15.232Z,fabricframes.bsky.social,www.etsy.com/listing/8571... #Photo #Frame #Patterns #sale 25% off #Fabric #Covered #Cardboard #Frames #Digital #Download $6 #Etsy #EtsyShop #EtsySeller #EtsyFinds #EtsyGifts #2025 #USA #Canada #Europe #Nov21 #Nov22 #Nov23 #pet #photos #wedding #nursery #gifts #frame  #Kpop #photocard,1,0,at://did:plc:64pmjky2ghpuh2iaog6ozemn/app.bsky.feed.post/3m64rvpgegc2g
#photocard,2025-11-20T06:51:37.434Z,bl00d7yp3.bsky.social,"Our project OC photocard! 📸

#ciorunas #ciorunasproject #art #digitalart #illustration 
#conceptart #characterdesign #originalcharacter #oc #창작 #photo #photocard #kodak #retro",4,0,at://did:plc:6am42xzyrcujsx3rbjqt6vzn/app.bsky.feed.post/3m626kgz3es2s
#photocard,2025-11-20T06:21:03.031Z,bl00d7yp3.bsky.social,"Our project OC photocard! 

#ciorunas #ciorunasproject #art #digitalart #illustration 
#conceptart #characterdesign #originalcharacter #oc #UNISIS #specialforceunisis #specialforces #wip  #militaryart #military #특수부대 #창작 #photo #photocard #kodak",7,0,at://did:plc:6am42xzyrcujsx3rbjqt6vzn/app.bsky.feed.post/3m624tkgbbs2s
#photocard,2025-11-17T19:41:42.658Z,zippityzip.bsky.social,Screw it. I'm gonna draw my own photocards! #boynextdoor #taesan #photocard #kpop,3,0,at://did:plc:fjasrs7ilh55xepcsbifvycn/app.bsky.feed.post/3m5ty6mdgus2t
#photocard,2025-11-17T16:33:42.556Z,zirart.bsky.social,"We're starting with the Winx photocard series! And the first one is Tecna! 💜✨
.
.
.
.
(abril 2025)
#winx #winxclub #tecna #photocard #merch",7,2,at://did:plc:dyivlr6k4sxk25ng4elhatzy/app.bsky.feed.post/3m5tnocso3s2e
#photocard,2025-11-14T06:52:23.556Z,fabricframes.bsky.social,www.etsy.com/listing/5045... #sale 25% off #Washable #Fabric #Photo #Frame #Pattern 8 #Sizes 3 #Ornaments #PDF #Download $6 #patterns #Etsy #EtsyShop #EtsySeller #EtsyFinds #EtsyGifts #2025 #USA #Canada #Europe #Nov14 #Nov15 #Nov16 #pet #photos #wedding #nursery #gifts #shop #frames #Kpop #photocard,2,0,at://did:plc:64pmjky2ghpuh2iaog6ozemn/app.bsky.feed.post/3m5l3s2pcdk2t
#photocard,2025-11-14T06:42:45.358Z,fabricframes.bsky.social,www.etsy.com/listing/8571... #Photo #Frame #Patterns : #sale 25% off #Fabric #Covered #Cardboard #Frames ( #Digital #Download ) $6 #Etsy #EtsyShop #EtsySeller #EtsyFinds #EtsyGifts #2025 #NJ #NY #USA #Canada #Europe #Nov14 #Nov15 #Nov16 #pet #photos #wedding #nursery #gifts #frames #Kpop #photocard,3,0,at://did:plc:64pmjky2ghpuh2iaog6ozemn/app.bsky.feed.post/3m5l3aof7ds2t
#photocard,2025-11-08T00:57:52.866Z,fabricframes.bsky.social,www.etsy.com/listing/8571... #Photo #Frame #Patterns : #sale 25% off #Fabric #Covered #Cardboard #Frames #Digital #Download $6 #Etsy #EtsyShop #EtsySeller #2025 #NJ #NY #USA #Canada #Europe #Nov7 #Nov8 #Nov9 #Nov10 #Nov11 #pet #photos #wedding #nursery #gifts #frames #Kpop #photocard,2,0,at://did:plc:64pmjky2ghpuh2iaog6ozemn/app.bsky.feed.post/3m53f5zzcjc27
#photocard,2025-11-08T00:50:19.961Z,fabricframes.bsky.social,www.etsy.com/listing/5045... #sale 25% off #Washable #Fabric #Photo #Frame #Pattern 8 #Sizes 3 #Ornament #Download $6 #patterns #Etsy #EtsyShop #EtsySeller #sewing or #nosew #2025 #NJ #NY #USA #Canada #Europe #Nov7 #Nov8 #Nov9 #Nov10 #Nov11 #pet #photos #wedding #nursery #gifts  #frames #photocard,1,0,at://did:plc:64pmjky2ghpuh2iaog6ozemn/app.bsky.feed.post/3m53eraoobc27
#photocard,2025-11-08T00:33:25.361Z,fabricframes.bsky.social,www.etsy.com/listing/5045... #sale 25% off #Washable #Fabric #Photo #Frame #Pattern 8 #Sizes 3 #Ornaments #PDF #Download $6 #patterns #Etsy #EtsyShop #EtsySeller #sewing #nosew #2025 #NJ #NY #USA #Canada #Europe #Nov7 #Nov8 #Nov9 #Nov10 #Nov11 #pet #photos #wedding #nursery #gifts #frames #photocard,2,0,at://did:plc:64pmjky2ghpuh2iaog6ozemn/app.bsky.feed.post/3m53dsulcps27
#photocard,2025-11-07T19:20:49.163Z,arosiecharm.bsky.social,Preparing Photocard Binders for my Holiday Launch November 15 at 5pm EST #kpopshop #fyp #photocard #kpopfyp #smallbusiness,2,0,at://did:plc:4akiwhoq4a3n3s4edre2vjke/app.bsky.feed.post/3m52se54t5k2v
#photocard,2025-11-06T03:40:28.755Z,painterfight.bsky.social,"[GUF?]
Yesterday (04/11) marks the birthday of one of my OCs, Reiya! Since I'm planning to visit an upcoming con too I made this photocard of her to be traded during the event~ (more coming later hopefully)
#heapstuff_art #art #oc #ocart #ocsky #photocard",20,5,at://did:plc:4364kscffj2x4uu2keo7bg7a/app.bsky.feed.post/3m4wndlnt2k2n
#photocard,2025-11-05T13:25:15.161Z,juiceboxfrogs.bsky.social,"Photocard Holders have now been made available on my Etsy!

They're made to hold cards of up to standard trading card size, so not only can they hold photocards but they're good for Pokémon TCG, One Piece TCG, or anything else you might like to display!",2,0,at://did:plc:lhdtuy2vvuwmfm7pgqud2t2v/app.bsky.feed.post/3m4v5kizgkg2u
#photocard,2025-11-05T07:23:52.358Z,impactstore.bsky.social,"¡Nuevas y preciosas #photocard de #BoyNextDoor y #Seventeen te esperan en nuestra tienda de #Madrid! Ven a la calle Rodríguez San Pedro, 71, ¡y hazte con todas! ¡CON TODAS!",0,0,at://did:plc:d4p4lsrnwvzulvxwrigbvxtj/app.bsky.feed.post/3m4ujeb55a22i
#photocard,2025-11-04T19:47:09.462Z,spidereyez.bsky.social,"Can 8 interest you in this ✨attempt✨ of Idol MC photocard~~~

#loveanddeepspace #idolmc #loveanddeepspacemc #ladsmc #photocard #cosplay #otomegame",9,2,at://did:plc:yjtuxsbfmjkk63qhgdmktkrp/app.bsky.feed.post/3m4tda5xuzs2o
#photocard,2025-10-31T14:54:07.559Z,mimscosara.bsky.social,"SABO ✨🔥❤️‍🔥

Shares are appreciated 💖
.
.
.
#sabo #revolutionaryarmy #photocard #ONEPIECE #optcg",42,13,at://did:plc:3zpsjqvgu75wfopk3ho372v4/app.bsky.feed.post/3m4iq6nulkc2s
#photocard,2025-10-30T14:12:54.258Z,mimscosara.bsky.social,"ACE ✨🔥❤️‍🔥 ◝(ᵔᗜᵔ)◜

Shares are appreciated 💖
.
.
.
#ace #whitebeardpirates #photocard #ONEPIECE #optcg",102,38,at://did:plc:3zpsjqvgu75wfopk3ho372v4/app.bsky.feed.post/3m4g5frq4zs2z
#photocard,2025-10-29T04:48:21.053Z,lukalence.bsky.social,Watched Alien Stage for the first time recently #sua #alienstage #alienstagefanart #alienstagesua #fanart #photocard #artmoots,15,4,at://did:plc:3oq6xzhjgxgsbanfo4n25lm2/app.bsky.feed.post/3m4cnfkrgec2y
#photocard,2025-10-28T18:11:06.097Z,mimscosara.bsky.social,"SANJI 💙💛🐠

[ sorry for the water mark guys, people stealing my art to print it out there, let's make things a little more difficult ⭐️ ]

Shares are appreciated 💖
.
.
.
#sanji #allblue #strahatpirates #photocard #ONEPIECE #optcg",142,46,at://did:plc:3zpsjqvgu75wfopk3ho372v4/app.bsky.feed.post/3m4bjs4bugc23
#photocard,2025-10-27T22:30:31.666Z,whosdriving.bsky.social,"I love and collect octopus memorabilia.  I also love my son #Jungwon who I carried and raised from birth.  Today, the most precious #photocard of my son came home to me.  
‪ #ENHYPEN #엔하이픈 #Jungwon  #정원",1,0,at://did:plc:bgluwjq72oxg3sivz3vplshg/app.bsky.feed.post/3m47hsxsmfc26
#photocard,2025-10-27T17:08:31.362Z,zihuaart.bsky.social,"Our Best Captain HONGJOONG 🏴‍☠️⏳

1 of OT8 ATEEZ fanart PCs

#ATEEZ #ATEEZfanart #ATINY #atinytwt #kimhoongjoong #김홍중 #에이티즈 #에이티니 #홍중 #kpop #photocard #photocards #artist #art #artistonbluesky #artistsonbluesky",4,0,at://did:plc:4k22pe3vxrm6ixl4rufqlsyb/app.bsky.feed.post/3m46vtawxp22l
#photocard,2025-10-22T03:32:01.462Z,sakuraihoshi.bsky.social,"🌸🍓 Martes 21 de Octubre 🍓🌸

Me puse a ver Succession otra vez y la neta me obsesioné con este actor gracias a su papel de Lukas Matsson.☺️👍🌸
*
#photocard  #actors #lukasmatsson #alexanderskarsgård",1,0,at://did:plc:jyktwzo36rldz4pxb2feal2a/app.bsky.feed.post/3m3qvupzyhc2k
#photocard,2025-10-19T23:25:49.355Z,lukrio99990.bsky.social,Photocard for bonewisp on toyhouse! #art #photocard,8,2,at://did:plc:fmhoperw7wnoxwt2o5rddfan/app.bsky.feed.post/3m3lh6ovdic2l
#photocard,2025-10-17T07:13:49.761Z,fabricframes.bsky.social,www.creativefabrica.com/product/self... #Selfie #Table #Frame For #2×3 #Photo #Craft #photocard #wedding #party #favors #name #place #card #holders #baby #shower #events #ornaments #printable #pdf #sale #save 50% off #CreativeFabrica #Creative #Fabrica #USA #Canada #Europe #Oct17 #Oct18 #Oct19 #2025,1,0,at://did:plc:64pmjky2ghpuh2iaog6ozemn/app.bsky.feed.post/3m3epwsl5mk2w
#photocard,2025-10-17T04:16:20.461Z,fabricframes.bsky.social,www.etsy.com/listing/5045... #Washable #Fabric #Photo #Frame #Pattern : 8 #Sizes 3 can be #Ornaments ( #PDF #Download $6 #patterns #Etsy #EtsyShop #EtsySeller #2025 #USA #Canada #Europe #Oct17 #Oct18 #Oct19 #pet #photos #wedding #baby #nursery #gifts #shop #frames #Kpop #photocard #holder #ribbon,2,0,at://did:plc:64pmjky2ghpuh2iaog6ozemn/app.bsky.feed.post/3m3efz6xljs2w
#photocard,2025-10-17T04:05:56.461Z,fabricframes.bsky.social,www.etsy.com/listing/8571... #Photo #Frame #Patterns : #Fabric #Covered #Cardboard #Frames ( #Digital #Download ) $6 #Etsy #EtsyShop #EtsySeller #2025 #NJ #NY #USA #Canada #Europe #Oct17 #Oct18 #Oct19 #pet #photos #birthday #wedding #baby #nursery #gifts #shop #frames #Kpop #photocard #holder,3,0,at://did:plc:64pmjky2ghpuh2iaog6ozemn/app.bsky.feed.post/3m3efgvddzs2w
#photocard,2025-10-17T02:07:13.258Z,newsen.bsky.social,Fujifilm Collaborates with Fotowa for a Special Photo Card Giveaway #Japan #Fujifilm #Shibuya #fotowa #PhotoCard,0,0,at://did:plc:hslirr7h6d7livppaxty435b/app.bsky.feed.post/3m3e6sma7xm2i
#photocard,2025-10-16T09:38:59.458Z,andydrummond.eurosky.social,Anyone know what's wrong with the TfL #Photocard portal? Can't seem to top up one of the children's Zip card...,0,0,at://did:plc:7zra35cygaahtxsifwyldwzz/app.bsky.feed.post/3m3chlj6gnk2c
#photocard,2025-10-16T01:56:17.420Z,bunnieharts.bsky.social,"Does anyone know a supplier who makes photocard holders?

And Photocards? 

#photocard",0,0,at://did:plc:jpqcv3qy6lu7lgfege4oaevx/app.bsky.feed.post/3m3bnq3l3bc26
#photocard,2025-10-16T01:52:26.824Z,bunnieharts.bsky.social,#photocard #holder,0,0,at://did:plc:jpqcv3qy6lu7lgfege4oaevx/app.bsky.feed.post/3m3bnjahtvc26
#photocard,2025-10-15T16:53:55.420Z,tsukiwilliams.bsky.social,"Le interesa a alguien esta Photocard de Jimin que me tocó ayer? 

#wts #wtt #bts #jimin #kpop #face #photocard 

wallapop.com/item/photoca...",0,0,at://did:plc:wt44nmemb3ets5yyb4epeyno/app.bsky.feed.post/3m3apgb372c2d
#photocard,2025-10-13T23:11:19.983Z,dtdelosh.bsky.social,"Custom Halloween #photocard #greetingcard #bsnm 
www.greetingcarduniverse.com/holiday-card...",3,1,at://did:plc:axhnqlsxid57vpddi23bvxkw/app.bsky.feed.post/3m34dlcmq7c2r
#photocard,2025-10-12T01:13:03.285Z,sammicanart.bsky.social,"Free giveaways at NYCC Sunday (10/12) because my manager says so.
Also if you can guess my cosplay you get to win a free special sticker!
#NYCC #LoveMe #LME #stickers #photocard #cosplay #art",2,0,at://did:plc:zccmd53cbav3dunccaiztxmu/app.bsky.feed.post/3m2xjgvf3722c
#photocard,2025-10-11T10:59:22.783Z,lavyplus.bsky.social,"free : oc photocard template
(for personal use only)

♦ https://vgen.co/LavyPlus/product/oc-photocard/b5d1a3a5-c7f3-4a29-bb99-3728c3a0d033
♦ https://friendii.art/lavyplus/shop/cede3de9565a47088a8040a25043f350 

#oc #photocard ",11,18,at://did:plc:ebvyyln4f5ufsu7hurbnfvph/app.bsky.feed.post/3m2vzqkusok2e
#photocard,2025-10-10T16:23:30.783Z,mimscosara.bsky.social,"ZORO PHOTOCARD 🍙⚔️💚

Shares are appreciated 💖
.
.
.
#zoro #strawhatcrew #photocard #ONEPIECE #manga #anime #shonenjump",245,86,at://did:plc:3zpsjqvgu75wfopk3ho372v4/app.bsky.feed.post/3m2u3ezbnzc2b
#photocard,2025-10-10T09:14:03.283Z,fabricframes.bsky.social,@fabricframes www.etsy.com/listing/5045... #Washable #Fabric #Photo #Frame #Pattern : 8 #Sizes 3 change to #Ornament #PDF #Download $6 #patterns #Etsy #EtsyShop #EtsySeller #2025 #US #Canada #Europe  #Oct10 #Oct11 #Oct12 #pet #photos #wedding #baby #nursery #gifts #frames #Kpop #photocard #holder,0,0,at://did:plc:64pmjky2ghpuh2iaog6ozemn/app.bsky.feed.post/3m2tdevwi4c25
#photocard,2025-10-10T07:39:45.084Z,fabricframes.bsky.social,www.etsy.com/listing/8571... #Photo #Frame #Patterns : #Fabric #Covered #Cardboard #Frames ( #Digital #Download ) $6 #Etsy #EtsyShop #EtsySeller #EtsyFinds #2025 #NJ #NY #US #Canada #Europe #Oct10 #Oct11 #Oct12 #pet #photos #birthday #wedding #baby #nursery #gifts #frames #Kpop #photocard #holder,0,0,at://did:plc:64pmjky2ghpuh2iaog6ozemn/app.bsky.feed.post/3m2t64rhtak25
#photocard,2025-10-09T15:13:19.299Z,mimscosara.bsky.social,"LAW PHOTOCARD 🐆💛💙

Shares are appreciated 💖
.
.
.
#law #heartpirates #photocard #ONEPIECE #manga #anime #shonenjump",159,59,at://did:plc:3zpsjqvgu75wfopk3ho372v4/app.bsky.feed.post/3m2rgyqnz4k2u
#photocard,2025-10-08T15:51:48.960Z,mimscosara.bsky.social,"SANJI PHOTOCARD 💙💛🐠

Shares are appreciated 💖
.
.
.
#sanji #allblue #strahatpirates #photocard #ONEPIECE #manga #anime #shonenjump",274,100,at://did:plc:3zpsjqvgu75wfopk3ho372v4/app.bsky.feed.post/3m2oyoj7fxc2j
#photocard,2025-10-07T00:25:41.661Z,sakuraihoshi.bsky.social,"🌸🍓 Lunes 06 de Octubre 🍓🌸

Me puse a ver Succession otra vez y la neta me obsesioné con este actor gracias a su papel de Lukas Matsson. ☺️👍🌸
*
#photocard  #actors #lukasmatsson #alexanderskarsgård",1,0,at://did:plc:jyktwzo36rldz4pxb2feal2a/app.bsky.feed.post/3m2kuhqe44c2q
#photocard,2025-10-06T00:20:50.258Z,eucheon.bsky.social,"I got the Mira photo card, I previously got Zoey in the CD. #KPOPDEMONHUNTERS #Mira #Photocard",1,0,at://did:plc:uptcjrhnkixmusl6zm4ezdex/app.bsky.feed.post/3m2idpjhcxk2v
#photocard,2025-10-05T09:55:35.457Z,impactstore.bsky.social,"Si #NCTWish es tu perdición... no vengas a vernos a la tienda de #Madrid. Porque en la calle Rodríguez San Pedro, 71, te esperan nuevas y preciosísimas #photocard de tu grupo favorito, ¡las vas a querer todas!",0,0,at://did:plc:d4p4lsrnwvzulvxwrigbvxtj/app.bsky.feed.post/3m2gtf2ba5k25
#photocard,2025-10-04T22:17:42.761Z,eikomakimachi.bsky.social,"Pediram os dois Noctis, vamos ter os dois no mesmo photocard (testando coisas aqui) #ffxv #fanart #photocard",19,6,at://did:plc:mbzpn62ac7p23udnxdyt2bsq/app.bsky.feed.post/3m2fmf24d2k2u
#photocard,2025-09-30T02:13:48.751Z,sammsynnite.bsky.social,Obviously got the photocard of the BEST GIRL ❤️💜💖👊💥 #kpopdemonhunters #mira #music #photocard,1,0,at://did:plc:7rjr63xvn3qt7nikw4bbehxn/app.bsky.feed.post/3lzzhakgess2x
#photocard,2025-09-27T09:07:58.351Z,lukalence.bsky.social,"My animated photocard! This was done for a university project using #aftereffect and im rather happy with the outcome. Can't wait to explore more!
#kpop #kazuhafanart #kazuha #lesserafimfanart #lesserafim #photocard #animation",0,0,at://did:plc:3oq6xzhjgxgsbanfo4n25lm2/app.bsky.feed.post/3lzsmyizp7k2o
#photocard,2025-09-26T16:06:29.152Z,conangay.bsky.social,"*VENDA/VENDO*
💞FANS JYP POB I.N por R$50 (mais 9 reais o frete)
💞Mando vídeo e foto no pv
💞Tenho feedbacks positivos

#straykids #photocard #skz #in",1,0,at://did:plc:cmkd5m2u7qy5shniimqka2wg/app.bsky.feed.post/3lzqtw3merc2f
#photocard,2025-09-25T17:17:08.556Z,thranpyon.bsky.social,bruce went ahead u_u #batfamily #batman #dcu #fanmerch #photocard,4,0,at://did:plc:lqbgnzokcrjljwswk5dklepy/app.bsky.feed.post/3lzohetvyx22s
#photocard,2025-09-25T02:51:24.451Z,lukalence.bsky.social,"Kazuha Photocard<3
 This illustration is for an animated uni project so that'll be coming soon hopefully! 
--------
#kazuhafanart #lesserafimfanart #lesserafim #lesserafimkazuha #illustration #kpopfanart #photocard #KPOP",4,1,at://did:plc:3oq6xzhjgxgsbanfo4n25lm2/app.bsky.feed.post/3lzmwz63mmc2k
#photocard,2025-09-24T12:03:18.128Z,sucraris.bsky.social,"Kpop Demon Hunters Photocards 06/08
🍔🐰🐢 Zoey 🐢🐰🍔

Comments, like and shares are appreciated 🙏💕 🚫pls don't repost/steal🚫

#kpopdemonhunters #huntrix  #kpdhzoey #photocard  #fanart  #zoey",9,2,at://did:plc:ph3waywsuoj27q5bselgl2hz/app.bsky.feed.post/3lzl4txy5ok22
#photocard,2025-09-23T18:30:54.110Z,morethanabranch.bsky.social,"Make Halloween extra special with a custom photo card! This 5x7 design is fun, unique, and super easy to personalize in Canva, just drag and drop. 

#HalloweenCard #PhotoCard #CustomGreetingCard #CanvaTemplate #HalloweenVibes #SpookySeason #PersonalizedCard #HalloweenFun #DIYCard #Halloween2025",1,0,at://did:plc:5ha7xvwklvrdkoj343ci2ud2/app.bsky.feed.post/3lzjklhi7wq2j
#photocard,2025-09-20T22:13:39.807Z,gabumk.bsky.social,Fiz uns testes hoje! 💕✨ #amordoce #photocard,6,1,at://did:plc:7xyv4y2yng6wi5bqjvvbep4f/app.bsky.feed.post/3lzcfmronec2w
#photocard,2025-09-17T17:17:18.714Z,lukrio99990.bsky.social,Photocard for My friend! #art #ocsky #photocard,7,0,at://did:plc:fmhoperw7wnoxwt2o5rddfan/app.bsky.feed.post/3lz2doaccec2a
#photocard,2025-09-16T00:32:01.406Z,lukrio99990.bsky.social,Wysteria photo card! #art #ocsky #photocard,7,0,at://did:plc:fmhoperw7wnoxwt2o5rddfan/app.bsky.feed.post/3lyw2zqowlc2c
#photocard,2025-09-15T10:36:35.206Z,sucraris.bsky.social,"Kpop Demon Hunters Photocards 05/08
🐯🫰 Jinu Saja 🫰🐯

Comments, like and shares are appreciated 🙏💕 🚫pls don't repost/steal🚫

#kpopdemonhunters #kpopdemonhuntersfanart #jinusaja #sajaboys #kpdhfanart #kpdhjinu #photocard #illustration  #fanart #kpdh #kpop #kpdhart #hot #jinu",27,6,at://did:plc:ph3waywsuoj27q5bselgl2hz/app.bsky.feed.post/3lyumdnvnkk2g
#photocard,2025-09-14T16:44:51.013Z,alecswolf.bsky.social,"Costo pero logre conseguir todos los diseños de las nuevas pc de Pearl boy y que mejor que me salieron las 3 especiales ❤️
,#photocard #pearlboy #inking #bl #manhwa #dooshik #jooha #lezhin #photocard",1,0,at://did:plc:iczmdg7n5o4ltdxqhwqptjcn/app.bsky.feed.post/3lysqhjlq6s2x
#photocard,2025-09-09T03:25:54.710Z,lillysapphire55.bsky.social,"I want to buy a photocard album for game characters I love, but everywhere I look they just don't FIT them. I've checked Amazon, Etsy, and other local craft stores, but all just are either way too big of an album or not what I was looking for

Any tips/help? ;w;?
#Yume #Photocard",2,0,at://did:plc:oq2apzicskfg335xt7kjfxum/app.bsky.feed.post/3lyerir5qa225
#photocard,2025-09-08T23:24:48.506Z,yaminoneko.bsky.social,"Some much needed serotonin
#photocard #kawaii #purikura",12,3,at://did:plc:nvmejrl33sqausatbdqrgzjw/app.bsky.feed.post/3lyedz2lacc2n
#photocard,2025-09-08T06:55:20.605Z,sakuraihoshi.bsky.social,"🌸¿Que tan normal será que hagas photocards de un hombre ficticio de la época de la Regencia? 😆🩷
*
#kawaiiaesthetic #mininote #mrdarcy #prideandprejudice #britishactors #matthewmacfayden #fitzwilliamdarcy #myedits #photocard #kawaiiedits",1,0,at://did:plc:jyktwzo36rldz4pxb2feal2a/app.bsky.feed.post/3lycmprrgwc2d
#photocard,2025-09-02T23:09:48.908Z,pandakingart.bsky.social,"Did you know I carry trading cards? I launched my own line of cards 1 year ago, and am slowly trying to develop a full on game around these awesome photos cards! Here are some of the Nikke cards I made this year! #NIKKE #NIKKEfanart #NIKKEBunnyGirl #TradingCards #tradingcard #photocard #NikkeArt",1,0,at://did:plc:eius6o4gwkz2yotbysti2l66/app.bsky.feed.post/3lxvae6qd5k2i
#photocard,2025-08-30T15:05:29.807Z,ao3hyunin.bsky.social,"gente alguém tem interesse nesse felix maniac mask off ver? 💔 tá no preço certinho da tabela pfv alguém leva
#straykids #venda #photocard #felix #maniac #ceremony",2,0,at://did:plc:mxc6pr3fmizardg2hzhu5vej/app.bsky.feed.post/3lxmtvvyluc2b
#photocard,2025-08-30T06:26:50.309Z,starsaints.bsky.social,"Oh no making these little frames is so fun 😭💕💕💕
#deco #photocard #crafting #puppygirl",3,0,at://did:plc:wrxbtz3zsgxoev4mgrfdtqsc/app.bsky.feed.post/3lxlwwlsirc25
#photocard,2025-08-29T18:14:57.107Z,vampyyy12.bsky.social,"I <3 making photocards 😋 

#marvel #photocard",1,0,at://did:plc:4l4jjlshcjmnfccjheaosq67/app.bsky.feed.post/3lxknzpof4c2l
#photocard,2025-08-28T10:06:38.703Z,wombateule.bsky.social,"Halllloooo, wäre super wenn ihr den post rebloggen könntet, Freunde von mir sind in geldnot und wir bräuchtwn dringend Geld.
Habe verschiedene #kpop #alben und #Photocard s drin

www.kleinanzeigen.de/s-bestandsli...",0,0,at://did:plc:fwhoob6mk6jtt43gmogzy7kl/app.bsky.feed.post/3lxhcbskeyk2g
#photocard,2025-08-27T02:13:19.807Z,wooacry.com,"Free Photocard Desgign Template

#wooacry #photocard #carddesign #arttemplate",2,2,at://did:plc:uvqgjdjgby34igl4m5vcqolv/app.bsky.feed.post/3lxdxegfjj22z
#photocard,2025-08-22T10:49:33.608Z,onart01.bsky.social,"Posting it here 🫣
My #Oc #wallpaper 

#Zhenya #photocard 
#코드네임아나스타샤 #제냐 #CodenameAnastasia #fanart

🤭 I also made this phone charm too hehe",30,1,at://did:plc:2mbwl4firukk7rn5m6inll2j/app.bsky.feed.post/3lwybur5vcc2t
#photocard,2025-08-21T21:17:37.305Z,vampyyy12.bsky.social,"Some photocards I’ve decorated!!! (art & photo not by me. I just decorated them! Credit to respective artists)

#photocard #stickers #marvel #art #polco",3,0,at://did:plc:4l4jjlshcjmnfccjheaosq67/app.bsky.feed.post/3lwwuj2wmfc2a
#photocard,2025-08-19T02:18:16.308Z,sneakingproboscis.bsky.social,"SAY CHEESEEE!!!! 🩷🩷🩷🩷

I love her

#ocart #oc #drawing #painting #artmoots #photocard #art #illustration #pink",22,2,at://did:plc:ycskmma6cfs4kk3z5repxlrg/app.bsky.feed.post/3lwptvthevs2l
#photocard,2025-08-18T13:42:28.510Z,ricaso.bsky.social,"Funny Photo Personalized Christmas Family Holiday Card from #Ricaso - Add your own faces to this cute fun holiday card

zazzle.com/photo_person...

#zazzlemade 
@zazzle
 #photocard #christmas #merrychristmas #funchristmas #happyholidays #personalized #addphotos #customizable",1,0,at://did:plc:r6gy4afsxuvwikqgcprlr5sh/app.bsky.feed.post/3lwojoju5ik2m
#photocard,2025-08-18T13:04:53.014Z,ricaso.bsky.social,"North Pole News Christmas Newspaper Personalized Holiday Card
Bring joy, laughter, and a touch of the North Pole to your holiday greetings.

#zazzlemade #@zazzle #ricaso #christmas #whatayear #merrychristmas #northpolenews #photocard 

www.zazzle.com/north_pole_n...",0,0,at://did:plc:r6gy4afsxuvwikqgcprlr5sh/app.bsky.feed.post/3lwohlcxczs2j
#photocard,2025-08-18T12:50:59.511Z,ricaso.bsky.social,"Magazine Cover Mele Kalikimaka Personalized Holiday Card - A fun novelty Christmas card by Ricaso - zazzle.com/magazine_cov...

#zazzlemade 
@zazzle
 #christmas #ricaso #melekalikimaka #photocard",0,0,at://did:plc:r6gy4afsxuvwikqgcprlr5sh/app.bsky.feed.post/3lwogsl6ugk2j
#photocard,2025-08-18T07:59:42.404Z,stefflesart.bsky.social,"Finally caught up with the manga, ts actually so peak 😩

[ #art #gachiakuta #photocard #anime #rudo #enjin #zanka #riyo ]",11,1,at://did:plc:o6oogx4j4mxomlmoyqphuo3e/app.bsky.feed.post/3lwnwjhgwmc2n
#photocard,2025-08-15T22:23:07.911Z,xiya418.bsky.social,"cool & spicy ❤️
•
First in my shugo chara seriessss
aiming to turn them into photocards when I have a complete set ♡

who do you want to see next?
•
🏷 #hinamoriamu #shugochara #digitalart #photocard #しゅごキャラ #캐캐체 #캐릭캐릭체인지 #shugocharaamu #shugocharafanart",9,4,at://did:plc:pb75rsfqxs77g6dgmcb74yrr/app.bsky.feed.post/3lwhvepag722l
#photocard,2025-08-13T22:06:42.116Z,fishhuo.bsky.social,"wife…. Clenches fist

#ocs #photocard #polco #stickerdeco",16,2,at://did:plc:c4lbyppzdw4gkwiy5cdmbluf/app.bsky.feed.post/3lwctjjkztc2v
#photocard,2025-08-11T12:20:12.910Z,sucraris.bsky.social,"Kpop Demon Hunters Photocards 04/09
🍿🔥 Abby Saja 🔥🍿

Comments, like and shares are appreciated 🙏💕 🚫pls don't repost/steal🚫

#kpopdemonhunters #kpopdemonhuntersfanart #abbysaja #sajaboys #kpdhfanart #kpdhabby #photocard #illustration  #fanart #kpdhromance #kpdh #kpop #kpdhart",44,16,at://did:plc:ph3waywsuoj27q5bselgl2hz/app.bsky.feed.post/3lw4rsvlw7c2e
#photocard,2025-08-10T20:29:35.605Z,narooshere.bsky.social,"ivan photocard i made eheheheh
#Ivan #alienstage #photocard #craft",12,1,at://did:plc:5yk5jasl7mk65qgwq6fhgsti/app.bsky.feed.post/3lw33kkwt4k2b
#photocard,2025-08-08T17:35:14.402Z,ryujiinx.bsky.social,so hey! i’m trying to clear out my dupe photocards so if ur interested in some ateez photocards i have a lot up on vinted! can arrange sale off vinted too since i’m in the uk & vinted sucks for that #ateez #ateezwts #photocard  www.vinted.co.uk/member/77454...,2,1,at://did:plc:wx5kbp77ffqfp5w774sletqx/app.bsky.feed.post/3lvvrzjpxks2k
#photocard,2025-08-06T22:32:57.810Z,ossiconearts.bsky.social,"The Stray Kids PC Holders have just been restocked!
The stock is low, so get one while you can!
www.etsy.com/shop/OssiconeArts

#straykids #han #bangchan #leeknow #hyunjin #felix #in #jeongin #seungmin #changbin #kpop #photocardholder #photocard #kpop #kpopphotocard",0,0,at://did:plc:sqg5b6b4saijh6qoqy6nrmem/app.bsky.feed.post/3lvrbpq3l622s
#photocard,2025-08-06T13:40:44.307Z,sucraris.bsky.social,"Kpop Demon Hunters Photocards 03/09
❓🐶 Mystery Saja 🐶❓

Comments, like and shares are appreciated 🙏💕 🚫pls don't repost/steal🚫

#kpopdemonhunters #kpopdemonhuntersfanart #mysterysaja #sajaboys #kpdhfanart #kpdhmystery #photocard #illustration #fanart #kpdhromance #kpdh #kpop #kpdhart",25,11,at://did:plc:ph3waywsuoj27q5bselgl2hz/app.bsky.feed.post/3lvqdybcwy22i
#photocard,2025-08-05T17:30:46.313Z,zihuaart.bsky.social,"Countdown to 🌙 ONEUS H_OUR,US 🌙concert in Detroit w/ the Gaja Boys 😈💖

Day 5 : Son Dongju / Xion ~ 🐶
ft. focus on his puppy eyes

Find me for these fanart PCs as limited freebies!

#kpop #photocard #photocards #KPDH  #KPOPDEMONHUNTERS #sajaboys #케이팝데몬헌터스 #케데헌 #사자보이즈 #원어스
#TOMOON #투문 #시온 #손동주 #동주",1,0,at://did:plc:4k22pe3vxrm6ixl4rufqlsyb/app.bsky.feed.post/3lvoaemdquk2d
#photocard,2025-08-04T17:12:09.810Z,zihuaart.bsky.social,"Countdown to 🌙 ONEUS H_OUR,US 🌙concert in Detroit w/ the Gaja Boys 😈💖

Day 4 : Yeo Hwanwoong ~ 🐯
ft. baby tiger stripes all over

Find me for these fanart PCs as limited freebies!

#kpop #photocard #photocards #KPDH  #KPOPDEMONHUNTERS #sajaboys #케이팝데몬헌터스 #케데헌 #사자보이즈 #원어스
#TOMOON #투문 #여환웅 #환웅",2,0,at://did:plc:4k22pe3vxrm6ixl4rufqlsyb/app.bsky.feed.post/3lvloudmxn22s
#photocard,2025-08-04T07:53:27.407Z,impactstore.bsky.social,"Os miran serias, seductoras, porque saben que os resultan irresistibles... ¡Tenemos cambios y novedades en las #photocard de #aespa! Ven a la tienda, hazte con todas, enamórate, ¡forma parte de algo increíble! ¡Te esperamos en la calle Rodríguez San Pedro, 71!",0,0,at://did:plc:d4p4lsrnwvzulvxwrigbvxtj/app.bsky.feed.post/3lvkpnl3yms2f
#photocard,2025-08-03T23:48:00.903Z,rayaeternum.bsky.social,"The last time I went out my Stolitz photocards from Sero started peeling at the back. One whole piece came off. Unfortunately they now need to go into retirement or else they might be destroyed 🥲 I've had to put them in some Pokemon sleeves...

#Stolitz #Photocard #pokemon",6,0,at://did:plc:2ei77azlp2xp4imxiaqofula/app.bsky.feed.post/3lvjujd2kd22y
#photocard,2025-08-03T19:28:23.511Z,zihuaart.bsky.social,"Countdown to 🌙 ONEUS H_OUR,US 🌙concert in Detroit w/ the Gaja Boys 😈💖

Day 3 : Lee Keonhee ~ 🐰
ft. bunny paw print 🐾

Find me for these fanart PCs as limited freebies!

#kpop #photocard #photocards #KPDH  #KPOPDEMONHUNTERS #sajaboys #케이팝데몬헌터스 #케데헌 #이건희 #건희 #사자보이즈 #원어스 #TOMOON #투문",0,0,at://did:plc:4k22pe3vxrm6ixl4rufqlsyb/app.bsky.feed.post/3lvjfz3uw4s2d
#photocard,2025-08-02T20:52:23.309Z,zihuaart.bsky.social,"Countdown to 🌙 ONEUS H_OUR,US 🌙concert in Detroit w/ the Gaja Boys 😈💖

Day 2 : Kim Geonhak / Leedo ~ 🐥
ft. feather patterns + 💪

Find me for these fanart PCs as limited freebies!

#kpop #photocard #photocards #KPDH  #KPOPDEMONHUNTERS #sajaboys #케이팝데몬헌터스 #케데헌 #사자보이즈 #김건학 #건학 #원어스 #TOMOON #투문 #이도",2,1,at://did:plc:4k22pe3vxrm6ixl4rufqlsyb/app.bsky.feed.post/3lvh2ae3e6c2a
#photocard,2025-08-02T17:22:47.505Z,deniseilustra.bsky.social,"Top Loader do Derpy! Perfeitonpra você colocar seu photocard do idol favorito ou até mesmo seu cartão de transporte! Em PRÉ-VENDA na lojinha:

deniseilustraloja.lojavirtualnuvem.com.br/produtos/pre...

#huntrix #derpy #sajaboys #demonhunters #photocard #idol",1,0,at://did:plc:qkkdm6lccdm4e2mmvq4insip/app.bsky.feed.post/3lvgojrlt222z
#photocard,2025-08-02T10:00:57.905Z,sawaiart.bsky.social,"💙Cure Wink💙 

I honestly like that they didn't just have her be a calm and studious character as a blue cure, but added some funny quirks to her personality to make her feel more human. And she has a fun dynamic with the other two cures 🩷💜.

#idolprecure #youandidol #kimitoidol #curewink #photocard",5,1,at://did:plc:tt42hffvorpf2bvriijtrqei/app.bsky.feed.post/3lvfvtqq4nf2w
#photocard,2025-08-01T18:09:00.008Z,zihuaart.bsky.social,"Countdown to 🌙 ONEUS H_OUR,US 🌙concert in Detroit w/ the Gaja Boys 😈💖

Day 1 : Lee Seoho ~ 🐿️
ft. chipmunk stripes on his head

Find me for these fanart PCs as limited freebies!

#kpop #photocard #photocards #KPDH  #KPOPDEMONHUNTERS #sajaboys #케이팝데몬헌터스 #케데헌 #사자보이즈 #이서호 #서호 #원어스 #TOMOON #투문",1,0,at://did:plc:4k22pe3vxrm6ixl4rufqlsyb/app.bsky.feed.post/3lveanbny5c2c
#photocard,2025-07-30T08:18:38.209Z,s4tk0.bsky.social,Vi photocard timelapse! #vi #viarcane #arcane #photocard,2,0,at://did:plc:ooxd5ylyytz6laiga4vtdwno/app.bsky.feed.post/3lv66pyc6ws22
#photocard,2025-07-28T21:06:36.507Z,sucraris.bsky.social,"Kpop Demon Hunters Photocards 02/09
💕🌹Romance Saja 🌹💕

Comments, like and shares are appreciated 🙏💕 🚫pls don't repost/steal🚫

#kpopdemonhunters #kpopdemonhuntersfanart #romancesaja #sajaboys #kpdhfanart  #photocard  #fanart #kpdhromance #kpdh #kpop",54,24,at://did:plc:ph3waywsuoj27q5bselgl2hz/app.bsky.feed.post/3lv2ip4gc5k2f
#photocard,2025-07-28T20:02:54.106Z,s4tk0.bsky.social,"Vi Photocard done!!! I love how this one turned out! I'll likely be making one for Jinx next, but I have a couple of Caitlyns already printed out and ready to be made!
#viarcane #league #vi #leagueoflegends #photocard #arcane",2,0,at://did:plc:ooxd5ylyytz6laiga4vtdwno/app.bsky.feed.post/3lv2f5flia22j
#photocard,2025-07-27T20:37:06.300Z,microtech.bsky.social,"HMV Japan is releasing new photocards featuring Ren Umehara from the drama ""Suspicious Partner""! Get your hands on these exclusive collectibles. HMVJapan #Photocard #RenUmehara #SuspiciousPartner #Collectibles #Drama Link",0,0,at://did:plc:454ofufcldejb5cagwfihxu7/app.bsky.feed.post/3luxwlqlvcm26
#photocard,2025-07-27T08:21:10.404Z,s4tk0.bsky.social,Finished a photocard of my beloved Caitlyn Kiramman❤️ It was super fun and I'm excited to go shopping tmrw to buy more stickers! #arcane #CaitlynKiramman #photocard,5,1,at://did:plc:ooxd5ylyytz6laiga4vtdwno/app.bsky.feed.post/3luwnhozvjs2t
#photocard,2025-07-25T20:05:29.110Z,zgymorph.bsky.social,"Lemon drop PC Card holder 🍋 

#Ateez #AteezFanart #Photocard",14,1,at://did:plc:gqijc4taeyzjathyfcohmaso/app.bsky.feed.post/3lustv4i42c22
#photocard,2025-07-25T20:02:44.017Z,zgymorph.bsky.social,"Oh but it’s so cute tho

#Ateez #AteezFanart #Photocard",35,5,at://did:plc:gqijc4taeyzjathyfcohmaso/app.bsky.feed.post/3lustq7hluk22
#photocard,2025-07-25T11:56:18.510Z,nerdybirdyart.bsky.social,#absolutesuperman #superman #kalel #clarkkent #chibi #fanart #photocard,3,1,at://did:plc:sex4qvlwzovohc6nxqzaghfm/app.bsky.feed.post/3lurykl6gtc2a
#photocard,2025-07-23T13:29:55.147Z,d-jaella-h.bsky.social,"First time making freebies for the Runseokjin tour in Amsterdam. You can see me on the 9th of August. I hope to see you there. 

#freebies #runseokjin #tour #concert #art #fanart #packing #Amsterdam #sticker #photocard #confetti #jin #bts #seokjin #kimseokjin",2,0,at://did:plc:antez3rwatlfxfsrs3xxc6oo/app.bsky.feed.post/3lun4tz46622o
#photocard,2025-07-23T12:27:02.846Z,c-te.bsky.social,"🎶 My pre-concert purchases are rolling in, part of the fun of concert going. I couldn't resist this camera shaped power bank with KAI's animal group 🧸; so cute! I'm not a collector (craft supplies don't count, right?), so I purchased a single #KAI #photocard from Etsy's hjfairy 💙 

#chicagoartist",1,0,at://did:plc:eo7uyllrwenpwlr264rkv32d/app.bsky.feed.post/3lumzdkyt6k2m
#photocard,2025-07-21T18:33:39.142Z,spidereyez.bsky.social,"Sooo I attempted a photo card edit of my MC cosplay & now I wanna do more lol 

Also working on some art 🎨 

*Editing done in PicsArt 

#loveanddeepspace #loveanddeepspacemc #otome #otomegame #otomecosplay #mobilegame #cosplay #photocard",5,2,at://did:plc:yjtuxsbfmjkk63qhgdmktkrp/app.bsky.feed.post/3luinnakf322j
#photocard,2025-07-21T16:16:53.944Z,d-jaella-h.bsky.social,"made photocard freebies for the concert in Amsterdam. see you on the 9th 

#bts #jin #kimseokjin #runseokjin #tour #concert #freebies #photocard #graphic #design #seokjin",1,0,at://did:plc:antez3rwatlfxfsrs3xxc6oo/app.bsky.feed.post/3luifaof4bc2m
#photocard,2025-07-11T01:12:45.940Z,kimicka13.bsky.social,Would anyone be interested in buying these Blackpink Photocards? #blackpink #jennie #lisa #rose #jisoo #kpop #photocard,2,0,at://did:plc:5hogcnzal7oj2e5ymlshj2au/app.bsky.feed.post/3ltno2vo4gk2t
#photocard,2025-06-29T19:38:58.047Z,bloodymariarose.bsky.social,"AND IT WAS AN ALBUM PULL, NOT A TRADE 🙌🏼😭 I know the Chan biased STAYs out there are coming for me for this one 🫣 my doors and windows are LOCKED. #kpop #straykids #bangchan #bangchanstraykids #skz #photocard #photocardkpop #kpoppc #CB97",0,0,at://did:plc:cbncmvhx37ly2hbi5zeyn45r/app.bsky.feed.post/3lsrgbyhats2n
#photocard,2025-06-27T00:15:14.640Z,petriidish.bsky.social,"Click the link to my link click fanart merch 😏
snailasleep.etsy.com/listing/4326...

#smallbusiness #photocard",1,0,at://did:plc:dhinfgve72rm2qz2pawbbsde/app.bsky.feed.post/3lsked7dz3s2d
#photocard,2025-06-25T00:46:57.743Z,genesisjamesofcl.bsky.social,"I wanna start creating little photocards for some of the main characters in my IcarusCode world. Here's one to start with from one of my main characters: Shania Williams!!

#oc #ocart #originalcharacter #photocard #shania #shaniawilliams #icaruscode",3,0,at://did:plc:p6qnv6usmotl6hrmohwiwh5c/app.bsky.feed.post/3lsff5mhvac2n
#photocard,2025-06-24T12:43:50.142Z,ossiconearts.bsky.social,"🎊🎉🎊!!!!
Thank you all so much! It's really exciting to have my first sold out product!

#straykids #photocard #photocardholder #etsy #soldout #kpop",0,0,at://did:plc:sqg5b6b4saijh6qoqy6nrmem/app.bsky.feed.post/3lse4qrkhx22s
#photocard,2025-06-20T18:06:12.945Z,tatilustra.bsky.social,"🌟 Miku photocard! 🌟

#miku #hatsunemiku #vocaloid #mikufanart #hatsunemikufanart #vocaloidfanart #photocards #photocard #vocaloidphotocard #fanart #art #digitalart #portugueseartists #artistasportugueses",4,1,at://did:plc:iza27tctk65kghcbjubzk5i6/app.bsky.feed.post/3ls2mvt3iep27
#photocard,2025-06-19T16:52:39.940Z,mimscosara.bsky.social,"⭐️39 cards in 1 year ⭐️

What's your favorite pack? ๑(◕‿◕)๑

Shares are appreciated 💖
.
.
.
#card #photocard #anime #gachiakuta #dandadan #dungeonmeshi #hunterxhunter",36,9,at://did:plc:3zpsjqvgu75wfopk3ho372v4/app.bsky.feed.post/3lrxyd6egu22y
#photocard,2025-06-18T03:10:50.652Z,shuasiopao.bsky.social,finished another #photocard #VGenComm !! thank you so much!,3,1,at://did:plc:6fptn4qpab7chmsupvasfvon/app.bsky.feed.post/3lrtzwvvjw225
#photocard,2025-06-17T23:56:48.951Z,hitmagazine.com.br,"Quem aí não gosta de um photocard lindo do utt?

Vocês são do time pose fofinha ou mais engraçada? 

Nessa thread separamos as fotos com as poses mais icônicas de alguns grupos!!!

Comenta aqui se está faltando algum na nossa lista!

#PHOTOCARD #HITMAGAZINE",5,0,at://did:plc:3ocnyumtortxcklgxnmobuzx/app.bsky.feed.post/3lrtp3bepbc22
#photocard,2025-06-14T17:50:10.750Z,rayaeternum.bsky.social,"Went to Forbidden Planet in London today to see what cool LGBTQ books existed. So I took this as an opportunity to photograph these photocards from Sero.

There was an air show that threw out the colours of the trans flag too!

#London #Photocard #Stolitz #pride #transflag #airshow",10,0,at://did:plc:2ei77azlp2xp4imxiaqofula/app.bsky.feed.post/3lrlj7i54a22x
#photocard,2025-06-10T23:10:05.050Z,ossiconearts.bsky.social,"More info on Etsy! (Link in bio)
Stray Kids photocard holders!
Holders fit normal album mini pcs.
**Official pc NOT included.

#Straykids #bangchan #felix #seungmin #changbin #hyunjin #han #jeongin #leeknow #kpop #photocard #fanmadekpopmerch",0,0,at://did:plc:sqg5b6b4saijh6qoqy6nrmem/app.bsky.feed.post/3lrbz5skdo227
#photocard,2025-06-10T00:27:34.654Z,zazzlegreetings.bsky.social,"Check out this product! tr.ee/llNFkY
🎉 
Make this Father’s Day extra special with a personalized photo card designed just for Dad! 
#FathersDayCard #CustomPhotoGift #PersonalizedDadCard #FromDaughter #FromSon #BestDadEver #DIYFathersDay #PhotoCard #SentimentalGift #DadMemories",1,1,at://did:plc:46r6mkz7v3bsj2gdfpx3rzjy/app.bsky.feed.post/3lr7n2upii22g
#photocard,2025-06-02T11:52:11.451Z,rexbeast12.bsky.social,"Finally got Cosmo and realized I rly want a photocard in irl.😢😜🤩
#kpop #Artms #tripleS
#Modhaus #photocard #Wav #Ourii",0,0,at://did:plc:4ewfdzp2o2wc4vzl7gtk5pr7/app.bsky.feed.post/3lqmpm6uexk2g
#photocard,2025-05-28T21:58:59.370Z,kookoopuppy.bsky.social,🏷️ #txt #txtwts #wtstxt #wts #wtttxt #txttrade #tomorrowxtogether #wts #wtt #wtb #txtwtb #tomorrow #photocard #txtpc #txtphotocard #jpnmerch #japan #wttsoobin #soobinwts #wtsbeomgyu #beomgyuwts #wtstaehyun #taehyunwts #wtshueningkai #hueningkaiwts #soobin #yeonjun #beomgyu #taehyun #hueningkai,0,0,at://did:plc:2v7gn7iv5muncdvwud3e6puh/app.bsky.feed.post/3lqb76vkwb223
#photocard,2025-05-28T14:09:19.144Z,jcomaeda.bsky.social,"My OC Photocard and Profile Picture :) 
Thinking to make them as freebies on the next booth event 😆
Why so many art styles? Because I'm bored 🙃 and I do think it's fit with their theme somehow #OC #originalcharacter #jcomaeda #photocard",2,0,at://did:plc:sdymz6zdozkp7iy6u7qwsyzp/app.bsky.feed.post/3lqaewoznu22k
#photocard,2025-05-21T16:44:23.869Z,kookoopuppy.bsky.social,"🏷️
#txt #wtttxt #txtwtt #txttrade #txttrades #txttrading #wtt #tomorrowxtogether #wtt #tomorrow #photocard #txtpc #txtphotocard #japan #jpn #wttsoobin #soobinwtt #wttyeonjun #yeonjunwtt #wttbeomgyu #beomgyuwtt #wtttaehyun #taehyunwtt #wtthueningkai #hueningkaiwtt #soobin #beomgyu #taehyun #hueningkai",0,0,at://did:plc:2v7gn7iv5muncdvwud3e6puh/app.bsky.feed.post/3lpp2dwlit22a
#photocard,2025-05-21T16:43:28.273Z,kookoopuppy.bsky.social,"🏷️
#txt #wtttxt #txtwtt #txttrade #txttrades #txttrading #wtt #tomorrowxtogether #wtt #tomorrow #photocard #txtpc #txtphotocard #japan #jpn #wttsoobin #soobinwtt #wttyeonjun #yeonjunwtt #wttbeomgyu #beomgyuwtt #wtttaehyun #taehyunwtt #wtthueningkai #hueningkaiwtt #soobin #beomgyu #taehyun #hueningkai",0,0,at://did:plc:2v7gn7iv5muncdvwud3e6puh/app.bsky.feed.post/3lpp2cbfsps2a
#photocard,2025-05-21T16:42:06.967Z,kookoopuppy.bsky.social,"🏷️
#txt #wtttxt #txtwtt #txttrade #txttrades #txttrading #wtt #tomorrowxtogether #wtt #tomorrow #photocard #txtpc #txtphotocard #japan #jpn #wttsoobin #soobinwtt #wttyeonjun #yeonjunwtt #wttbeomgyu #beomgyuwtt #wtttaehyun #taehyunwtt #wtthueningkai #hueningkaiwtt #soobin #beomgyu #taehyun #hueningkai",0,0,at://did:plc:2v7gn7iv5muncdvwud3e6puh/app.bsky.feed.post/3lpp27u45ik2a
#photocard,2025-05-21T16:40:54.864Z,kookoopuppy.bsky.social,"🏷️
#txt #wtttxt #txtwtt #txttrade #txttrades #txttrading #wtt #tomorrowxtogether #wtt #tomorrow #photocard #txtpc #txtphotocard #japan #jpn #wttsoobin #soobinwtt #wttyeonjun #yeonjunwtt #wttbeomgyu #beomgyuwtt #wtttaehyun #taehyunwtt #wtthueningkai #hueningkaiwtt #soobin #beomgyu #taehyun #hueningkai",0,0,at://did:plc:2v7gn7iv5muncdvwud3e6puh/app.bsky.feed.post/3lpp25pbcbs2a
#photocard,2025-05-21T16:38:32.669Z,kookoopuppy.bsky.social,"tags

#txt #txtwts #wtstxt #wtttxt #txtwtt #txttrade #txttrades #txttrading #wtt #tomorrowxtogether #wtt #tomorrow #photocard #txtpc #txtphotocard #japan #jpn #wttsoobin #soobinwtt #wttbeomgyu #beomgyuwtt #wtttaehyun #taehyunwtt #wtthueningkai #hueningkaiwtt #soobin #beomgyu #taehyun #hueningkai",0,0,at://did:plc:2v7gn7iv5muncdvwud3e6puh/app.bsky.feed.post/3lpozzhg7tk2a
#photocard,2025-05-21T16:35:42.072Z,kookoopuppy.bsky.social,"tags
-
-
-
#txt #txtwts #wtstxt #wts #wtttxt #txtwtt #txttrade #tomorrowxtogether #wts #tomorrow #photocard #txtpc #txtphotocard #wtssoobin #soobinwts #wtsyeonjun #yeonjunwts #wtsbeomgyu #beomgyuwts #wtstaehyun #taehyunwts #wtshueningkai #hueningkaiwts #soobin #yeonjun #beomgyu #taehyun #hueningkai",0,0,at://did:plc:2v7gn7iv5muncdvwud3e6puh/app.bsky.feed.post/3lpozuf7jcc2a
#photocard,2025-05-20T23:32:00.251Z,mimscosara.bsky.social,"NAMI LEADER 🍊💰🐱

[ I'm starting to work in a new Leader series, with a different design of the elements, I think it suits my style better. Do you like it? (˶ᵔ ᵕ ᵔ˶) ]

Shares are appreciated 💖

.
.
.
#nami #catburglar #photocard #ONEPIECE #manga #anime #shonenjump #optcg #onepiececardgame",83,11,at://did:plc:3zpsjqvgu75wfopk3ho372v4/app.bsky.feed.post/3lpnanq6nmk2j
#photocard,2025-05-19T01:10:21.744Z,sakuraihoshi.bsky.social,"🌸Más edits bonitos con actores🌸. Como siempre Lee Jung Jae siendo el guapo rey que es 👑 💕✨.
*
#kawaiiaesthetic #mininote #leejungjae #koreanactors  #myedits #photocard #kawaiiedits",2,0,at://did:plc:jyktwzo36rldz4pxb2feal2a/app.bsky.feed.post/3lpif7ppizc2f
#photocard,2025-05-17T18:51:27.551Z,rayaeternum.bsky.social,"Went to Keston pond after, they have lots of geese!

#Stolitz #photocard #geese",2,0,at://did:plc:2ei77azlp2xp4imxiaqofula/app.bsky.feed.post/3lpf7l7575s27
#photocard,2025-05-17T17:49:03.265Z,riyoukisa.bsky.social,"🎂𝕳𝖆𝖕𝖕𝖞 𝕭𝖎𝖗𝖙𝖍𝖉𝖆𝖞
Get the #photocard for toploading! 
 #riyouga | #莉耀画 for me to see your deco!

🫶 Bring me along & #riyomedetou for me to celebrate with you your achievements in life!
🧵
 #莉耀館 #art #artist #artwork #riyoukan #oriental #cute #popart #vtuber",7,2,at://did:plc:z6cya67jfcktfh5ndeuhnje7/app.bsky.feed.post/3lpf43soffc2d
#photocard,2025-05-17T15:35:35.052Z,rayaeternum.bsky.social,"Found another owl statue, owls are following me everywhere so I took it as a sign to get this owl sharpener.

#owls #stolitz #photocard",3,0,at://did:plc:2ei77azlp2xp4imxiaqofula/app.bsky.feed.post/3lpeumwobgk2k
#photocard,2025-05-16T08:12:12.447Z,sakuraihoshi.bsky.social,"🌸 Desvelándome haciendo edits. No puedo evitarlo, de alguna forma debo combatir mi insomnio y qué mejor que hacer photocards de Mr. Lover Lover 😌💕✨.
*
#kawaiiaesthetic #mininote #gongyoo #koreanactors #pinkaesthetic #myedits #photocard #kawaiiedits",1,0,at://did:plc:jyktwzo36rldz4pxb2feal2a/app.bsky.feed.post/3lpblfcusi22p
#photocard,2025-05-15T22:29:07.648Z,vinylecafe.bsky.social,"PRÉCOMMANDE ||

L'édition butter yellow du vinyle A Matter Of Time de Laufey est disponible avec des photocards exclusifs chez Barnes&Noble ! (US ONLY)

🔗 : www.barnesandnoble.com/w/matter-of-...

#barnesandnoble #laufey #vinyl #vinyle #photocard #exclusive",2,0,at://did:plc:csgw52hl2qvhmhtlz4p2e6nc/app.bsky.feed.post/3lpaksslwnk24
#photocard,2025-05-10T17:28:36.747Z,rayaeternum.bsky.social,"And some more, trying to get different angles.

#Stolitz #Photocard",2,0,at://did:plc:2ei77azlp2xp4imxiaqofula/app.bsky.feed.post/3lothomhrc22i
#photocard,2025-05-10T17:26:14.448Z,rayaeternum.bsky.social,"Here's some more.

#Stolitz #photocard",3,0,at://did:plc:2ei77azlp2xp4imxiaqofula/app.bsky.feed.post/3lothkfxf2k2i
#photocard,2025-05-10T17:22:44.955Z,rayaeternum.bsky.social,"In the park again taking pictures of these photocards by @sero-hb.bsky.social 

#Stolitz #photocard #HelluvaBoss",11,2,at://did:plc:2ei77azlp2xp4imxiaqofula/app.bsky.feed.post/3lothe645ls2i
#photocard,2025-05-09T08:59:47.646Z,wysteribun.bsky.social,"wah!!

#photocard #standee #ocart #ocsky #oc",11,2,at://did:plc:tdzgxete5f2zo52cbny4s5ad/app.bsky.feed.post/3loq2rw5rps2g
#photocard,2025-05-04T23:15:09.486Z,rayaeternum.bsky.social,Went to see #Sinners and managed to snag this awesome #Poster from #Cineworld #Stolitz #Photocard,4,0,at://did:plc:2ei77azlp2xp4imxiaqofula/app.bsky.feed.post/3loeyaxdis22r
#photocard,2025-05-03T15:01:45.885Z,mimscosara.bsky.social,"ROBIN PHOTOCARD  💜🌸💓

Shares are appreciated 💖
.
.
.
#robin #mugiwara #strawhatcrew #photocard #ONEPIECE #manga #anime #shonenjump",176,52,at://did:plc:3zpsjqvgu75wfopk3ho372v4/app.bsky.feed.post/3lobm7q42xc27
#photocard,2025-05-03T08:32:05.882Z,pixlfr00t.bsky.social,"I LOOVEE BAIKEN I LOVE BAIKEN IM SO BAIKENPILLED!!!!!!!!!

#baiken #ggst #guiltygearstrive #oshikatsu
#photocard",5,0,at://did:plc:nnbnsbhrfrov6hw3ke33vou5/app.bsky.feed.post/3loawgvn25c2k
#photocard,2025-05-02T15:26:51.289Z,mimscosara.bsky.social,"PERONA PHOTOCARD 👻💖💖

Shares are appreciated 💖
.
.
.
#perona #ghostprincess #photocard #ONEPIECE #manga #anime #shonenjump",192,60,at://did:plc:3zpsjqvgu75wfopk3ho372v4/app.bsky.feed.post/3lo755oj24227
#photocard,2025-05-01T16:59:17.790Z,mimscosara.bsky.social,"NAMI PHOTOCARD 🍊💰🐱

[ What's the next character that deserves a photocard in this style? I think I'll stick with casual clothes in this series (≧▽≦) ]

Shares are appreciated 💖
.
.
.
#nami #catburglar #photocard #ONEPIECE #manga #anime #shonenjump",187,60,at://did:plc:3zpsjqvgu75wfopk3ho372v4/app.bsky.feed.post/3lo4rtwf7kk27
#photocard,2025-04-18T17:36:22.387Z,rayaeternum.bsky.social,"So I tried the Lemon and Lime Icee the other day, it is very nice, I like these types of flavours. 

Not as great as Elphabas Green Apple flavour but I enjoyed it.

#Icee #Stolitz #Photocard #StolitzMerch #Stolas #Blitz",2,0,at://did:plc:2ei77azlp2xp4imxiaqofula/app.bsky.feed.post/3ln45ugibas2p
#photocard,2025-04-17T16:19:06.277Z,sungsinsa.bsky.social,Team Black essential for onboarding-jinx Team Jersey unboxing.#lezhin  #manhwa  #unboxings #jinx  #photocard,1,1,at://did:plc:3ne6sylrwhgnf37sxwsuetsk/app.bsky.feed.post/3lmzj3eqfok2u
#photocard,2025-04-10T20:24:27.888Z,rayaeternum.bsky.social,"Also we ate some great Asian food while our today. Prawn and tofu skin Cheung Fun and Beef Udon Soup.

#CheungFun #BeefUdonSoup #Stolitz #Photocard #JapaneseFood #ChineseFood #HelluvaBossMerch #Stolas #Blitz",0,0,at://did:plc:2ei77azlp2xp4imxiaqofula/app.bsky.feed.post/3lmidjmy4rs2k
#photocard,2025-04-08T16:26:33.390Z,rayaeternum.bsky.social,"Ahhh @sero-hb.bsky.social photo cards arrived!! I love them so much! Thank you! ♥ 

#Stolitz #Merch #HelluvaBossMerch #indipendentartists #supportingartists #Stolas #Blitz #photocard",11,2,at://did:plc:2ei77azlp2xp4imxiaqofula/app.bsky.feed.post/3lmcvch5emc2s
#photocard,2025-04-06T19:34:55.811Z,heartlockedshop.bsky.social,"Turn your favorite photo into an adorable Easter Critters Holiday Card—personalized & ready to print or share digitally! Perfect for family, friends, or egg hunt invites! 
Customize & download instantly:
www.zazzle.com/easter_critt...
#EasterCards #PhotoCard #EasterPrintable #HolidayGreetings",1,0,at://did:plc:cv4snuujbooogbqup46svdk4/app.bsky.feed.post/3lm66vfihhk2f
#photocard,2025-04-01T17:59:46.000Z,tsukiyuki-studio.bsky.social,"Valorant Shade Series Photocards are up! 
#art #valorant #valorantphotocards #photocard #valorantagents #sage #skye #neon #jett #reyna #clove #deadlock #viper #fanart",11,0,at://did:plc:icho3udj6v4fyfxf3sju766e/app.bsky.feed.post/3llrhaj6yuc24
#photocard,2025-03-28T19:08:36.603Z,magicme.bsky.social,"Stavo pensando a te
#photography #flowers #landscape #photocard #nature #gardening",26,2,at://did:plc:awtcauvfe2yr4uamdxob6xid/app.bsky.feed.post/3llhja2ophs2v
#photocard,2025-03-16T12:35:03.251Z,scyshadow.bsky.social,"I made all of them now. They turned out quite well.
#Ateez #San #Mingi #Photocard #Photocardframe",1,0,at://did:plc:5i7lpoo4xrsrz5xhazhj46hr/app.bsky.feed.post/3lkinn4jevs2m
#photocard,2025-03-14T03:56:04.348Z,sungsinsa.bsky.social,Alienstage photocards unboxing.#alienstage #ivan #till #sua #mizi #luka #hyuna #photocard,0,0,at://did:plc:3ne6sylrwhgnf37sxwsuetsk/app.bsky.feed.post/3lkcpph2dqj2b
#photocard,2025-03-14T01:55:50.145Z,sungsinsa.bsky.social,our photo cards come out new!#alienstage #ivan #till #sua #mizi #luka #hyuna #photocard,1,0,at://did:plc:3ne6sylrwhgnf37sxwsuetsk/app.bsky.feed.post/3lkciyh36xx2i
#photocard,2025-03-13T06:50:14.652Z,lumiartt.bsky.social,"✨📷 PhotoCard ych (Fully Customizable with new charms) now available on VGen! Link in the comments✨

Repost pwease?💗📷
#artmoots #Vtuber #VGenComm #photocard #art #bsnm",28,7,at://did:plc:2yvya2wdmbtgfyordjh7v2cn/app.bsky.feed.post/3lkaixndggk2e
#photocard,2025-03-12T11:36:02.749Z,ametriarch.bsky.social,"Sister helped to get some custom photocards printed ☺️ got my milfs and gilfs on here ❤️

#photocard #olderwomen #milfs #illustration",3,0,at://did:plc:shwhjaufwlm3cy2iz24zpqy5/app.bsky.feed.post/3lk6ihx45vk2f
#photocard,2025-03-11T21:16:54.155Z,lumiartt.bsky.social,"I love her! Will make an official announcement tmrw about the Photocard c*mms, but I wanted to show her off lmao! 

It’s already out on VGen if you’re interested!!

Hope people like it as much as I do🥹💜 I eep now see you tmrw~

#RaidenShogun #art #photocard #VGenComm #bsnm",24,5,at://did:plc:2yvya2wdmbtgfyordjh7v2cn/app.bsky.feed.post/3lk4yhofans2b
#photocard,2025-03-02T15:21:49.950Z,mysweetsuzu.bsky.social,"i finally have a Photocard Album and a PC Holder!! ୧⁠(⁠＾⁠ ⁠〰⁠ ⁠＾⁠)⁠୨ (the hello kitty card is a place holder for the PC in the my melody pocket) 
#photocard #SUZU #collector #ミーアイ #山本すず",1,0,at://did:plc:hpqbhqqxqpclrwq3gg3cslha/app.bsky.feed.post/3ljfqg5cjzc2m
#photocard,2025-03-01T21:35:49.163Z,lottimiqo.bsky.social,"deco'd a banmon card to go with the keychain i made a while back, and an aarin! #deco #toploader #photocard",0,0,at://did:plc:iqir5cmjz26snerknbrla7yi/app.bsky.feed.post/3ljduucarus2b
#photocard,2025-02-28T16:08:27.953Z,bludocreates.bsky.social,"Working on a set of photo cards for alien stage with some influences from 90s anime. Cards will also be holographic. 
•
•
•
•
#alienstage #alnstg #ivan #till #ivantill #digitalart #csp #photocard",2,0,at://did:plc:nqpjtaclmqyy357pf6yvnqat/app.bsky.feed.post/3ljas43gwcs2s
#photocard,2025-02-25T05:41:11.554Z,chuuulli.bsky.social,"tô com essa CEG aberta do IN e do Felix lá no antigo twitter, é nacional, tô organizando um drop grande da seller! Se alguém tiver interesse em entrar fala cmg 
valores nas imagens + os freteS #straykids #skz #vendo #photocard",0,0,at://did:plc:5w6xshyhefh7gtucdvxehe6q/app.bsky.feed.post/3liy5nnxbcc2x
#photocard,2025-02-24T21:55:46.356Z,hitmagazine.com.br,"Memórias guardadas em pequenos pedaços de papel. 

Os photocards carregam histórias, momentos e sentimentos que só quem é fã entende. 
Cada photocard é uma lembrança eterna, um carinho que fica. 

Você também coleciona memórias assim?

Creator: oielays

#KPOPMEMORIES #PHOTOCARD",1,0,at://did:plc:3ocnyumtortxcklgxnmobuzx/app.bsky.feed.post/3lixdnja6qs2f
#photocard,2025-02-20T20:59:36.461Z,lottimiqo.bsky.social,another gumi!! 🩵🦋 #toploader #photocard #deco,2,0,at://did:plc:iqir5cmjz26snerknbrla7yi/app.bsky.feed.post/3lin6natvls2l
#photocard,2025-02-20T07:36:21.558Z,wanderingibon.bsky.social,"forgot to post this too but i printed out a crow version to decorate (plus glint!) 🥺💕
#art #photocard #deco",10,1,at://did:plc:efrq7pjh2h3wacwbdjj7knpp/app.bsky.feed.post/3lilrqy6vok2n
#photocard,2025-02-14T03:58:02.458Z,yaminoneko.bsky.social,"Happy Valentines day!
Two star-crossed lovers.
#photocard #deco #majimagoro #makotomakimura #rgg #yakuza",23,6,at://did:plc:nvmejrl33sqausatbdqrgzjw/app.bsky.feed.post/3li4cr2n3jc25
#photocard,2025-02-13T22:57:58.161Z,snugillustrations.bsky.social,"My first ever photocard is ready! A lil cute Nikki to welcome the weekend ^_^

#infinitynikki #photocard #promosky",5,1,at://did:plc:gou7bi5igh7fgfru5h4zafyo/app.bsky.feed.post/3li3ryhz6ps2o
#photocard,2025-02-13T16:44:55.354Z,ohmypurin.com.br,"Lojinha online atualizada pós Ryu festival e nossos photoholders de volta ao estoque com personagens novos 💖💖✨

#photocard #photoholder #merch #honkaistarrail #honkai",25,11,at://did:plc:mksqdjhqq7zzuwklzud6nfan/app.bsky.feed.post/3li3557nbmk2k
#photocard,2025-02-11T05:28:31.550Z,sakuraihoshi.bsky.social,"🌸 Sigo editando fotitos, ahora le toca al reclutador loquito😌💕✨.
*
 #mininote #gongyoo #koreanactors #kawaiiaesthetic #myedits #cute #squidgamecast #photocard #thesalesman #coffeeaesthetic",3,0,at://did:plc:jyktwzo36rldz4pxb2feal2a/app.bsky.feed.post/3lhuwg4zf522u
#photocard,2025-02-11T04:43:28.152Z,sakuraihoshi.bsky.social,"🌸 Sigo editando fotitos, ahora le toca al papá luchón 😌💕✨.
*
#kawaiiaesthetic #mininote #leejinwook #koreanactors #greenaesthetic #myedits #cute #squidgamecast #photocard",3,0,at://did:plc:jyktwzo36rldz4pxb2feal2a/app.bsky.feed.post/3lhutvkq65c2j
#photocard,2025-02-10T18:02:36.049Z,sakuraihoshi.bsky.social,"🌸 Inicio de semana de #journaling digital y tradicional. Como dije; amo decorar fotos y ahora le tocó  al bello de #choiseunghyun 💕✨.
*
#kawaiiaesthetic #mininote #TOP #koreanactors #digitaljournal #pinkaesthetic #digitaljournaling #cute #thanossquidgame #photocard",1,0,at://did:plc:jyktwzo36rldz4pxb2feal2a/app.bsky.feed.post/3lhtq3lyxus2r
#photocard,2025-02-08T23:04:14.968Z,lottimiqo.bsky.social,nemu! 🍞✨ #photocard #deco #toploader,2,0,at://did:plc:iqir5cmjz26snerknbrla7yi/app.bsky.feed.post/3lhp7z5r3jc2g
#photocard,2025-02-08T17:07:56.155Z,theartofjada.bsky.social,"I made this little photocard holder cut out template. To anyone who make DIY holders, tell me what materials do you use. Pictures would be much appreciated! 
#kpop #kpopcommunity #photocardholder #photocard #diy #jhope",1,0,at://did:plc:mpef7yyf6spp5niiashou4ub/app.bsky.feed.post/3lhom3yyqp227
#photocard,2025-02-07T13:45:59.553Z,zirconwolfdog.bsky.social,"I hear it's payday and u deserve a lil treat ( *︾▽︾)  

#vruber #lewdtuber #vtubermerch #puppygirl #photocard #tradingcards #fansly 🐾",0,0,at://did:plc:6zlpzwb4hlgy3362ujo3kiqd/app.bsky.feed.post/3lhlqe5mxa22e
#photocard,2025-02-06T23:31:47.658Z,lottimiqo.bsky.social,nanase gumi 🩵🩵🩵 #photocard #deco #toploader,1,0,at://did:plc:iqir5cmjz26snerknbrla7yi/app.bsky.feed.post/3lhkamkgay22t
#photocard,2025-02-06T18:04:20.557Z,darkyozora05.bsky.social,"And this is from non K-Pop groups/artist:

Also my correction from above: BOYNEXTDOOR Woonhak’s photocard is from “HOW?”

#PinoyPop #Seiyuu #photocard
#SB19 #SB19Justin
#YumaUchida",3,0,at://did:plc:6qmmbpx5fj3mq2k3zv7l2mfm/app.bsky.feed.post/3lhjocwd7kk2p
#photocard,2025-02-06T17:59:29.249Z,darkyozora05.bsky.social,"Here’s mine (sorry for the photo quality though)

#kpop #photocard
#StrayKids #HanJisung
#EXO #Baekhyun
#NCT #Taeyong
#BOYNEXTDOOR #Woonhak",2,0,at://did:plc:6qmmbpx5fj3mq2k3zv7l2mfm/app.bsky.feed.post/3lhjo27pbyc2p
#photocard,2025-02-06T14:19:29.056Z,timedowls.bsky.social,"What are your 4 favorite photocards in your collection? Doesn't matter what group! Check alt text for description on why its a fave :) 
#kpop #photocard #straykids #ateez",7,0,at://did:plc:h6423qcx6beceovuiva52v3z/app.bsky.feed.post/3lhjbqnnsbk2g
#photocard,2025-01-31T20:28:08.273Z,lottimiqo.bsky.social,mirin and cinnamoroll 💙✨⭐️ #deco #photocard,6,0,at://did:plc:iqir5cmjz26snerknbrla7yi/app.bsky.feed.post/3lh2tkmas4k2v
#photocard,2025-01-30T06:16:55.450Z,yaminoneko.bsky.social,"Working on Photocard Comms tonight!
#kawaii #photocard #decostickers",6,1,at://did:plc:nvmejrl33sqausatbdqrgzjw/app.bsky.feed.post/3lgwtjnyyu222
#photocard,2025-01-25T00:04:59.560Z,sydders09.bsky.social,He's perfect. 🥹 #photocard #felix #leefelix #straykids #skz #hmv,1,0,at://did:plc:ysqauqzbkzbsdhjkgxqfxjky/app.bsky.feed.post/3lgjmfy3ihk2j
#photocard,2025-01-24T01:18:01.660Z,itaibag.bsky.social,"Photoshoot with my good friends Marshmallow Mouse Family showing off our new #decoden #photocard keychains 

#Kawaii",1,0,at://did:plc:zzmnugkbaiexv3n6iuqfbjei/app.bsky.feed.post/3lgh7zmztuk2w
#photocard,2025-01-22T19:44:12.357Z,kowaikawaii.bsky.social,January is rough for small businesses 😅 #milesmorales #spiderman #photocard #photocardcollection,0,0,at://did:plc:jkwpygsd72uol3zs5g4puxci/app.bsky.feed.post/3lge4vurpsk24
#photocard,2025-01-22T01:06:05.755Z,kuroooooo-art.bsky.social,"💡Vanity Mirror Photocard Holder💡

Shining ⭐️ of your life ⭐️⭐️

Able to fit up to 9 x 5.9cm cards
🔺Kpop photocards
🔺Chekis
🔺Transportation cards
🔺Bank Cards 

#photocardholder #kpop #photocard #passcase #pcholder #originaldesign #smallbusiness",0,0,at://did:plc:h5acagq4waoizgimhiyxkyjd/app.bsky.feed.post/3lgc6ggkym22y
#photocard,2025-01-18T22:03:03.352Z,cryptidcrusader.bsky.social,Happy 1 year anniversary love and deepspace! I am celebrating by creating toploaders of my husband while being yelled at at work. (⁠◍⁠•⁠ᴗ⁠•⁠◍⁠)⁠❤ #loveanddeepspace #zaynelads #photocard,2,0,at://did:plc:q7ysaguwhwnig5j6pgrwg5a4/app.bsky.feed.post/3lg2csfpvuk2h
#photocard,2025-01-17T12:18:04.056Z,serenashin.bsky.social,"Can't stop looking at the holographic shine 🐱✨
It was a photocard I made for the Cyberpunk Bts zine, I have a bunch of them on my kofi if you wanna admire the shine in person too 💙
#yoongi #photocard #suga #btsfanart #kpop #merch",23,5,at://did:plc:hc7hl3oyukechkfzwqcy5zog/app.bsky.feed.post/3lfwrnjcdbc2n
#photocard,2025-01-17T08:37:22.248Z,onniskr.bsky.social,"New Lezhin collection photocards are on pre-order !
~ Jan.20 KST
#Poleofinaccessibility #InGoodFaith
#UndertheInfluence #WhatLiesWithin #Lust

📌To order bit.ly/onnisproxy 

🌏World Wide Shipping ✈️
Thanks for your support !!! 💕

#onnispb  #koreanshop #yaoi #bl #photocard",0,0,at://did:plc:wayejurbze4rz72fvv7zcmpr/app.bsky.feed.post/3lfwfcr6ags2i
#photocard,2025-01-17T08:36:55.354Z,onniskr.bsky.social,"New Lezhin collection photocards are on pre-order !
~ Jan.20 KST
#Poleofinaccessibility #InGoodFaith
#UndertheInfluence #WhatLiesWithin #Lust

📌To order bit.ly/onnisproxy 

🌏World Wide Shipping ✈️
Thanks for your support !!! 💕

#onnispb  #koreanshop #yaoi #bl #photocard",1,0,at://did:plc:wayejurbze4rz72fvv7zcmpr/app.bsky.feed.post/3lfwfbvzrgc2i
#photocard,2025-01-16T13:04:46.356Z,rotad0re.bsky.social,🎀🐾 Ych commission 💞#VgenComms #YchComm #animeartist #vartist #vgen #ych #photocard,6,3,at://did:plc:pw4le75bwfz7pabgfkscfek7/app.bsky.feed.post/3lfuds2hpus2w
#photocard,2025-01-13T20:15:11.058Z,onamoodycloud.bsky.social,Host an arts & crafts workshop with your besties this year 💖 you get quality time and a cute toploader deco out of it ~~ #kpop #toploaderdeco #photocard,0,0,at://did:plc:zfa7hvrhb3e5tsnbmg75mjb4/app.bsky.feed.post/3lfnkgyohg22w
#photocard,2025-01-13T06:13:43.849Z,sugarysoftie.bsky.social,"❤️RADIOSTATIC INTEREST CHECK🩵

Thank you so much in advance for answering our interest form!
Pls share if you can! 
forms.gle/gjZio9bX4TkYMB…

#radiostatic #cupsleeve #cupsleeveevent #vox #alastor #staticradio #hazbinhotel #hazbinhotelfanart #photocard #smallbusiness #smallevent",4,0,at://did:plc:jx4gth5vkyz3tokb3cccrfnx/app.bsky.feed.post/3lfm3gcebn22l
#photocard,2025-01-12T19:06:50.352Z,mushroomgrenade.bsky.social,"Donating half of what I make to #LuigiMangione 's legal funds

They're $25 each, dm to claim #photocard 

Link for ref : www.givesendgo.com/legalfund-ce...",1,0,at://did:plc:zrqtldh7dbfxgowizgfos5uf/app.bsky.feed.post/3lfkw5spozk2f
#photocard,2025-01-12T16:32:21.848Z,sucremortis.art,"another gorgeous commission! for @stinadrawsthings.bsky.social!! I love this piece I'm so thrilled to have gotten to doll them up.

lots of slots open!! I want your blorbos!!!",8,2,at://did:plc:cfcpfhqi56rql2ysfhjupuee/app.bsky.feed.post/3lfknjngdi725
#photocard,2025-01-11T07:52:18.453Z,podley.bsky.social,"I’m making photocards!! First up is Gale ✨💜

#bg3 #bg3fanart #bg3gale #galedekarios #photocard",4,1,at://did:plc:nit2cfpgpeurqnam6h6uxbh7/app.bsky.feed.post/3lfh7yqfnc22q
#photocard,2025-01-10T22:07:00.852Z,conangay.bsky.social,"Oii gente!! Quem estiver interessado, eu estou vendendo esses photocards do felix!! Os 3 de cima são POBs e o do lado da unit é um nacific double sided, todos com frete incluso!!
#photocard #felix #straykids",0,1,at://did:plc:cmkd5m2u7qy5shniimqka2wg/app.bsky.feed.post/3lfg7bz2c4s2a
#photocard,2025-01-09T22:29:21.060Z,inniesl0vr.bsky.social,"Minha whish list 🩷🌷
PROCURO/COMPRO
-IN ATE - BOOM ver
-IN ATE - pop up event R1
-Baby IN 
- IN I AM NOT
- IN socialpath b ver.

🌷• Pago preço de tabela,
•  Não tenho problema com avaria,
🌷• De preferência que tenha o card em mãos 
• aceito cegs,
🌷• Não aceito Over.
#photocard #jeongin #straykids",1,0,at://did:plc:6j3pdpca5lfwgxhzsk4j7o2x/app.bsky.feed.post/3lfdq33tmnc2w
#photocard,2025-01-09T21:50:18.947Z,itzelr.bsky.social,"Crochet photocard holder gift for a friend
#crochet #kpop #bts #photocard #gift",1,0,at://did:plc:zjcryn2pm2ypjfontamysf6i/app.bsky.feed.post/3lfdnvchccs2e
#photocard,2025-01-06T12:06:03.050Z,ssnckk.bsky.social,"Commission open ₊˚⊹♡

🎀สอบถามรายละเอียดเพิ่มเติมหรือดูผลงานแบบเต็มทาง dm คับรับคมช.เรื่อยๆนะคับ

🎀หมายเหตุช่วงเก็บผลงาน 3 ท่านแรก ลด 10 % คับ⭐️

#รับออกแบบ #รับออกแบบของแจก 
#รับออกแบบgiveaway #commissionTH
#commissionopen #cupsleeves #poster #sticker #postcard #photocard",0,5,at://did:plc:ziakffcetakk3o4i4ugvzf2a/app.bsky.feed.post/3lf33touor22v
#photocard,2025-01-06T04:41:55.750Z,sucremortis.art,"SIMPS. OC ENTHUSIASTS. FANDOM FREAKAZOIDS. I want you.

I'll print your dudes out for you and let you hold them in your hands. OCs. Artwork. Screenshots. SFW, NSFW, I don't care. Give them to me.

More details in the link below. Go nutty!
sucremortis.art/#photocards",12,5,at://did:plc:cfcpfhqi56rql2ysfhjupuee/app.bsky.feed.post/3lf2czqg22l26
#photocard,2025-01-06T01:04:11.928Z,seowife.bsky.social,#straykids #stays #straykidseverywhereallaroundtheworld #kpop #kpoper #dominatetour #changbin #felix #leeknow #seungmin #bangchan #hyunjin #hanjisung #jeongin #skz #skzconcert #brasil #rifa #rifaonline #rifasolidaria #sorteio #sorteiogram #sorteiotop #photocard #photocards #leebit #skzoo #3racha,0,0,at://did:plc:rugugfryap4pechegp23jvqp/app.bsky.feed.post/3lezwufdj6s2z
#photocard,2025-01-04T21:18:27.501Z,crunchy-curly-fry.bsky.social,"My dnd party’s photocards!!
Highschool AU

Bottom Row

#clipstudio #dnd #tiefling #art
#oc #ocart #cute #photocard",5,0,at://did:plc:xu6x5ufqyh2dgyvn4lb34o2c/app.bsky.feed.post/3lewzrrypw22s
#photocard,2025-01-04T21:18:27.483Z,crunchy-curly-fry.bsky.social,"My dnd party’s photocards
Highschool AU

Top Row

#clipstudio #dnd #tiefling #art
#oc #ocart #cute #photocard",6,0,at://did:plc:xu6x5ufqyh2dgyvn4lb34o2c/app.bsky.feed.post/3lewzrpuffc2s
#photocard,2025-01-04T21:18:27.468Z,crunchy-curly-fry.bsky.social,"My dnd party’s photocards!!
Highschool AU

F.Y.I it’s paint 

Our campaigns name is the Raven Masters Call

#clipstudio #dnd #tiefling #art
#oc #ocart #cute #photocard #au",6,0,at://did:plc:xu6x5ufqyh2dgyvn4lb34o2c/app.bsky.feed.post/3lewzrmat5k2s
#photocard,2025-01-04T18:43:24.152Z,yaminoneko.bsky.social,"I really enjoy decorating photo cards. Would anyone be interested in comms?
#deco #photocard #rgg #yakuza #majimagoro",31,10,at://did:plc:nvmejrl33sqausatbdqrgzjw/app.bsky.feed.post/3lewr4jjius2f
#photocard,2024-12-30T08:27:14.251Z,rotad0re.bsky.social,Vgen commission for pwrdy 🐾🎀 #artcomm #ychcommission #vgen #vgencomm #ychcomms #kawaiiart #photocard,7,1,at://did:plc:pw4le75bwfz7pabgfkscfek7/app.bsky.feed.post/3lej4e5nkcs2j
#photocard,2024-12-29T11:42:14.249Z,rotad0re.bsky.social,"All the completed YCH photocards so far (˶˃ ᵕ ˂˶) .ᐟ.ᐟ
~ I have 2 more to do today yippii 🐾 #VgenComm #ychcommission #artcommissions #ych #photocard",3,0,at://did:plc:pw4le75bwfz7pabgfkscfek7/app.bsky.feed.post/3legwrvyeas2f
#photocard,2024-12-20T13:30:36.852Z,kanadekana.bsky.social,"FFXIV Curtain’s Call Photocard~!
I’m planning to continue the series! Which character you want to see next? 🌸

🛍️kanadekana.etsy.com

Shop is taking a short break! Back soon at Jan 6th

#finalfantasy14 #ff14 #ffxiv #photocard
#estinien #themis #elidibus #aymeric #grahatia #graha
#erenville #alphinaud",43,18,at://did:plc:n75t3ipoe4wj77rqgshqitbw/app.bsky.feed.post/3ldqinbr3pk2v
#photocard,2024-12-17T15:12:55.749Z,astronora.bsky.social,"And here is the last card of the first trio ! And it’s not the last one ~ i’m going to start another serie soon, which concerns very important ocs in my eyes ♥️ #oc #drawing #photocard",6,1,at://did:plc:onkfp72ezqzo52vm5a2uja3p/app.bsky.feed.post/3ldj4xm5tcs2k
#photocard,2024-12-16T17:33:41.749Z,dtdelosh.bsky.social,"Chinese New Year, red blossom border to frame your photo #Photocard #greetingcard #BSNM 
www.greetingcarduniverse.com/holiday-card...",4,1,at://did:plc:axhnqlsxid57vpddi23bvxkw/app.bsky.feed.post/3ldgueh2p522y
#photocard,2024-12-14T13:47:10.953Z,collectingall.bsky.social,∀ 2023 Oreo X Blackpink Lisa Photocard #08 PSA 10 👉 bit.ly/myslabs 👈 Gem mint http://blog.collecti... #Oreo #Blackpink #Lisa #Photocard #PSA10,0,0,at://did:plc:5tyosqktoztcdzuvgiishtxi/app.bsky.feed.post/3ldbgrlfyuz2a
#photocard,2024-12-14T10:43:42.551Z,collectingall.bsky.social,∀ 2023 Oreo X Blackpink Jennie Photocard #02 PSA 10 👉 bit.ly/myslabs 👈 Gem Mint http://blog.collecti... #Oreo #Blackpink #Jennie #Photocard #PSA10,0,0,at://did:plc:5tyosqktoztcdzuvgiishtxi/app.bsky.feed.post/3ldb4jj2yxw2c
#photocard,2024-12-05T18:51:59.452Z,thevictorianpearl.bsky.social,HELP YES IM SCREAMING CRYING #XG #XGAWE #XGJurin #photocard,6,0,at://did:plc:u2eddyvwvkasnldjvyw5ydxl/app.bsky.feed.post/3lcldmc772c2i
#photocard,2024-12-03T22:59:47.474Z,whosdriving.bsky.social,#hongjoong #ATEEZ #kpop #photocard,1,0,at://did:plc:bgluwjq72oxg3sivz3vplshg/app.bsky.feed.post/3lcgqjkomz22z
#photocard,2024-12-03T05:12:20.457Z,zirconwolfdog.bsky.social,"u can get the whole digital card set on fansly!!! 
fansly.com/post/7198680... 

❄ #nsfw #fansly #collector #digitalcards #photocards #photoset #vtuber #lewdtuber #realnsfw #nsfwsky #puppygirl #vtuber #lewdtuber #kawaii #egirl #altgirl #boobs #ass #thighs #stripedsocks #tradingcards #photocard 🐾",6,2,at://did:plc:6zlpzwb4hlgy3362ujo3kiqd/app.bsky.feed.post/3lceuutf2uc2c
#photocard,2024-12-02T21:41:00.857Z,pinkishfic.bsky.social,I'm working on a visible tattoos theme for my #photocard binder....any recs? I'm open to anyone from any group as long as there's a visible (real) tattoo!,1,0,at://did:plc:3xe7xpdjvnsdne3aepbdkupu/app.bsky.feed.post/3lce3ns2l4k2i
#photocard,2024-12-02T17:11:57.864Z,scyshadow.bsky.social,"I put my new favorite Mingi card in my favorite frame. 🥰
#Ateez #Atiny #Mingi #Photocard",1,0,at://did:plc:5i7lpoo4xrsrz5xhazhj46hr/app.bsky.feed.post/3lcdmmjvcks2j
#photocard,2024-12-02T07:29:14.856Z,zirconwolfdog.bsky.social,"Imagine if i had a trading card set!! would u try for the chaser?? ( •̀ ω •́ )✧ 

u know where 2 go for the full uncensored set!! fansly.com/post/7198680...

❄ #realnsfw #nsfwsky #puppygirl #vtuber #lewdtuber #kawaii #egirl #altgirl #boobs #ass #thighs #pussy #stripedsocks #tradingcards #photocard 🐾",20,5,at://did:plc:6zlpzwb4hlgy3362ujo3kiqd/app.bsky.feed.post/3lccm2lv7ms2w
#photocard,2024-12-01T00:38:13.252Z,zirconwolfdog.bsky.social,"Have u ever wanted a photocard of ur fav indie porn puppygirl?? (★‿★) (inspired by ‪@honeybatz.bsky.social's cute edits!!) 

❄ #puppygirl #inumimi #wolfgirl #photocard #hentai #waifu #kawaii #sanriogirl #altgirl #egirl #NSFW #realNSFW #fansly #bluehair #andpronouns 🐾",21,4,at://did:plc:6zlpzwb4hlgy3362ujo3kiqd/app.bsky.feed.post/3lc7ems5zdc2t
#photocard,2024-11-30T13:08:28.257Z,moonrabbitdeco.bsky.social,"🎄Christmas is Drawing Near🌙🐰Toploader Deco-Commisions Open💕
•Shopping link on my profile•
#photocard #toploader #toploaderdeco #kpopdeco #straykids #kpop #fypkpop #cahol #RacunShopeeKpop",0,0,at://did:plc:z6ykgk32vbu4dzye7hpyeer5/app.bsky.feed.post/3lc663dnbvk2p
#photocard,2024-11-30T13:07:25.260Z,moonrabbitdeco.bsky.social,"♥️New Ready Stock♥️
s.shopee.co.id/8f8axZuxT4
vt.tokopedia.com/t/ZS2j7wVkY/
•
#photocard #toploader #toploaderdeco #otomegame
#loveanddeepspace #zayne #rafayel #xavier #sylus",0,0,at://did:plc:z6ykgk32vbu4dzye7hpyeer5/app.bsky.feed.post/3lc65zg4wls2p
#photocard,2024-11-30T09:22:02.656Z,seapandamako.bsky.social,"Pookie and Babygirl are completely sold out!
I definitely will bring them back and I would love to design more photocard holders ❤️

ko-fi.com/seapandamako

#pcholder #photocardholder #photocard",5,0,at://did:plc:jzpbmf64e2tz2iwio7gm23dv/app.bsky.feed.post/3lc5rgi5cb22o
#photocard,2024-11-29T19:48:08.850Z,lovestar1799.bsky.social,"Just made some Dan photocards for a future ita purse bag 💕💕💕

#edit #edits #photoedit #photoedits #Photocard #photocards #CapCom #StreetFighter #DanHibiki",11,4,at://did:plc:6whgyu36rlv2af4d2h3m25vg/app.bsky.feed.post/3lc4dwxcask2b
#photocard,2024-11-29T19:03:40.255Z,acidicchoco.bsky.social,Honkai photocards #honkaistarrail #photocard,57,6,at://did:plc:eomswkoxpuf2hvsczrtdeth6/app.bsky.feed.post/3lc4bhofmjs2c
#photocard,2024-11-29T01:18:28.354Z,silverkpopper.bsky.social,"Official website of BUNJANG GLOBAL K-POP MERCH TREND REPORT 2024. We would like to inform you that Jimin FACE photo cards were sold at the highest price of any Kpop idol in Korea's second largest market, totaling 3 million won ($2,141).

www.koreatimes.co.kr/www/art/2024... 

#jimin #photocard",1,0,at://did:plc:eepxuitqniutmg2rvft3inyd/app.bsky.feed.post/3lc2fwwkuts2t
#photocard,2024-11-27T19:37:01.252Z,scyshadow.bsky.social,"I swapped the photocards to see which frame fits better. But I'm not sure.
#Ateez #Atiny #photocard #Mingi",2,0,at://did:plc:5i7lpoo4xrsrz5xhazhj46hr/app.bsky.feed.post/3lbxcfbw57k2g
#photocard,2024-11-26T17:14:00.367Z,scyshadow.bsky.social,"I did some cute frames for my photocards.
First time doing something like that.
#ATEEZ #ATINY #photocard #Mingi",4,0,at://did:plc:5i7lpoo4xrsrz5xhazhj46hr/app.bsky.feed.post/3lbujwqslce2w
#photocard,2024-11-26T00:30:11.254Z,worldinhazel.bsky.social,"𝙡𝙖𝙩𝙚𝙨𝙩 𝙖𝙩𝙚𝙚𝙯 𝙥𝙝𝙤𝙩𝙤𝙘𝙖𝙧𝙙 𝙥𝙪𝙡𝙡𝙨 / golden hour part 2

🖤 | Still can't believe what happened! I was not expecting to pull the same members in my next batch of photocards. 🤣 

ps: hoping i get seonghwa and jongho in the digipacks i'm waiting for 

#ateez #ateezphotocard #photocard
#photocardpulls",0,0,at://did:plc:5z45oioentk6rovmhrkinr5q/app.bsky.feed.post/3lbsrtsf7ts2h
#photocard,2024-11-24T16:27:59.674Z,kpople2ter.bsky.social,"Hey Stays!! It's time! Be sure to check them out

##straykids #photocardsale #photocard #kpop #kpopphotocard ##fanmade",0,0,at://did:plc:2zoszqvy35lfyqjwc6gml3lk/app.bsky.feed.post/3lbpggpetnk2b
#photocard,2024-11-24T12:56:14.437Z,torihimecos.bsky.social,#kofi #buymeakofi #kofishop #koficommission #cosplay #cosplayer #cosplaygirl #cosplayprints #photocard #cosplayphotography #danmei #danmeicosplay #twistedwonderland #twistedwonderlandcosplay #twst #twstコスプレ #genshin #genshinimpact #genshinimpactcosplay #vtuber #elirapendora #nijisanji #vtubercosplay,1,0,at://did:plc:capewzjxpkjzqifbgbfju7wp/app.bsky.feed.post/3lbp2m36kcc2x
#photocard,2024-11-23T11:51:36.757Z,maxiigyu.bsky.social,"hi guys!! ♥
do we like one of my pc binder ? i just received it and put stickers on it as soon as i did!! also received ATE 2 sided hyunjin PC <3 

[ #kpop #photocard #straykids #txt ]",2,0,at://did:plc:zrkuo54xf2zcv5gwyf5fv64m/app.bsky.feed.post/3lbmgjirsjs2k
#photocard,2024-11-23T05:36:27.955Z,corydora3005.bsky.social,"💙
#BOYNEXTDOOR #Leehan #photocard",1,0,at://did:plc:6eusguwt2knrim2m5rimsd3o/app.bsky.feed.post/3lblrknwjvc2j
#photocard,2024-11-21T19:48:31.497Z,mushroomgrenade.bsky.social,"I just wanna be part of your symphony premade avaible!
#memes #photocard
ko-fi.com/s/750a90936b",1,0,at://did:plc:zrqtldh7dbfxgowizgfos5uf/app.bsky.feed.post/3lbiaahz2tk2w
#photocard,2024-11-21T19:47:52.596Z,mushroomgrenade.bsky.social,"#rottmnt Lou Jitsu premade avaible! 
#tmnt #rottmntsplinter #riseoftheteenagemutantninjaturtle #photocard #loujitsu
ko-fi.com/s/d2c3f9bb08",2,1,at://did:plc:zrqtldh7dbfxgowizgfos5uf/app.bsky.feed.post/3lbia7d3kak2w
#photocard,2024-11-21T19:46:47.399Z,mushroomgrenade.bsky.social,"#tottmnt Donnie premade avaible! 
#tmnt #tmntdonnie #talesofthetmnt #photocard
ko-fi.com/s/6e7383d3af",4,0,at://did:plc:zrqtldh7dbfxgowizgfos5uf/app.bsky.feed.post/3lbia5evz7c2w
#photocard,2024-11-21T19:45:50.691Z,mushroomgrenade.bsky.social,"#tottmnt Leonardo premade avaible! 
#tmnt #tmntleo #talesofthetmnt #photocard
ko-fi.com/s/4dc9fea9ed",4,0,at://did:plc:zrqtldh7dbfxgowizgfos5uf/app.bsky.feed.post/3lbia3ofiyc2w
#photocard,2024-11-21T19:42:06.093Z,mushroomgrenade.bsky.social,"♣️I finally decided to open custom #photocard #commissions, you can find information below! 
❤️ Shares are appreciated! 
🍡Diecut credit @appeypie.bsky.social 2003 Donatello by @/sassatello
🤠 Also selling premades!
#tmnt #rottmnt #riseofthetmnt #teenagemutantninjaturtles 

ko-fi.com/s/0f6726a7c1",5,1,at://did:plc:zrqtldh7dbfxgowizgfos5uf/app.bsky.feed.post/3lbi7uw7c6c2w
#photocard,2024-11-21T01:40:12.796Z,corydora3005.bsky.social,"🩷My binder Leehan (BOYNEXTDOOR)🩷

#boynextdoormx #boynextdoor #leehan #Leehan #Leehan_boynextdoor #binderkpop #photocard #phtocardkpop #onedoor",0,0,at://did:plc:6eusguwt2knrim2m5rimsd3o/app.bsky.feed.post/3lbgdgesdfs2m
#photocard,2024-11-19T05:19:33.809Z,softdiarie.bsky.social,"buys a kpop photocard holder and uses it for my 1D trading cards instead. lol 🙈
#kpop #onedirection #1D #photocard #pcholder",1,0,at://did:plc:q2e7qijlg3mzxfj6blux3z4i/app.bsky.feed.post/3lbboqtdphc25
#photocard,2024-11-18T13:38:08.570Z,lievesnellings.bsky.social,"Greeting Cards
Only today 25% off

#photocard 
#greetingcard #ChristmasCards 

fineartamerica.com/profiles/lie...",1,0,at://did:plc:pvjqfr7vfhb3kpkucmuxzlwj/app.bsky.feed.post/3lba25ghqvc2l
#photocard,2024-11-12T00:32:48.806Z,yaminoneko.bsky.social,"This gave me some much needed serotonin. Yumeblusky, i recommend doing this very much
art by @/matchamonz on twt
Goromi sticker by @/aguichart 
#yume #rggoc #photocard #deco #MajiUme #Umeko #Goromi",18,2,at://did:plc:nvmejrl33sqausatbdqrgzjw/app.bsky.feed.post/3laplhndkys26
#photocard,2024-11-11T17:00:05.493Z,hapapie.bsky.social,"Made little like....photocard things? of my 2 fav ocs

#oc #OC #originalcharacter  #digital #digitalart #jjk #jjkoc #jujutsukaisen #blue #palinokkotsu #bitterblueheracles #dungeonsanddragons #dnd
#dndcharacter #dndoc #dndart
#collage #photocard #stickers",5,0,at://did:plc:wj7rjgaz24wbpr6tykhvktho/app.bsky.feed.post/3laos65kiso2g
#photocard,2024-11-11T01:33:40.387Z,vivisartblog.bsky.social,"Vai um card aí?
www.youtube.com/shorts/1WUU9...

#rose #brunomars #apt #photocard #sketchcard #brart #desenho #fanart #kpop",0,0,at://did:plc:hj7evvp5gj7kreurab2tsau6/app.bsky.feed.post/3lan6fiz6ls2r
#photocard,2024-11-07T07:04:50.684Z,kuroooooo-art.bsky.social,"📸Viewfinder Photocard Holder📸

Available on Etsy Store

Link in Bio

#photocardholder #kpop #photocard #passcase #pcholder #originaldesign #smallbusiness #newstoreopening #originaldesign #etsyshop #etsyseller

www.instagram.com/reel/DCD6DIk...",2,0,at://did:plc:h5acagq4waoizgimhiyxkyjd/app.bsky.feed.post/3ladp23xvsx25
#photocard,2024-11-05T19:44:09.989Z,himazune.bsky.social,"New Photocard holder in the works!! 
#photocard #pc #photocardholder #pcholder #ateez",3,0,at://did:plc:s2zf2uh5sipjxyncnvpyeqye/app.bsky.feed.post/3la7yjzie542k
#photocard,2024-11-05T06:00:10.883Z,kinkyponyartz.bsky.social,"My photocard holder collection. 😁 minus the new ones cuz they don’t have anything in them yet 😆

#photocard #photocardholder #kpop #anime #fandomculture #fandomthings",3,1,at://did:plc:ikseqklz2dvlier2ijexbhww/app.bsky.feed.post/3la6kin4ffz2x
#photocard,2024-11-02T08:51:44.889Z,kuroooooo-art.bsky.social,"📱Mobile Phone Photocard Holder📱

Available on Etsy Store now

Link in Bio 

#photocardholder #kpop #photocard #smallbusiness #passcase #pcholder #originaldesign #newstoreopening #etsyshop #etsyseller 

www.instagram.com/reel/DB3HBnY...",2,0,at://did:plc:h5acagq4waoizgimhiyxkyjd/app.bsky.feed.post/3l7xcomszyd27
#photocard,2024-11-02T05:07:52.986Z,gryffee.bsky.social,"New photocards that will be available at #cf19

Don't forget to grab them at L08 ab💕

#comifuro19 #photocard #merch #sundayhsr #lumine #aventurine #kafka",3,0,at://did:plc:vcgjaldlsniq5d25oddcx677/app.bsky.feed.post/3l7ww6czers2g
#photocard,2024-11-01T11:33:01.086Z,meeartz.bsky.social,"พรุ่งนี้มาเจอกันได้นะงับบ ที่งาน #comicavenue9 
.
#ชุมชนนักวาด #มาอวดโฮมุ้ #ขายของ #digitalart #postcard #photocard #sticker",3,1,at://did:plc:kyessjv4dwzo3xszpui6qkz6/app.bsky.feed.post/3l7v3a3yic42o
#photocard,2024-10-31T20:54:41.567Z,bangtannow.bsky.social,"(...)
💸 Preço: a partir de R$7,70 (com até 75% de desconto!)

🔗 Compre aqui: s.shopee.com.br/3L9GF62pDp

E comprando por esse link, você nos ajuda a manter o canal, já que recebemos uma pequena comissão! Obrigado pelo apoio, ARMY! 🫶💜

#BTS #Photocard #Postcard 
@bangtannow .🤍💛",0,0,at://did:plc:bmjutsl4fabrhymq3qmqmco6/app.bsky.feed.post/3l7tk5ktt6427
#photocard,2024-10-29T16:54:45.849Z,seapandamako.bsky.social,"I love making these 🥺🩷

#jungkook #v #taehyung #BTS #photocard",8,0,at://did:plc:jzpbmf64e2tz2iwio7gm23dv/app.bsky.feed.post/3l7o3spflvk2p
#photocard,2024-10-25T14:49:54.100Z,mmoka-ldz.bsky.social,"VENDO/VENDA TWICE2️⃣🧊 URGENTE
Jihyo-15
Mina-8
Chae as 2 por-35
Posso vender separado tbm

#vendo #venda #kpop #collection #collector #chaeyoung #mina #jihyo #twice #photocard #card",1,1,at://did:plc:orpnn3e7um6o4tr2nt34xy57/app.bsky.feed.post/3l7dsxq76df2a
#photocard,2024-10-24T19:03:59.345Z,superjane.bsky.social,"🎉 I'm pleased 2 announce NEW #Holiday #PhotoCard #Designs 4 Mpix! All R #customizable w/ photos + text. Shop em' at links in bio or www.mpix.com by searching ""Super Jane""!

☮️ Wrapped In #Peace
🎄 #MostWonderful
❤️ #Cocoa Mug Snuggle
🍪 #Gingerbread Bash #Invitation

#holidaycards #winterholidays #merry",2,0,at://did:plc:etdafi734gcs43m7ha2oip7j/app.bsky.feed.post/3l7bqp5pdbp2d
#photocard,2024-10-23T05:42:19.677Z,piyolyn.bsky.social,"I want to eat it
.
.
#Xavier #LoveandDeepspace #Photocard",3,1,at://did:plc:bjmgqvo4iz64jwe3lht6lalt/app.bsky.feed.post/3l75tgrsejt2u
#photocard,2024-10-21T14:01:07.677Z,moonrabbitdeco.bsky.social,"Crystal Fragments of Memories
♥️New Ready Stock♥️
s.shopee.co.id/8f8axZuxT4
vt.tokopedia.com/t/ZS2j7wVkY/
•
#photocard #toploader #toploaderdeco #otomegame
#loveanddeepspace #zayne #rafayel #xavier #sylus",3,0,at://did:plc:z6ykgk32vbu4dzye7hpyeer5/app.bsky.feed.post/3l6zoetndzz2s
#photocard,2024-10-21T02:08:21.065Z,dri8012.bsky.social,"Vendo photocard ateez 
Wooyoung fever part 2 
Chamar no pv 
Pequenos riscos atrás 
38+frete 
#ateez #photocard #atiny #kpop",0,0,at://did:plc:7uh7w77mjgexlrjbo4bixmf6/app.bsky.feed.post/3l6yglihbl62d
#photocard,2024-10-19T01:27:57.787Z,maximax-x.bsky.social,"Some photocards I've made!
#oc #originalcharacter #artpersona #photocard",3,1,at://did:plc:lnyhm2dspz6kflfz4r7ruqoy/app.bsky.feed.post/3l6tde6n5px22
#photocard,2024-10-18T20:20:21.240Z,whimsyartchive.bsky.social,"Aymeric is ready to be unwrapped. This photocard will make its debut at ALA
#photocard #ffxiv #aymeric",5,2,at://did:plc:qpxct75af5nqn334b77yhfw3/app.bsky.feed.post/3l6ss672ynm2d
#photocard,2024-10-17T10:26:36.572Z,toraprinting.bsky.social,"สุดยอดโปรดีแบบคอมโบ มีให้ยาวถึงสิ้นปี ! 
น้องโทระจัดมาให้พี่ๆแบบพิเศษเลยค้าบ ~ 🐯❤️

#Photobooth 50 ใบ : 168.- 
#Photocard 50ใบ, 100ใบ, 200ใบ : 140.- , 260.- , 500.- 
#Postcard 25ใบ, 50ใบ, 100ใบ, 200ใบ : 126.- , 396.- , 780.-  
#StickerDiecut 100% : 100.- (A3) 
Sticker Diecut 50% : 90.- (A3)  

*เงื่อนไขตามที่ร้านกำหนด",1,1,at://did:plc:42s6r4relapavi7skutkagtn/app.bsky.feed.post/3l6pajksyzq2m
#photocard,2024-10-15T17:21:11.283Z,fanship.bsky.social,"*CEG POB Withmuu*
_Todos os itens descritos nesse anúncios são oficiais!_
S.Coups ✅
Joshua ✅
Jun ✅✅
Hoshi ✅✅
Wonwoo ✅
Woozi ✅✅
Mingyu ✅✅
Minghao ✅✅
Seungkwan ✅
Vernon ✅✅
Dino ✅✅
Valor: R$ 55,00 + freteS
*Prazo: 15/11*

#Seventeen #Kpop #Photocard #CEG",1,0,at://did:plc:5toi6aa22w3vri3umpfmqlha/app.bsky.feed.post/3l6kwr2egkt2g
#photocard,2024-10-15T17:19:52.293Z,fanship.bsky.social,"*CEG POB Musicart*
_Todos os itens descritos nesse anúncios são oficiais!_
S.Coups ✅
Joshua ✅
Jun ✅✅
Hoshi ✅✅
Wonwoo ✅
Woozi ✅✅
Mingyu ✅✅
Minghao ✅✅
Seungkwan ✅
Vernon ✅✅
Dino ✅✅
Valor: R$ 55,00 + freteS
*Prazo: 15/11*

#Seventeen #Kpop #CEG #Photocard",1,0,at://did:plc:5toi6aa22w3vri3umpfmqlha/app.bsky.feed.post/3l6kwoozxdi2f
#photocard,2024-10-12T13:27:28.469Z,mmoka-ldz.bsky.social,"*VENDO/VENDA MOKA POB*
-50+frete fixo de 15
-preferência para pagamento IMEDIATO
-fbs no perfil!
-mando vídeo e fotos no perfil
-envio rápido 

🏷 #vendo, #venda, #illit, #moka, #kpop, #kpopper, #collector,  #collection, #photocard,  #vendo #moka, #ILLIT #MOKA #photocard #vendo #venda",4,1,at://did:plc:orpnn3e7um6o4tr2nt34xy57/app.bsky.feed.post/3l6cyceotxn2l
#photocard,2024-10-11T12:31:07.036Z,rswx97.bsky.social,"🖤 Sorteio especial de 1000 seguidores no Instagram ! 🖤Quer ganhar um photocard exclusivo das FreenBecky? 

www.instagram.com/p/DA7LQKnv01...

Lembre-se: se você for sorteado, será necessário apresentar o comprovante de participação. Boa sorte! 🤍 #Sorteio #freenbecky #photocard",5,1,at://did:plc:rldkr5vbighu54vjuhbnellw/app.bsky.feed.post/3l6aeoolqtj2u
#photocard,2024-10-08T18:42:17.355Z,bllueflames.bsky.social,"VENDA/VENDO - STRAY KIDS
• valores na imagem com frete incluso
• mando vídeo 
• ⁠pagamento via pix
• feedbacks no ig @/bllueflames 
#skzvendatroca #skztrocavenda #photocard #collector #skzvet #skztev #skz #straykids #seungmin #in",2,3,at://did:plc:zqnxi4cmakgv22foq4jcmwao/app.bsky.feed.post/3l5zhzmvbfh2h
#photocard,2024-10-08T15:03:08.798Z,nosferela.bsky.social,"mores veio o photocard do Jiung no meu digipack do Soul. quem tiver algum do Shosho e quiser fazer troca, hit me up 🥹 
#P1Harmony #Soul #Jiung #HakuShota #Piwon #P1H #SadSong #P1ece #Digipack #Photocard",3,0,at://did:plc:v42so2uc76gusww6cddlnflu/app.bsky.feed.post/3l5z3rr7csh2z
#photocard,2024-10-08T13:13:19.712Z,tagrr.bsky.social,"PROCURO / COMPRO PHOTOCARD
ENHYPEN ROMANCE UNTOLD WEVERSE 

Pagamento imediato 
#ENHYPEN #PHOTOCARD #COMPRA #VENDA #WEVERSE #KPOP",1,1,at://did:plc:asyvwurliz3gsvcsz453s3mt/app.bsky.feed.post/3l5yvnfgsjj25
#photocard,2024-10-07T22:04:00.111Z,gemini-ink.bsky.social,"Nu Carnival Photocards! ✨ (4/4)

Eiden 🩵

#nucarnival #photocard #BRArt",104,33,at://did:plc:x76iguhkgk52jbg6kxsa6dhl/app.bsky.feed.post/3l5xctgkraz2s
#photocard,2024-10-07T22:02:46.446Z,gemini-ink.bsky.social,"Nu Carnival Photocards! ✨ (3/4)

Yakumo & Olivine

#nucarnival #photocard #BRArt",116,40,at://did:plc:x76iguhkgk52jbg6kxsa6dhl/app.bsky.feed.post/3l5xcraclxd2z
#photocard,2024-10-07T22:00:24.756Z,gemini-ink.bsky.social,"Nu Carnival Photocards! ✨ (2/4)

Edmond & Quincy

#nucarnival #photocard #BRArt",132,47,at://did:plc:x76iguhkgk52jbg6kxsa6dhl/app.bsky.feed.post/3l5xcmz6pjt2z
#photocard,2024-10-07T21:58:59.580Z,gemini-ink.bsky.social,"Nu Carnival Photocards! ✨ (1/4)

Kuya & Dante

#nucarnival #photocard #BRArt",221,75,at://did:plc:x76iguhkgk52jbg6kxsa6dhl/app.bsky.feed.post/3l5xckhx63e2j
#photocard,2024-10-07T15:50:26.360Z,biancaholandad.bsky.social,"💌VENDA POB NAYEON NA
✔️Valor do PC + Frete (R$12,00)
✔️Mensagem pelo insta
""biadotae_collector""
#collector #collectorphotocard #photocard #twice #bts #army #once #jihyo #nayeon #chaeyoung #jeongyeon #momo #sana #mina #tzuyu #dahyun #jk #taehyung #v #jimin #namjoon #jin #suga #jhope #jungkook",2,4,at://did:plc:qtbnj3spsipvxsur5x3yh37q/app.bsky.feed.post/3l5wnxfwro622
#photocard,2024-10-07T14:05:34.288Z,mahlicepaper.bsky.social,"Photocard de ilustração por 8,00 reais + frete 
#dreamcacher #kpop #fanmade #ilustracao #photocard",1,0,at://did:plc:k3r2sr6ejlwja3kixolhftbo/app.bsky.feed.post/3l5wi3vlmc22h
#photocard,2024-10-07T12:46:03.220Z,moontaetae.bsky.social,"alguém pfvr me ajuda achar esses pc, meu pai que coisa difícil. 
( menos o nunu com o hannie , pq já consegui) 
#photocard #photocardseventeen #vendaetroca #vendophotocard 
#kpop #seventeen",2,0,at://did:plc:wqb64bs2m4cjr7k6wu7ycnvt/app.bsky.feed.post/3l5wdnpalnw22
#photocard,2024-10-06T20:26:13.722Z,mmoka-ldz.bsky.social,"*VENDA URGENTE*

23 CADA COM FRETE INCLUSO
Sem avarias 
Fbs no perfil
Vou nos correios segunda feira 07/10 e talvez terça 08/10

#vendo #venda #photocard #collector #collection #newjeans #minji #haerin #getup #supernatural #fyp #vendaurgente #dropdecoleção",3,1,at://did:plc:orpnn3e7um6o4tr2nt34xy57/app.bsky.feed.post/3l5umvn7mf62k
#photocard,2024-10-05T13:51:11.251Z,yu-jeong.bsky.social,"Só mais 4 e a gente fecha. ❤🎄
. 
. 
. 
. 
#ateez #atiny #collector #ateezphotocard #photocard",1,0,at://did:plc:asxlo7325itusr7ifgisytty/app.bsky.feed.post/3l5rgecunjc2v
#photocard,2024-10-05T00:54:12.966Z,mmoka-ldz.bsky.social,"VENDO//VENDA URGENTE

Pob da mina-25
Chaeyoung lightstick-35
Cards da sana,dahyun,chaeyoung e jeongyeon restantes-35

Valores com frete INCLUSO
Fbs no perfil
#vendo #venda #photocard #collector #collection #twice #mina #sana #chaeyoung #jeongyeon #cards #fyp",5,1,at://did:plc:orpnn3e7um6o4tr2nt34xy57/app.bsky.feed.post/3l5q2wypqcg24
#photocard,2024-10-04T05:47:55.307Z,fanship.bsky.social,"CEG POB Fansign Benefit Here
Todos os itens descritos nesse anúncios são oficiais!
Valor: R$ 40,00 + freteS
Prazo: 30/10

Cheol ✅
Jun ✅
Hoshi ✅
Wonwoo ✅
DK ✅
Mingyu ✅
Minghao ✅
Seungkwan ✅
Vernon ✅
Dino ✅

🧸 Feedback e Redes: www.instagram.com/fanshiplove/

#Seventeen #CEG #Photocard #SVT #KPOP",1,0,at://did:plc:5toi6aa22w3vri3umpfmqlha/app.bsky.feed.post/3l5o2vbzm6c2q
#photocard,2024-10-02T23:50:29.854Z,yu-jeong.bsky.social,"Meu Yeosang🥰
. 
. 
. 
. 
#ateez #atiny #collector #Yeosang #photocard",1,0,at://did:plc:asxlo7325itusr7ifgisytty/app.bsky.feed.post/3l5kwh7fcde2x
#photocard,2024-10-02T22:40:49.761Z,ajbdoskz.bsky.social,"Cadê os vendedores de photocard???

Eu preciso do Felix Patinha ver. Boom 🥺

#Felix
#Photocard",1,0,at://did:plc:mney4rgpvyr563wrcwh2dxiz/app.bsky.feed.post/3l5ksknbjbr2l
#photocard,2024-10-02T20:53:02.564Z,xenniuss.bsky.social,"VENDO/VENDA 

itens SEUNGKWAN 
•valores nas imagens + FRETE (a calcular) 
•faço desconto se levar mais itens 
•feedbacks no ig (boosangie) 

#SEVENTEEN #seventeenvenda #seungkwan #photocard",2,1,at://did:plc:vymzscyzkrsmg2aoi3tjoxzz/app.bsky.feed.post/3l5kmjvnpkx2t
#photocard,2024-10-02T19:24:11.653Z,jellyberry.bsky.social,#twice #photocard #tzuyu #mina #momo #postcard #signed #ceg #2ice 💔,0,0,at://did:plc:uwhvo7avfre3g2ssjjwnh7rq/app.bsky.feed.post/3l5khkzoz4p2a
#photocard,2024-10-02T14:17:57.672Z,laliinmyarea.bsky.social,"Venda vendo rosé rosie 
#wtsrosé #vendarosé #photocard #kpopcollector #collector",2,0,at://did:plc:4ccv6ud6nib55lptz2uajav4/app.bsky.feed.post/3l5jwhipiih2e
#photocard,2024-10-02T05:23:14.097Z,httpssj.bsky.social,2 photocard skz| verso branco|fanmade| stray kids|promoção| #straykids #kpop #vendadephotocard #venda #photocard #promoção #fanmade,1,0,at://did:plc:o7fehh2kctxjhvvifbjsmob5/app.bsky.feed.post/3l5iylbg5ge2x
#photocard,2024-10-02T05:06:10.042Z,httpssj.bsky.social,"2 photocard verso branco|stray kids |skz| bangchan & felix int@(@i.d.o.l._p.r.i.n.t.s)
Site na bio! #straykids #skz #kpop #photocard",1,0,at://did:plc:o7fehh2kctxjhvvifbjsmob5/app.bsky.feed.post/3l5ixmqt2qh2r
#photocard,2024-10-01T22:29:52.903Z,thatamones.bsky.social,#venda #vendo #photocard #seventeen #woozi #jun,0,0,at://did:plc:2227h77756cktbphey6m6y5r/app.bsky.feed.post/3l5ibi53blw2u
#photocard,2024-10-01T21:58:58.617Z,llv3rse.bsky.social,"✨ WISHLSIT ✨ 
Me ajudem a completar?! Por favorzinho 🙏🏻
- Aceito venda/CEG/repasse de vaga
- Preferência pra venda em território nacional 
- Sem overprice! 
#jaemin #nctdream #photocard #wishlist #venda #ceg",1,0,at://did:plc:abgdm3cso3hfoq5hhed5oyvi/app.bsky.feed.post/3l5i7quyfo22w
#photocard,2024-10-01T16:50:39.071Z,bilybeez.bsky.social,"oioi pessoal, fiz essa conta nova para a comunidade collector e K-pop e para trocar experiência e fazer amgs com o msm interesse, se vc curte esse conteúdo me segue aqui!

#sdv #kpop #collector #collection #multifandom #photocard",6,1,at://did:plc:s4g34iemuhnccoaldes2yclp/app.bsky.feed.post/3l5hojklvml2q
#photocard,2024-09-30T19:59:25.664Z,bubblegumstore.bsky.social,"Welcome to Bubble!

#fanmade #kpop #kpopstore #photocard #bubble",0,0,at://did:plc:mvatxmojip7kjsaatry2d6qo/app.bsky.feed.post/3l5fim7fzeg2i
#photocard,2024-09-30T19:00:10.998Z,llv3rse.bsky.social,"✨ WISHLSIT ✨ 
Me ajudem a completar?! Por favorzinho 🙏🏻
- Aceito venda/CEG/repasse de vaga
- Preferência pra venda em território nacional 
- Sem overprice! 
#doyoung #nct127 #photocard #wishlist #venda #ceg",2,0,at://did:plc:abgdm3cso3hfoq5hhed5oyvi/app.bsky.feed.post/3l5ffcau5um26
#photocard,2024-09-30T06:36:15.856Z,in2yourblue.bsky.social,#ONEUS #LEEDO #KEONHEE #SEOHO #HWANWOONG #venda #troca #kpop #photocard,0,0,at://did:plc:yxzvweu7jut4q6qzbm7u5w7b/app.bsky.feed.post/3l5e3pzvl442m
#photocard,2024-09-29T02:58:12.143Z,llv3rse.bsky.social,"✨ WISHLSIT ✨ 
Me ajudem a completar?! Por favorzinho 🙏🏻
- Aceito venda/CEG/repasse de vaga
- Preferência pra venda em território nacional 
- Sem overprice! 
#taeyong #nct127 #photocard #wishlist #venda #ceg",1,0,at://did:plc:abgdm3cso3hfoq5hhed5oyvi/app.bsky.feed.post/3l5b736fnlw2c
#photocard,2024-09-28T18:19:07.948Z,mmoka-ldz.bsky.social,#newjeans #vendo #venda #photocard #collector #collection #ceg #minji #danielle #hanni #haerin #hyein #supernatural #cards #kpop #fyp,0,0,at://did:plc:orpnn3e7um6o4tr2nt34xy57/app.bsky.feed.post/3l5ac2zazk72s
#photocard,2024-09-27T21:31:13.712Z,arrobamaduu.bsky.social,"vendo venda bts kpop
binder a5, photocard, papel paraná, folha bolso, postcard, inclusão de álbum
valores na imagem sem frete
negocio todos

🏷️ wts bts rm kim seokjin jin suga min yoongi jung hoseok jhope park jimin taehyung v jeon jungkook #collector #collectorphotocard #photocard #bts #army",1,1,at://did:plc:ilzlupmln6hrqmfpmahlbtmb/app.bsky.feed.post/3l564dlrz6n2r
#photocard,2024-09-27T02:02:56.409Z,bianchini134340.bsky.social,"✨VENDA - REGULARES

I.N double sided 5-Star: 25$
Han 5-Star: 25$
Lee Know Rockstar - 25$
Unit Rockstar - 15$ cada

Valores+frete por super frete (entrego em mãos em sp)

Feedbacks no x e ig
@bianchini134340
#straykids #skz #rockstar #photocard #pc #regular #5star #leeknow #in #jeongin #han",4,4,at://did:plc:27pitxl6nujlhxtihhniencj/app.bsky.feed.post/3l5432jds242i
#photocard,2024-09-26T22:51:16.766Z,stilinskift.bsky.social,"Oficial!
Yeosang: 40,00
Seonghwa: 18,00
Bangchan: 30,00 (leve avarias na lateral) 

FRETE : 37,00

#yeosang #seonghwa #bangchan #photocard",1,0,at://did:plc:qpoon3hcnacipx3uwcf7ciih/app.bsky.feed.post/3l53qdsh6i62n
#photocard,2024-09-26T21:16:36.209Z,goddessgaabss.bsky.social,"✨APENAS TROCA ✨

Sou collector da Dahyun 

Troco pobs por pobs e photocard por Photocard 

Todos recém tirado dos álbuns sem avarias 

Mando vídeo 

Cada um paga seu frete 

#twice #collector #kpop #photocard #mina #momo #sana #tzuyu #dahyun #chaeyoung #jeongyeon #naeyon #jihyo #collectorphotocard",2,0,at://did:plc:6dppsqtk5tiqezk3egu2xuk3/app.bsky.feed.post/3l53l2jehh52z
#photocard,2024-09-25T20:49:14.531Z,apenasumachaelover.bsky.social,Alguém vende Photocard da Chaeyoung sereia ? 🥹 #photocard #twice #chaeyoung  #mina #momo #tzuyu #jeongyon #nayeon #dahyun #jihyo #jyp,1,0,at://did:plc:7jlucnwdzhbpackli7l6knmz/app.bsky.feed.post/3l4yz2oijnm23
#photocard,2024-09-25T15:32:09.242Z,suvaquinhodopcy.bsky.social,"#EXO #Photocard #VENDO #VENDA
#DROP
#Chanyeol #Baekhyun #Suho #Chen #Kai #Sehun #Minseok #Lay #Kyungsoo #Jongdae",0,0,at://did:plc:miao3kipyhwtdnpucdszssrr/app.bsky.feed.post/3l4yhdo27qo25
#photocard,2024-09-25T03:13:32.571Z,myoonieverse.army.social,"Aproveitar aqui pra participar do eventinho do Cooking On 
Parte normal de photocards completos nos 3 álbuns 😁🤧💛
#BTSCookingOnTinyTANRestaurant #BTSCookingOn 
#Photocard
#TinyTAN",1,0,at://did:plc:dybolptjbn6x3nhnusze7qa4/app.bsky.feed.post/3l4x62x35bc2j
#photocard,2024-09-24T09:40:43.662Z,yumidinha.bsky.social,#skzvendatroca #skztrocavenda #photocard #skzvet #skztev #skz #straykids,1,0,at://did:plc:vojym4qbd4pmpsiet4ufoolj/app.bsky.feed.post/3l4vdadwcs42i
#photocard,2024-09-24T09:40:32.809Z,yumidinha.bsky.social,#skzvendatroca #skztrocavenda #photocard #skzvet #skztev #skz #straykids,0,0,at://did:plc:vojym4qbd4pmpsiet4ufoolj/app.bsky.feed.post/3l4vd7zktcp27
#photocard,2024-09-24T09:40:23.715Z,yumidinha.bsky.social,#skzvendatroca #skztrocavenda #photocard #skzvet #skztev #skz #straykids,0,0,at://did:plc:vojym4qbd4pmpsiet4ufoolj/app.bsky.feed.post/3l4vd7rahqm2y
#photocard,2024-09-23T20:37:30.611Z,mmoka-ldz.bsky.social,"Atualizações dos meus outros anúncios!!

Illit regular weverse: R$5
Card lightstick:R$25
Regulares newjeans weverse:R$10
Card tws:R$35
Unit itzy:R$15
Restantes do twice: R$20

FRETE NÃO INCLUSO
 Fb no perfil!!!
#vendo #venda #photocard #collector #collection #aespa #twice #illit #tws #itzy #newjeans",5,1,at://did:plc:orpnn3e7um6o4tr2nt34xy57/app.bsky.feed.post/3l4txhtx34z22
#photocard,2024-09-23T02:32:18.561Z,zyoarms.bsky.social,"VENDA TWICE 

* Valores nas fotos + Frete 
* Marcados em vermelho só sai com 2 marcados em verde (R$8).
* Pagamento Imediato
* ⁠⁠Envio toda semana (sexta-feira)

Tinha feedback no twitter no user @/s4rocharmstrong e também tenho na shopee loja ella collector.

#collector #twice #photocard",7,1,at://did:plc:havi6ka4nfqyqdf6reumaukp/app.bsky.feed.post/3l4s2wmmcxb2p
#photocard,2024-09-23T00:57:00.236Z,siyeonwifey.bsky.social,"[CEG INTER] Alguém teria interesse nessas siyeon? 

35+ nacional só 
eu e uma amiga estamos querendo essas marcadas precisava fechar o set

#SIYEON #Dreamcatcher #photocard",3,1,at://did:plc:lo5473kdu7kropjaoilujea3/app.bsky.feed.post/3l4rviwn7xd26
#photocard,2024-09-23T00:00:41.994Z,yumidinha.bsky.social,"✨️ VENDA / VENDO STRAY KIDS SKZ DIVERSOS

💵 Valor na foto + Frete a partir de R$ 11
Prio pra qm levar + de 1 pc 

❗️Reservo se já tiver comprado cmg antes
📸 Fotos e vídeos na DM
📌 Feedbacks no IG @/_yumidinha ou X @/yumidinha

#skzvendatroca #skztrocavenda #photocard #skzvet #skztev #skz #straykids",18,4,at://did:plc:vojym4qbd4pmpsiet4ufoolj/app.bsky.feed.post/3l4rseaxkro2w
#photocard,2024-09-22T01:28:54.518Z,biscoitinhohyei.bsky.social,"𓂃  vendo/ troco sana twice + frete ( 11,50) ⭑.ᐟ 
°  só vendo o set todo 
⤷  troco por , hyein , rosé, jennie ou Giselle 
⤷ consigo fazer o envio  semana que vem  
⤷ mando vídeos e fotos de todo o processo!
⤷ @biscoitinhohyei
#photocard #sana #twice #colector",5,1,at://did:plc:q7y63wmth4tbb63xskakdvuu/app.bsky.feed.post/3l4pgt2lt5m2w
#photocard,2024-09-21T20:43:15.545Z,pridosyungi.atiny.social,"Amo fazer videozinhos da minha coleção 💙

#Ateez #Yunho #Yunhocollector
#Photocard",3,0,at://did:plc:yozdxeojimeegnzfpvhni7sh/app.bsky.feed.post/3l4owuc7se62z
#photocard,2024-09-20T16:17:21.794Z,0325design.bsky.social,#YEONJUN #GGUM #TXT #PHOTOCARD #FANMADE,1,0,at://did:plc:bdf6wbpz6basouw7fwpbgntq/app.bsky.feed.post/3l4lxjvn5u22s
#photocard,2024-09-20T03:51:44.836Z,biancaholandad.bsky.social,"Gente alguém com esse photocard em mãos para vender? E se for para troca, qual das meninas vocês querem? (Posso procurar para trocarmos)

#collector #collectorphotocard #photocard #twice #bts #army #once #jihyo #nayeon #chaeyoung #jeongyeon #momo #sana #mina #tzuyu #dahyun",5,2,at://did:plc:qtbnj3spsipvxsur5x3yh37q/app.bsky.feed.post/3l4knun6eoc2k
#photocard,2024-09-20T01:04:44.794Z,i0starries.bsky.social,"vendo/venda newjeans 🐰

— R$9 cada + frete fixo de R$15 (módico)
— pagamento via pix
— envio em até 10 dias úteis
— sem avarias
— sou new collector e ainda não tenho feedbacks, mas mando todo o processo certinho.

instagram: @hyunccat
#venda #newjeans #collector #minji #danielle #photocard 🩷",3,2,at://did:plc:vhwvmnpe66pv7tzfgsuegomz/app.bsky.feed.post/3l4kejzxphs2x
#photocard,2024-09-19T19:37:20.988Z,lovves2lizz.bsky.social,"Boa tarde, mores! 💚 #photocard",1,0,at://did:plc:x3cguvo5j4i5h3kmivu7txzb/app.bsky.feed.post/3l4jsalqlgf2z
#photocard,2024-09-19T12:20:26.892Z,pixelfanstore.bsky.social,"kit polaroids fanmade Jenna Ortega 

• kit com: 06 polaroids e 01 photo film
• Tamanho: 9,5x7,5cm 
• 5 modelos disponíveis

 ↳ compre em nossa loja na shopee: shopee.com.br/pixelstore.br 

#JennaOrtega  #beetlejuice #photocard #lojinhafanmade #fanmade",1,0,at://did:plc:s5hzqnldjd3brw6k3xeufyif/app.bsky.feed.post/3l4iztdwnku2y
#photocard,2024-09-17T15:32:50.677Z,0325design.bsky.social,"🛍️: br.shp.ee/8faLFoC 

Lembrando que nossos produtos são HandMade! Pequenas diferenças de tamanho e tons podem ocorrer. Por favor, tenham isso em mente antes de finalizar o seu pedido. 💜☺️

#ENHYPEN #Photocard #FANMADE",3,0,at://did:plc:bdf6wbpz6basouw7fwpbgntq/app.bsky.feed.post/3l4ednjwrzl2a
#photocard,2024-09-17T01:04:46.072Z,isaaaaaaasi.bsky.social,"Alguém troca photocard do Changbin maxident com algum Lee know? (Maxident ou não)
#changbin #straykids #photocard",0,0,at://did:plc:f45s3qzvwbht35y6adamkcq4/app.bsky.feed.post/3l4ct5cdorg2r
#photocard,2024-09-16T18:37:09.129Z,biancaholandad.bsky.social,"🌟VENDA POB NAYEON NA
✔️Valor do PC + Frete (R$12,00)
✔️Se tiver interesse, me envia seu número que eu mandarei vídeo assim que possível💗

#collector #collectorphotocard #photocard #twice #bts #army #once #jihyo #nayeon #chaeyoung #jeongyeon #momo #sana #mina #tzuyu #dahyun",5,1,at://did:plc:qtbnj3spsipvxsur5x3yh37q/app.bsky.feed.post/3l4c5i6rsq22w
#photocard,2024-09-16T00:12:14.280Z,arrobamaduu.bsky.social,"venda vendo bts army collector

photocard agust d target cicatriz scarface com pob R$250 o set

tenho feedback do twitter, insta e wp. mando foto e vídeo, frete não incluso
#collector #collectorphotocard #photocard #bts #army",0,3,at://did:plc:ilzlupmln6hrqmfpmahlbtmb/app.bsky.feed.post/3l4a7qgwubr23
#photocard,2024-09-15T20:57:03.540Z,yumidinha.bsky.social,"✨️ VENDA / VENDO STRAY KIDS SKZ DIVERSOS

1A +1B + 1C

💵 Valor na foto + Frete 

❗️Reservo se já tiver comprado cmg antes
📸 Fotos e vídeos na DM
📌 Feedbacks no IG @/_yumidinha

#skzvendatroca #skztrocavenda #photocard #collector #skzvet #skztev #skz #straykids",17,5,at://did:plc:vojym4qbd4pmpsiet4ufoolj/app.bsky.feed.post/3l47utgnmmg2n
#photocard,2024-09-15T18:06:09.917Z,mmoka-ldz.bsky.social,"*VENDO/VENDA*

-Valores na imagem🐕
-frete atualmente por carta registrada 
-envio assim que possível após a emissão da etiqueta (3 dias úteis)
-ig:Mmoka_ldz

#vendo #venda #photocard #collector #collection #card #illit #txt #iroha #yunah",5,2,at://did:plc:orpnn3e7um6o4tr2nt34xy57/app.bsky.feed.post/3l47lbtnolx22
#photocard,2024-09-15T03:05:57.349Z,biancaholandad.bsky.social,"VENDO/VENDA
✔️Valor na imagem + R$12,00 do frete
✔️Falem comigo pelo meu insta “biadotae_collector”

#collector #collectorphotocard #photocard #twice #bts #army #once #jihyo #nayeon #chaeyoung #jeongyeon #momo #sana #mina #tzuyu #dahyun",18,3,at://did:plc:qtbnj3spsipvxsur5x3yh37q/app.bsky.feed.post/3l45yy5m2qa2a
#photocard,2024-09-15T01:13:55.128Z,anecrafts.bsky.social,"Dia 14 compartilhando amigurumis que fiz 🤩

☆Holder de crochê personalizável ☆

#holder #Kpop #colector #bts #btsarmy #army #photocard #crochê",11,1,at://did:plc:6y3veo7nte3qy3jzakc5xvmf/app.bsky.feed.post/3l45sptdvcs2i
#photocard,2024-09-14T15:20:08.832Z,biancaholandad.bsky.social,"Os amores que eu coleciono💗

#collector #photocard #twice #once #army #once #jihyo #nayeon #chaeyoung
 #jeongyeon #momo #sana #mina #tzuyu
#dahyun #jin #jimin #jk #tae #v #namjoon #jhope #suga #BTS",2,0,at://did:plc:qtbnj3spsipvxsur5x3yh37q/app.bsky.feed.post/3l44rk36zsy2l
#photocard,2024-09-13T11:53:04.379Z,pixelfanstore.bsky.social,"Kit de Photocards - XG (someting ain’t right)

• Produto fanmade 
↳ Tamanho aprox: 8x6cm 
↳ papel brilhoso 230gr 

↳ disponível em nossa loja na shopee: shopee.com.br/pixelstore.br 

#XG #alphaz #xtraordinarygirls #xgalz #lojinhafanmade #lojinhakpop #photocardfanmade #photocard",1,1,at://did:plc:s5hzqnldjd3brw6k3xeufyif/app.bsky.feed.post/3l3zviun5hz2h
#photocard,2024-09-12T20:53:46.250Z,juhcetrangolo.bsky.social,"Meus cards estão chegando 😍

#kpop #photocard #ateez #monstax #seventeen",0,0,at://did:plc:7rsc7ay5x7kdzsu2vowbhwlj/app.bsky.feed.post/3l3ydas6hwq25
#photocard,2024-09-12T17:10:33.872Z,cakehwacollect.bsky.social,"𝗡𝗶𝗻𝗲𝘁𝘆-𝘁𝘄𝗼-𝗳𝗼𝘂𝗿, 𝗸𝗶𝗰𝗸 𝘁𝗵𝗮𝘁 𝗱𝗿𝘂𝗺
𝗠𝘆 𝗲𝗴𝗼 𝗶𝗻 𝘁𝗵𝗶𝘀 𝘀𝗵𝗼𝘄... 💙

#ateezcollector #atiny #kpopcollection #seonghwacollection #photocard",1,0,at://did:plc:k33dsm2xhqpoj3iq24kl3dlp/app.bsky.feed.post/3l3xwroas4c2c
#photocard,2024-09-11T16:03:18.484Z,0325design.bsky.social,"Você pode fazer o seu pedido por aqui, pelo Insta ou pelo link abaixo 👇 

🖇️: br.shp.ee/7XcXEPG

#Kpop #GIDLE #Photocard #FANMADE",4,0,at://did:plc:bdf6wbpz6basouw7fwpbgntq/app.bsky.feed.post/3l3vckibrk72m
#photocard,2024-09-11T13:19:17.843Z,pixelfanstore.bsky.social,"kit polaroids fanmade Jenna Ortega “Taste”

• kit com: 06 polaroids e 01 photo film
• Tamanho: 9,5x7,5cm 
• 5 modelos disponíveis

 ↳ compre em nossa loja na shopee: shopee.com.br/pixelstore.br 

#JennaOrtega  # tastemusicvideo  #SabrinaCarpenter #photocard #lojinhafanmade #fanmade",1,1,at://did:plc:s5hzqnldjd3brw6k3xeufyif/app.bsky.feed.post/3l3uzf7imam2b
#photocard,2024-09-10T03:51:00.214Z,biancaholandad.bsky.social,"Ainda não estou adaptada aqui. A dm é ruim porque não consigo nem mandar foto. Por isso, se tiverem interesse em photocards, tenho alguns postados no meu insta “biadotae_collector”

#collector #photocard #twice #bts #army #once #jihy #nayeon #chaeyoung #jeongyeon #momo #sana #mina #tzuyu #dahyun",5,0,at://did:plc:qtbnj3spsipvxsur5x3yh37q/app.bsky.feed.post/3l3rj63y2go23
#photocard,2024-09-09T22:35:33.348Z,mmoka-ldz.bsky.social,"Atualização!!!!
Os marcados em X estão indisponíveis
Levem gente plisss

#photocard #vendo #venda #collector #collection #kpop #twice #aespa #TWICE #NewJeans #TWS #itzy",2,1,at://did:plc:orpnn3e7um6o4tr2nt34xy57/app.bsky.feed.post/3l3qxjzvdb62c
#photocard,2024-09-09T20:10:19.206Z,leeknowoficial.bsky.social,"TROCO/TROCA‼️
 • estou trocando por Lee Know
 • cada um paga seu frete
 
☆ motivo : eu comprei esse pc separado e acabou vindo no meu album repetido

• numero para mais detalhes +5567981229536

#skzvendatroca #collector #photocard #straykids #hanjisung #leeknow #skztrocavenda",5,5,at://did:plc:jlm46cjhadkdamszms2bblne/app.bsky.feed.post/3l3qpgdibs42v
#photocard,2024-09-09T14:35:39.343Z,pixelfanstore.bsky.social,"• Kit fanmade – The secret of us

o kit acompanha: 
↳ 06 polaroids
↳ 03 photocards 
↳ 02 postcards
↳ 02 photofilms 

↳ já disponível em nossa lojinha: shopee.com.br/pixelstore.br  

#lingorm #lingling #orm #thecsecretofus #fanmade #photocard #lojinhafanmade",1,0,at://did:plc:s5hzqnldjd3brw6k3xeufyif/app.bsky.feed.post/3l3q4pw3hu72y
#photocard,2024-09-09T10:38:28.062Z,pixelfanstore.bsky.social,"Kit de Photocards - XG (xtraordinary girls)

• Produto fanmade 
↳ Tamanho aprox: 8x6cm 
↳ papel brilhoso 230gr 

↳ disponível em nossa loja na shopee: shopee.com.br/pixelstore.br 

#XG #alphaz #xtraordinarygirls #lojinhafanmade #lojinhakpop #photocardfanmade #photocard",5,3,at://did:plc:s5hzqnldjd3brw6k3xeufyif/app.bsky.feed.post/3l3pphrqogm2e
#photocard,2024-09-09T00:42:19.048Z,mmoka-ldz.bsky.social,"Genteee, acabei de ver q na vdd os 2 são 25 cada
Errei no preço 😭(levem)

#aespa #photocard #collector
#card #twice #TWICE #lightstick #collection #vendo #venda",2,1,at://did:plc:orpnn3e7um6o4tr2nt34xy57/app.bsky.feed.post/3l3oo5s3w6u2v
#photocard,2024-09-08T21:10:38.772Z,mmoka-ldz.bsky.social,"*VENDO/VENDA*
Sungho-28+frete(valor já descontado pela avaria de pressmark)
Mina 10+frete
Meu feedback tá no meu perfil

#venda #vendo #photocard
#boynextdoor #twice #TWICE
#kpop #mina #sungho #Who #between1&2",2,2,at://did:plc:orpnn3e7um6o4tr2nt34xy57/app.bsky.feed.post/3l3ocdc654o2x
#photocard,2024-09-08T20:10:50.044Z,darlingcollecto.bsky.social,"💌 Vendo/Venda Photocard/PC

🏷️ WOOYOUNG | Minirecord 3.0 (Ateez era Will) | $55

• valor + super frete
• sem avaria | foto e vídeo no pv
• reservo com certeza de compra

🖤 Feedbacks: bsky.app/profile/darl...

#venda #photocard #ateez #jungwooyoung #kpopvendaetroca #boygroup #bg #collector #kpopper",0,3,at://did:plc:ddrzueu37x233t2yvkubr6f7/app.bsky.feed.post/3l3o7aghfkw2n
#photocard,2024-09-08T17:12:29.032Z,coffwyeon.bsky.social,"• 𝙡𝙞𝙜𝙝𝙩𝙨𝙩𝙞𝙘𝙠 𝘽𝙡𝙖𝙘𝙠𝙥𝙞𝙣𝙠 • 💓

#blackpink #rose #lisa #jennie #jisoo #photocard #kpop #kpopcollector #kpopcollection",5,0,at://did:plc:63yufukwcvsvhdvdp3erkgsu/app.bsky.feed.post/3l3nuzg4og52c
#photocard,2024-09-08T12:30:15.987Z,mmoka-ldz.bsky.social,"Moas levem meu álbum de minisode:3 pfvrr,vem até com 2 pobs😭😭

#txt #TOMORROWXTOGETHER
#Moa #album #venda #vendo
#photocard #minisone3",0,0,at://did:plc:orpnn3e7um6o4tr2nt34xy57/app.bsky.feed.post/3l3nfarsmlx2n
#photocard,2024-09-08T02:49:22.780Z,cxlala.bsky.social,"tava sem nada pra fazer e lembrei que tenho uma lojinha de photocards fanmade (fiz photocards lindíssimos)

#photocard #kpop #straykids #hyunjin #han #jeongin #twice #naeyon #enhypen #jake",0,0,at://did:plc:yvaxg3ulharm3hpaesbbc65x/app.bsky.feed.post/3l3mes2llsd2g
#photocard,2024-09-08T01:04:38.278Z,colectmimi.bsky.social,#vendo #venda #taehyung #v #wts #photocard,0,0,at://did:plc:2nvz4cc7g6l7yjb7ud5jjp5y/app.bsky.feed.post/3l3m6ws32qq2p
#photocard,2024-09-07T15:57:04.344Z,mmoka-ldz.bsky.social,#venda #vendo #drop #photocard #illit #newjeans #txt #tws #twice #aespa #boynextdoor #coleção #album,1,0,at://did:plc:orpnn3e7um6o4tr2nt34xy57/app.bsky.feed.post/3l3ladnt4vy2x
#photocard,2024-09-07T03:25:03.148Z,biancaholandad.bsky.social,"Postei tudo no meu Instagram @biadotae_collector 💗

(Ainda não bati foto das pobs)

#collector #collectorphotocard #photocard #twice #bts #army #once #jihyo #nayeon #chaeyoung #jeongyeon #momo #sana #mina #tzuyu #dahyun",5,0,at://did:plc:qtbnj3spsipvxsur5x3yh37q/app.bsky.feed.post/3l3jwcwnenx2x
#photocard,2024-09-06T16:01:20.325Z,loveringrb.bsky.social,"VENDO/VENDA TROCO/TROCA CHANGBIN DOUBLE SIDE ATE 

° Frete pelo superfrete ou se for de sp, entrego nos metrôs.
° Troco por SEUNGMIN ou JEONGIN. Não necessariamente precisa ser equivalente. 
° Preferência a troca. 

#Skz #Photocard #Venda #Troca #Kpop",1,1,at://did:plc:yylt6jyrzxug5nxttxnb3nma/app.bsky.feed.post/3l3iq4ecjq62h
#photocard,2024-09-06T02:27:34.425Z,dante.woke.cat,possuo cards bang chan.. #skzvendatroca #skztrocavenda #photocard #collector #skzvet #skztev #skz #straykids,0,0,at://did:plc:d26o3bzuqtsien6ubdi3jsjj/app.bsky.feed.post/3l3hcna7fbl2k
#photocard,2024-09-06T02:25:00.491Z,dante.woke.cat,ai cara eu preciso caçar alguem que entenda de photocard do skz pra me ajudar a precificar meus cards .. como q vou achar aqui..... VENDA / VENDO bang chan #skz #help #vendo #photocard alooo alguem me escuta,0,1,at://did:plc:d26o3bzuqtsien6ubdi3jsjj/app.bsky.feed.post/3l3hcinzwof2d
#photocard,2024-09-06T01:11:47.173Z,pixelfanstore.bsky.social,"polaroid que acompanha um dos nossos kits fanmades da Jenna 💜

↳ disponível em nossa loja na shopee: shopee.com.br/pixelstore.br 

#Jennaortega #Beetlejuice #photocard #fanmade #lojinhafanmade #jenna",1,1,at://did:plc:s5hzqnldjd3brw6k3xeufyif/app.bsky.feed.post/3l3h6fpn6bl2y
#photocard,2024-09-05T20:21:36.878Z,yunabi0907.bsky.social,"🚨VENDO PHOTOCARDS BTS HYYP 🚨

Preço + fret

Disponíveis : RM , JIN e J-HOPE

Palavra Chaves - compra , venda , troca , bts , photocard , army 

#fy #fyp #bts #army #photocard #venda #troca #compra #jin #RM #hoseok",8,6,at://did:plc:o6dridkyeyak2zznplcjdg3i/app.bsky.feed.post/3l3go6tvlaz2e
#photocard,2024-09-05T16:49:48.563Z,handle.invalid,"o tanto de sana ursinha 🤯💕

#twice #photocard",8,0,at://did:plc:goow66akjg2jsgutrlhzoz5n/app.bsky.feed.post/3l3gce56hfa2d
#photocard,2024-09-05T16:33:41.580Z,sanniewild.bsky.social,"VENDO/VENDA

• Valores na imagem + frete
• Faço reserva (sujeito a feedback negativo em caso de timewaster)
• mais informações e fts no privado

#venda #collector #ateez #photocard",4,3,at://did:plc:45oajo4tuiuka5llmjo2mrsf/app.bsky.feed.post/3l3gbhbkjvb2k
#photocard,2024-09-05T16:24:16.965Z,handle.invalid,"☆VENDA/VENDO TWICE 🍭

• Preços nas imagens + Frete (Carta Registrada)
• Pagamento imediato (Reservo com 100% de certeza d compra)

• Tenho feedbacks (+70) no insta @sanatomat 

sanatomat.carrd.co ☆

tags: #twice #photocard #venda #vendo #momo #nayeon",20,7,at://did:plc:goow66akjg2jsgutrlhzoz5n/app.bsky.feed.post/3l3gawijtnc2j
#photocard,2024-09-05T15:17:23.158Z,handle.invalid,"Caixa Recebida 📦✅

#twice #mercari #photocard #ceg #venda #vendo",14,1,at://did:plc:goow66akjg2jsgutrlhzoz5n/app.bsky.feed.post/3l3g56unym726
#photocard,2024-09-05T14:19:48.617Z,fuyutwo.bsky.social,#photocard #Yoohyeon #Dreamcatcher,0,0,at://did:plc:6yludb3o7ji2l3rybdzk7uey/app.bsky.feed.post/3l3fzxvhp3s2e
#photocard,2024-09-05T14:05:46.127Z,fuyutwo.bsky.social,"#tbt Em Castanhal-PA
Essa igreja fica próximo ao prédio da Prefeitura 
#photocard #gahyun #Dreamcatcher",3,0,at://did:plc:6yludb3o7ji2l3rybdzk7uey/app.bsky.feed.post/3l3fz6rv54y2k
#photocard,2024-09-05T01:43:00.363Z,jfphotocardskz.bsky.social,"PHOTOCARDS DISPONÍVEIS A PRONTA ENTREGA 🥰🤭
•5,00un ou 35,00 8un
•Frete fixo 20,00
•Envio até 3 dias úteis 
•Todos frente e verso
•a cada set fechado leva um brinde
#photocard #straykids #felix #han #changbin #hyunjin #leeknow #bangchan #jeongin #skz #seungmin #collection #foryou #comeback #kpop",0,0,at://did:plc:iwpvh5ydzthiydxne7poqvh2/app.bsky.feed.post/3l3epoobgzi2t
#photocard,2024-09-05T01:10:03.712Z,sunoogab.bsky.social,"alguém sabe me dizer qual a média do preço dele aqui no brasil?  vendem por 30 igual o regular?

#sunoo #photocard",0,0,at://did:plc:wvmwsx56gh6efk6pe5uoowg6/app.bsky.feed.post/3l3entpxp3b2n
#photocard,2024-09-04T23:50:17.654Z,haohao.is-extremely.gay,"vendo / troco ꒰ᐢ. .ᐢ꒱₊˚⊹

— preços na imagem
— frete carta registrada ou superfrete
— sem avarias
— dúvidas + vídeos no pv
— reservo com ctz de compra 
— fbs positivos no ig @haomachu

#zerobaseone #zb1 #photocard

┃୧ ‧₊˚ 🎀 ⋅ ☆┃",10,0,at://did:plc:glpgms7lttungy73ifd5lyci/app.bsky.feed.post/3l3ejf34t5r2l
#photocard,2024-09-04T13:31:51.209Z,pixelfanstore.bsky.social,"Kit de Photocards - Aespa armageddon

• Produto fanmade 
↳ Tamanho aprox: 8x6cm 
↳ papel brilhoso 230gr 

↳ disponível em nossa loja na shopee: shopee.com.br/pixelstore.br 

#aespa #armageddon #photocard #fanmade #lojinhafanmade",0,0,at://did:plc:s5hzqnldjd3brw6k3xeufyif/app.bsky.feed.post/3l3dgt7vket2o
#photocard,2024-09-04T12:46:28.095Z,myllesunandmoon.bsky.social,"💜 12/12 #LOONA #SCAN #PHOTOCARD #YVES
V.A    //   V.B
V.C   //    V.D",0,0,at://did:plc:j7455zu5d2eal6a3r27itdxe/app.bsky.feed.post/3l3debzjlzf2a
#photocard,2024-09-04T12:44:00.969Z,myllesunandmoon.bsky.social,"💜 11/12 #LOONA #SCAN #PHOTOCARD #CHOERRY
V.A    //   V.B
V.C   //    V.D",0,0,at://did:plc:j7455zu5d2eal6a3r27itdxe/app.bsky.feed.post/3l3de5nblkc26
#photocard,2024-09-04T12:39:53.719Z,myllesunandmoon.bsky.social,"💜 10/12 #LOONA #SCAN #PHOTOCARD #OLIVIAHYE
V.A    //   V.B
V.C   //    V.D",0,0,at://did:plc:j7455zu5d2eal6a3r27itdxe/app.bsky.feed.post/3l3ddwbha2e2p
#photocard,2024-09-04T12:35:36.564Z,myllesunandmoon.bsky.social,"💜 9/12 #LOONA #SCAN #PHOTOCARD #GOWON
V.A    //   V.B
V.C   //    V.D",0,0,at://did:plc:j7455zu5d2eal6a3r27itdxe/app.bsky.feed.post/3l3ddom7deh2y
#photocard,2024-09-04T12:27:42.426Z,myllesunandmoon.bsky.social,"💜 8/12 #LOONA #SCAN #PHOTOCARD #JINSOUL
V.A    //   V.B
V.C   //    V.D",0,0,at://did:plc:j7455zu5d2eal6a3r27itdxe/app.bsky.feed.post/3l3ddaijums2w
#photocard,2024-09-04T12:23:44.389Z,myllesunandmoon.bsky.social,"💜 7/12 #LOONA #SCAN #PHOTOCARD #KIMLIP
V.A    //   V.B
V.C   //    V.D",0,0,at://did:plc:j7455zu5d2eal6a3r27itdxe/app.bsky.feed.post/3l3dczfkb452g
#photocard,2024-09-04T12:18:26.169Z,myllesunandmoon.bsky.social,"💜 6/12 #LOONA #SCAN #PHOTOCARD #VIVI
V.A    //   V.B
V.C   //    V.D",0,0,at://did:plc:j7455zu5d2eal6a3r27itdxe/app.bsky.feed.post/3l3dcpvyj5u2k
#photocard,2024-09-04T10:10:24.240Z,colectmimi.bsky.social,#vendo #venda #ive #straykids #twice #photocard #wonyoung,0,0,at://did:plc:2nvz4cc7g6l7yjb7ud5jjp5y/app.bsky.feed.post/3l3d3kyq2km2o
#photocard,2024-09-04T05:28:15.540Z,myllesunandmoon.bsky.social,💜 5/12 #LOONA #SCAN #PHOTOCARD #YEOJIN,1,1,at://did:plc:j7455zu5d2eal6a3r27itdxe/app.bsky.feed.post/3l3clshodtx2k
#photocard,2024-09-04T05:23:03.973Z,myllesunandmoon.bsky.social,"💜 4/12 #LOONA #SCAN #PHOTOCARD #HASEUL
V.A    //   V.B
V.C   //    V.D",0,0,at://did:plc:j7455zu5d2eal6a3r27itdxe/app.bsky.feed.post/3l3clj6kpdd2y
#photocard,2024-09-04T05:16:21.894Z,myllesunandmoon.bsky.social,"💜 3/12 #LOONA #SCAN #PHOTOCARD #HYUNJIN
V.A    //   V.B
V.C   //    V.D",1,0,at://did:plc:j7455zu5d2eal6a3r27itdxe/app.bsky.feed.post/3l3cl56zk5s2q
#photocard,2024-09-04T05:10:42.826Z,myllesunandmoon.bsky.social,"💜 2/12 #LOONA #SCAN #PHOTOCARD #HEEJIN
V.A    //   V.B
V.C   //    V.D",2,1,at://did:plc:j7455zu5d2eal6a3r27itdxe/app.bsky.feed.post/3l3ckt3o32y2y
#photocard,2024-09-03T22:33:42.572Z,myllesunandmoon.bsky.social,🍭 #TWICE #SCAN #PHOTOCARD #TZUYU #CHAEYOUNG,0,0,at://did:plc:j7455zu5d2eal6a3r27itdxe/app.bsky.feed.post/3l3bun75mro2d
#photocard,2024-09-03T22:32:56.187Z,myllesunandmoon.bsky.social,🍭 #TWICE #SCAN #PHOTOCARD #MINA #MOMO #SANA,0,0,at://did:plc:j7455zu5d2eal6a3r27itdxe/app.bsky.feed.post/3l3bulsw7t42k
#photocard,2024-09-03T22:31:28.308Z,myllesunandmoon.bsky.social,🍭 #NAYEON  #JEONGYEON #JIHYO #TWICE #SCAN #PHOTOCARD,1,0,at://did:plc:j7455zu5d2eal6a3r27itdxe/app.bsky.feed.post/3l3buj765zz2y
#photocard,2024-09-03T22:20:23.505Z,myllesunandmoon.bsky.social,"🖤5/5
💗 #BLACKPINK #CINEMA #PHOTOCARD #SCAN #LISA",1,0,at://did:plc:j7455zu5d2eal6a3r27itdxe/app.bsky.feed.post/3l3btvf4z4z2g
#photocard,2024-09-03T22:19:13.034Z,myllesunandmoon.bsky.social,"🖤4/5
💗 #BLACKPINK #CINEMA #ROSÉ #BORNPINK #PHOTOCARD #SCAN",0,0,at://did:plc:j7455zu5d2eal6a3r27itdxe/app.bsky.feed.post/3l3bttbvlfn2p
#photocard,2024-09-03T22:16:55.554Z,myllesunandmoon.bsky.social,"🖤3/5
💗 #BLACKPINK #JENNIE #CINEMA #BORNPINK #PHOTOCARD #SCAN",0,0,at://did:plc:j7455zu5d2eal6a3r27itdxe/app.bsky.feed.post/3l3btp6syxf24
#photocard,2024-09-03T22:15:46.453Z,myllesunandmoon.bsky.social,"🖤2/5
💗 #JISOO #BORNPINK #CINEMA #BLACKPINK #SCAN #PHOTOCARD",1,0,at://did:plc:j7455zu5d2eal6a3r27itdxe/app.bsky.feed.post/3l3btn4vpu62k
#photocard,2024-09-03T18:26:45.957Z,gage-store.bsky.social,"PRODUTO FANMADE
Photocards

•Apenas frente: 1,00
•Frente e verso: 1,50

Escolha a foto que quiser, que nós produzimos o photocard.
ESCOLHA AS FOTOS VIA DM.

Anúncio na Shopee: br.shp.ee/JZBGdLy

#photocard #photocardfanmade #fanmade #kpopfanmade",5,4,at://did:plc:7tzvni4dusbr5pamvkxe3hor/app.bsky.feed.post/3l3bgtn2iry2y
#photocard,2024-09-03T16:05:11.204Z,jmsampaio.bsky.social,"""𝘏𝘰𝘸 𝘢𝘣𝘰𝘶𝘵 𝘢 𝘨𝘢𝘮𝘦? 𝘕𝘰𝘵𝘩𝘪𝘯𝘨 𝘧𝘢𝘯𝘤𝘺, 𝘫𝘶𝘴𝘵 𝘢 𝘨𝘢𝘮𝘦 𝘰𝘧 𝘩𝘦𝘢𝘥𝘴 𝘰𝘳 𝘵𝘢𝘪𝘭𝘴 𝘵𝘰 𝘨𝘢𝘶𝘨𝘦 𝘵𝘰𝘥𝘢𝘺'𝘴 𝘭𝘶𝘤𝘬."" 

Aventurine~

#honkaistarrail #hsr #aventurine #photocard",127,40,at://did:plc:4mzuo2d3q3akwousoc4sihyt/app.bsky.feed.post/3l3b6whq5e42v
#photocard,2024-09-03T14:16:02.712Z,gabyunne.bsky.social,"Venda vendo Twice

Valores na imagem+ nacinal

Em mãos. 
Mando video no pv!

Pagamento via pix.
Não reservo.

Feedbacks&GOM @gabyunne Instagram

Tags photocard Mina Momo Jeongyeon Tzuyu ursinho Chaeyoung forever Twice2 fancy #twice #photocard",4,4,at://did:plc:jxk5xc6vh4bpok62d4vb6b4e/app.bsky.feed.post/3l3aytblci52m
#photocard,2024-09-03T13:49:41.155Z,pixelfanstore.bsky.social,"Kit de Photocards - Jungkook touquinha

• Produto fanmade 
↳ Tamanho aprox: 8x6cm 
↳ papel brilhoso 230gr 

↳ disponível em nossa loja na shopee: shopee.com.br/pixelstore.br 

#jungkook #bts #lojinhafanmade #lojinhakpop #photocardfanmade #photocard",0,0,at://did:plc:s5hzqnldjd3brw6k3xeufyif/app.bsky.feed.post/3l3axe6wryo2m
#photocard,2024-09-03T12:16:15.339Z,handle.invalid,"Gente.. alguém tá vendendo esse photocard? Tô querendo muito aaaaaah
#joshua #seventeen #svt #photocard",4,0,at://did:plc:6plr7rfhwncrupcft26kmvnf/app.bsky.feed.post/3l3as55npkd26
#photocard,2024-09-03T01:29:18.910Z,pixelfanstore.bsky.social,#lojinhafanmade #kpop #fanmade #photocard #lojinhakpop #polaroid #cardfanmade #fanmadekpop,0,0,at://did:plc:s5hzqnldjd3brw6k3xeufyif/app.bsky.feed.post/3l37nyck3h72u
#photocard,2024-09-02T23:43:09.319Z,haexzs.bsky.social,"Só queria comprar os meus photocard's, cadê a comunidade Collector dessa rede? #Collector #photocard",0,0,at://did:plc:nqvxtgtelmqg2src3v2hsdj6/app.bsky.feed.post/3l37i2jav3x2v
#photocard,2024-09-02T21:17:01.773Z,handle.invalid,"Não tenho nem dinheiro, mas tô comprando Photocard da momo 
#momo #twice #photocard #serasa",3,0,at://did:plc:lbu5ugcsewbm4f5yg24dueoy/app.bsky.feed.post/3l377v6gegp2r
#photocard,2024-09-02T21:12:38.582Z,zyotozaki.bsky.social,"atenção, estou olhando para duas lendas lindas
#nayeon #photocard",6,0,at://did:plc:7qxcvvg7uhanbfbsofvb3cn7/app.bsky.feed.post/3l377nddp5x2s
#photocard,2024-09-02T17:45:13.845Z,gage-store.bsky.social,#toploader #toploaderdecorado #photocard #fanmade,1,1,at://did:plc:7tzvni4dusbr5pamvkxe3hor/app.bsky.feed.post/3l36u2iupm32d
#photocard,2024-09-02T17:45:13.845Z,gage-store.bsky.social,#toploader #toploaderdecorado #photocard #fanmade,0,0,at://did:plc:7tzvni4dusbr5pamvkxe3hor/app.bsky.feed.post/3l36u2hezy72s
#photocard,2024-09-02T15:41:39.177Z,fuyutwo.bsky.social,"Dreamcatcher no meio do mundo. 
#marcozero #dreamcather #photocard",1,0,at://did:plc:6yludb3o7ji2l3rybdzk7uey/app.bsky.feed.post/3l36n5i2rwa2t
#photocard,2024-09-02T12:33:43.196Z,laliinmyarea.bsky.social,"Rt, por favor? 

#kpopcollector #kpopphotocard #photocard #ceg #babymonster #cegslaliinmyarea #laliinmyareababymonster",2,2,at://did:plc:4ccv6ud6nib55lptz2uajav4/app.bsky.feed.post/3l36cnhhpmu2h
#photocard,2024-09-01T20:25:02.261Z,biancaholandad.bsky.social,"Quero seguir vocês! Me sigam💗

#collector #collectorphotocard
#photocard #twice #bts #army #once #jihyo #nayeon #chaeyoung #jeongyeon #momo #sana #mina #tzuyu #dahyun #bts #jimin #v #jk #taehyung #jungkook #namjoon #jin #yoongi #suga #jhope",7,1,at://did:plc:qtbnj3spsipvxsur5x3yh37q/app.bsky.feed.post/3l34mjc43ab23
#photocard,2024-09-01T20:22:21.262Z,biancaholandad.bsky.social,"Pessoal das #, eu sigo de volta. Quero tentar ter um pedaço do Twitter aqui💗

#collector #collectorphotocard #photocard #twice #bts #army #once #jihyo #nayeon #chaeyoung #jeongyeon #momo #sana #mina #tzuyu #dahyun #bts #jimin #v #jk #taehyung #jungkook #namjoon #jin #yoongi #suga #jhope",3,0,at://did:plc:qtbnj3spsipvxsur5x3yh37q/app.bsky.feed.post/3l34meiktcp2h
#photocard,2024-09-01T18:15:44.140Z,sunooverly.bsky.social,"🏷 enhypen ceg orange blood sunoo jake jay heeseung sunghoon jungwon ni-ki photocard weverse collector

 #enhypen #collector #photocard",0,0,at://did:plc:omi75pe3kx6dx7zmimzfikkp/app.bsky.feed.post/3l34fcd5fi42b
#photocard,2024-09-01T18:06:13.017Z,biancaholandad.bsky.social,"Não consegui bater foto de todos os photocards que tenho do Twice…
✔️Vou postar o valor do Pc (sem o frete)
✔️Valor do pc (sem o frete)
✔️Frete: R$12,00
#collector #collectorphotocard #photocard #twice #bts #army #once #jihyo #nayeon #chaeyoung #jeongyeon #momo #sana #mina #tzuyu #dahyun",26,1,at://did:plc:qtbnj3spsipvxsur5x3yh37q/app.bsky.feed.post/3l34er2nmao2p
#photocard,2024-09-01T03:46:16.587Z,euamoochan.bsky.social,"É impressão minha ou esse photocard ta editado? Ele parece um golfinho veyr credo
#straykids #bangchan #photocard",0,0,at://did:plc:qoh73dewzvrq6jhk3icei4go/app.bsky.feed.post/3l32upe6yza2w
#photocard,2024-09-01T02:36:46.463Z,laliinmyarea.bsky.social,"Le Sserafim - Template / Wishlist dos regulares de Crazy por membro 

Todos os créditos para o @/pocakkura no twitter 

#kpopcollector #collector #crazy #lesserafim #crazy #photocard #wishlist #template #lesserafimwishlist #lesserafimtemplate #sakura #chaewon #yunjin #kazuha #eunchae",3,0,at://did:plc:4ccv6ud6nib55lptz2uajav4/app.bsky.feed.post/3l32qt4loyf2l
#photocard,2024-09-01T02:35:38.794Z,laliinmyarea.bsky.social,"Le Sserafim - Template / Wishlist dos regulares de Crazy por membro 

Todos os créditos para o @/pocakkura no twitter 

#kpopcollector #collector #crazy #lesserafim #crazy #photocard #wishlist #template #lesserafimwishlist #lesserafimtemplate #sakura #chaewon #yunjin #kazuha #eunchae",15,1,at://did:plc:4ccv6ud6nib55lptz2uajav4/app.bsky.feed.post/3l32qr42wxg2e
#photocard,2024-09-01T01:54:55.595Z,eusouamariana.bsky.social,#photocard #btscollector #Jungkook #JeonJungkook #BTS,0,0,at://did:plc:dofsy3mp4s4qbxiaqk3ntd74/app.bsky.feed.post/3l32oib5u6e2z
#photocard,2024-08-31T21:34:41.219Z,xenniuss.bsky.social,"VENDO VENDA 

•sohee pob: 30,00 + frete
•jisung: 20,00 + frete 
•hui: 30,00 + frete 

feedbacks no meu ig (boosangie) 

#kpopvenda #straykids #riize #pentagon #vendaphotocard #jisung #sohee #huipentagon #photocard",7,0,at://did:plc:vymzscyzkrsmg2aoi3tjoxzz/app.bsky.feed.post/3l327wvuapa23
#photocard,2024-08-31T19:19:28.225Z,xenniuss.bsky.social,"VENDO/ VENDA 

•an ode begin ver
inclui tudo da foto 
100,00 + frete 

🗝️feedbacks no meu ig (@boosangie)

#venda #seventeen #seungkwan #photocard #seventeenvenda",1,5,at://did:plc:vymzscyzkrsmg2aoi3tjoxzz/app.bsky.feed.post/3l2zyf4nreh2l
#photocard,2024-08-31T18:02:01.794Z,xenniuss.bsky.social,"VENDO/ VENDA 

•SEMICOLON SEUNGKWAN: 80,00 + frete 
•contém tudo da foto

🗝️feedbacks no meu ig (@boosangie)

#venda #seventeen #seungkwan #photocard #kpopvendaetroca",18,5,at://did:plc:vymzscyzkrsmg2aoi3tjoxzz/app.bsky.feed.post/3l2zu2nicom2x
#photocard,2024-08-31T13:15:26.425Z,laliinmyarea.bsky.social,"Le Sserafim - Template / Wishlist dos regulares de Crazy

Todos os créditos para o @/yangwonsky no twitter 

#kpopcollector #collector #crazy #lesserafim #crazy #photocard #wishlist #template #lesserafimwhislist",11,2,at://did:plc:4ccv6ud6nib55lptz2uajav4/app.bsky.feed.post/3l2ze27owz62g
#photocard,2024-08-30T20:25:19.460Z,tulipschaeryy.bsky.social,"Cadê os collectors??
#photocard #collectorbr #coleção",6,0,at://did:plc:ugg665cfs4txgm6wrzq5277m/app.bsky.feed.post/3l2xllxgrtu2n
#photocard,2024-08-29T21:42:01.944Z,eusouamariana.bsky.social,"Olhem só esse meu photocard do Jin
Não é lindo? 💜🥹

Onde estão Armys collectors?

#jin #bts #collector #photocard #army",3,0,at://did:plc:dofsy3mp4s4qbxiaqk3ntd74/app.bsky.feed.post/3l2v7g6zmlw2l
#photocard,2024-08-08T23:15:18.681Z,whosdriving.bsky.social,And a #StrayKids #photocard of #IN (with some freebies,0,0,at://did:plc:bgluwjq72oxg3sivz3vplshg/app.bsky.feed.post/3kzaktnwab22h
#photocard,2024-08-08T01:31:04.002Z,whosdriving.bsky.social,"A fanmade #photocard of #Yeosang to commemorate the #ATEEZ Towards the Light: Will to Power tour stop in Duluth, GA",1,0,at://did:plc:bgluwjq72oxg3sivz3vplshg/app.bsky.feed.post/3kz6bxiglmv2h
#photocard,2024-08-08T01:30:33.069Z,jsnoona.bsky.social,"WTS / Want To Sell 

POB nctdream dyandra f2f dreamscape fansign
please kindly dm ya! 

jisung chenle renjun 55k/ea DP 40k
jaemin jeno 70k/ea DP 40k
mark 65k/ea DP 40k

✅ ada GO via line
✅ bisa DP
✅ pelunasan via 🍊
✅ dom bekasi

#wts #photocard #nctdream #nctzen #moots #sijeuni",2,0,at://did:plc:7oigqii4sina4aqapm7mksqs/app.bsky.feed.post/3kz6bwlgdi22e
#photocard,2024-08-08T01:27:53.112Z,whosdriving.bsky.social,"Because he is both Jesus and the Queen, #Seonghwa gets his own #photocard post. #ATEEZ",1,0,at://did:plc:bgluwjq72oxg3sivz3vplshg/app.bsky.feed.post/3kz6brsezrt2p
#photocard,2024-08-01T04:12:24.280Z,wilis23.bsky.social,"WTS Clearance Sale AAB Treasure (Photocard & Album)
📍Dom Jakarta Barat
💵Exc pack & adm 🍊
✔️KEEP WITH DP✔️
❌NO COD❌
#wts #treasure #photocard #album",0,0,at://did:plc:2rmiu3lwgwf7bu2mp7ba3lns/app.bsky.feed.post/3kymxpixngk2c
#photocard,2024-07-24T22:43:30.102Z,whosdriving.bsky.social,Another new (to me) #kpop #photocard for my growing collection!  #OnlyOneOf #Yoojung,0,0,at://did:plc:bgluwjq72oxg3sivz3vplshg/app.bsky.feed.post/3ky2s2xtivj25
#photocard,2024-07-24T22:43:10.772Z,whosdriving.bsky.social,Another new (to me) #kpop #photocard for my growing collection!  #OnlyOneOf #KB #Kyubin #ShinKyubin,0,0,at://did:plc:bgluwjq72oxg3sivz3vplshg/app.bsky.feed.post/3ky2s2ffqqy2q
#photocard,2024-07-23T16:46:50.189Z,whosdriving.bsky.social,New (to me) #kpop #photocard for my collection. #OnlyOneOf #KB #Kyubin #ShinKyubin,3,1,at://did:plc:bgluwjq72oxg3sivz3vplshg/app.bsky.feed.post/3kxxnobth3w2i
#photocard,2024-07-22T22:44:54.811Z,whosdriving.bsky.social,Bonus #polaroid freebie with my #kpop #photocard package!  #OnlyOneOf #KB #Kyubin #ShinKyubin,0,0,at://did:plc:bgluwjq72oxg3sivz3vplshg/app.bsky.feed.post/3kxvr7np3ir2z
#photocard,2024-07-22T22:44:25.227Z,whosdriving.bsky.social,New (to me) #kpop #photocard for my collection.  #OnlyOneOf #KB #Kyubin #ShinKyubin (3/3),0,0,at://did:plc:bgluwjq72oxg3sivz3vplshg/app.bsky.feed.post/3kxvr6ri7wz25
#photocard,2024-07-22T22:44:03.109Z,whosdriving.bsky.social,New (to me) #kpop #photocard for my collection.  #OnlyOneOf #KB #Kyubin #ShinKyubin (2/3),0,0,at://did:plc:bgluwjq72oxg3sivz3vplshg/app.bsky.feed.post/3kxvr64f7b32x
#photocard,2024-07-22T22:43:41.368Z,whosdriving.bsky.social,New (to me) #kpop #photocard for my collection.  #OnlyOneOf #KB #Kyubin #ShinKyubin (1/3),0,0,at://did:plc:bgluwjq72oxg3sivz3vplshg/app.bsky.feed.post/3kxvr5hnnvy2i
#photocard,2024-07-20T20:21:35.064Z,whosdriving.bsky.social,New (to me) #kpop #photocard for my collection.  #OnlyOneOf #Yoojung,3,0,at://did:plc:bgluwjq72oxg3sivz3vplshg/app.bsky.feed.post/3kxqibjgzgn2n
#photocard,2024-07-19T23:31:55.803Z,whosdriving.bsky.social,New (to me) #kpop #photocard for my collection (2/2).  #OnlyOneOf #Yoojung,0,0,at://did:plc:bgluwjq72oxg3sivz3vplshg/app.bsky.feed.post/3kxocgxmnjx23
#photocard,2024-07-19T23:31:24.292Z,whosdriving.bsky.social,New (to me) #kpop #photocard for my collection (1/2).  #OnlyOneOf #Yoojung,0,0,at://did:plc:bgluwjq72oxg3sivz3vplshg/app.bsky.feed.post/3kxocfzkzyk24
#photocard,2024-07-19T19:22:18.902Z,whosdriving.bsky.social,New (to me) #kpop #photocard for my collection.  #OnlyOneOf #KB #Kyubin #ShinKyubin,0,0,at://did:plc:bgluwjq72oxg3sivz3vplshg/app.bsky.feed.post/3kxnuimjumc2w
#photocard,2024-07-19T19:22:06.558Z,whosdriving.bsky.social,New (to me) #kpop #photocard for my collection.  #OnlyOneOf #KB #Kyubin #ShinKyubin,1,0,at://did:plc:bgluwjq72oxg3sivz3vplshg/app.bsky.feed.post/3kxnuiardrt2y
#photocard,2024-07-19T19:21:21.076Z,whosdriving.bsky.social,New (to me) #kpop #photocard for my collection.  #OnlyOneOf #Yoojung,0,0,at://did:plc:bgluwjq72oxg3sivz3vplshg/app.bsky.feed.post/3kxnugvf3xd2y
#photocard,2024-07-18T14:02:28.841Z,dtdelosh.bsky.social,"Send Vietnamese New Year/Tet - customized with your photo. #Greetingcard #photocard
www.greetingcarduniverse.com/holiday-card...",1,1,at://did:plc:axhnqlsxid57vpddi23bvxkw/app.bsky.feed.post/3kxks5rz7iu2g
#photocard,2024-07-17T11:06:06.000Z,fansellfess.bsky.social,"wl! Hai Sijeuni, Wayzenni & MY💓💚💜
Yuk ramein GO BY ROSIEE (mostly NCT & AESPA)
Kalo udah +50 member aku adain giveaway shopeepay random cepet2an
Buat 5 org 🎁

#Zonajajan #zonauang #sbt #wts #wtb #photocard #pc #NCT #aespa #wtt #wto #wta

Yuk ramein guys💖",0,0,at://did:plc:2iw33l7vhpymzol42puibekv/app.bsky.feed.post/3kxhxtinp7a2u
#photocard,2024-07-14T10:32:15.000Z,fansellfess.bsky.social,"wl! Hai Sijeuni, Wayzenni & MY💓💚💜
Yuk ramein GO BY ROSIEE (mostly NCT & AESPA)
Kalo udah +50 member aku adain giveaway shopeepay random cepet2an
Buat 5 org 🎁🎁🎁

#Zonajajan #zonauang #sbt #wts #wtb #photocard #pc #NCT #aespa #wtt #wto #wta

Yuk ramein guys✨💖",0,0,at://did:plc:2iw33l7vhpymzol42puibekv/app.bsky.feed.post/3kxaek7cj6m2x
#photocard,2024-07-13T20:18:46.534Z,whosdriving.bsky.social,New #photocard arrival.  #Wooyoung #ATEEZ,1,0,at://did:plc:bgluwjq72oxg3sivz3vplshg/app.bsky.feed.post/3kx6uu2hswg2b
#photocard,2024-07-12T03:12:22.000Z,fansellfess.bsky.social,"wl! Hai Sijeuni, Wayzenni , MY💓💚💜
Yuk ramein GO BY ROSIEE (mostly NCT & AESPA)
Kalo udah +50 member akan ada giveaway shopeepay random cepet2an
Buat 5 org 🎁🎁

#Zonajajan #zonauang #sbt #wts #wtb #photocard #pc #NCT #aespa #wtt #wto #wta

Yuk ramein guys🥰",0,0,at://did:plc:2iw33l7vhpymzol42puibekv/app.bsky.feed.post/3kx2kzsge2n2n
#photocard,2024-07-11T06:38:54.000Z,fansellfess.bsky.social,"wl! Hai Sijeuni, Wayzenni , MY💓💚💜
Yuk ramein GO BY ROSIEE (mostly NCT & AESPA)
Kalo udah +50 member akan ada giveaway shopeepay random cepet2an
Buat 5 org 🎁🎁🎁

#Zonajajan #zonauang #sbt #wts #wtb #photocard #pc #NCT #aespa #wtt #wto #wta

Yuk ramein guys🥰",0,0,at://did:plc:2iw33l7vhpymzol42puibekv/app.bsky.feed.post/3kwyg462xum2y
#photocard,2024-07-11T06:35:22.149Z,iamnotjijel.bsky.social,"Hai Sijeuni, Wayzenni , MY💓💚💜
Yuk ramein GO BY ROSIEE (mostly NCT & AESPA)
Kalo udah +50 member akan ada giveaway shopeepay random cepet2an
Buat 5 org 🎁🎁🎁

#Zonajajan #zonauang #sbt #wts #wtb #photocard #pc #NCT #aespa #wtt #wto #wta

Yuk ramein guys🥰
line.me/ti/g/2tJr1Jg4v8",0,0,at://did:plc:6k47uudtwnummc77bsk2niqm/app.bsky.feed.post/3kwyfvtwjhm2e
#photocard,2024-07-10T07:07:33.000Z,fansellfess.bsky.social,"Hai Sijeuni, Wayzenni & MY💓💚💜
Yuk ramein GO BY ROSIEE (mostly NCT & AESPA)
Kalo udah +50 member aku adain giveaway shopeepay random cepet2an
Buat 5 org 🎁🎁🎁

#Zonajajan #zonauang #sbt #wts #wtb #photocard #pc #NCT #aespa #wtt #wto #wta [💸] wl!

Yuk ramein guys✨💖",0,0,at://did:plc:2iw33l7vhpymzol42puibekv/app.bsky.feed.post/3kwvxaioek32y
#photocard,2024-07-10T06:34:28.615Z,iamnotjijel.bsky.social,"Hai Sijeuni, Wayzenni & MY💓💚💜
Yuk ramein go ku (mostly NCT & AESPA)
Kalo udah +50 member ntar aku bagi shopeepay random cepet2an
Buat 5 org 🎁🎁🎁

#Zonajajan #zonauang #sbt #wts #wtb #photocard #pc #NCT #aespa #wtt #wto #wta

Yuk ramein guys✨💖
line.me/ti/g/2tJr1Jg4v8",1,0,at://did:plc:6k47uudtwnummc77bsk2niqm/app.bsky.feed.post/3kwvvfdfyi62s
#photocard,2024-07-09T11:28:40.246Z,parkhyuna380.bsky.social,"Wts photocard exo official xiumin, suho, chen, chanyeol, sehun, lay kyungsoo
Harga by dm
Condi & vidcon by dm

📍Dom Bandung
Ready ina 🇮🇩
Bisa co pas event

wtb photocard postcard xiumin suho chen chanyeol kyungsoo sehun lay
#포카 #엑소 #photocard #EXO #XIUMIN #SUHO #CHEN #KYUNGSOO #CHANYEOL #SEHUN",0,0,at://did:plc:6nhfc23vg6vooqir2ug5ikbb/app.bsky.feed.post/3kwtvejhqlq2k
#photocard,2024-07-02T23:35:16.206Z,karinarinarina1.bsky.social,"wto / want to operslot

♡ALBUM ARMAGEDDON ZINE ver

💰 95k
✔️ include Tax
✔️ GO  LINE TRUSTED.
📍dom  Jawa Timur

tags. armageddon ALBUM ZINE VER

#karina #aespa #wto #armageddon #Zonajajan #photocard #kpop #ALBUM",0,0,at://did:plc:m6lzg5iizbyjcoaljywsgvuo/app.bsky.feed.post/3kwdkpcpipy2j
#photocard,2024-07-02T15:04:40.279Z,idhdwst.bsky.social,"yang mau opslot ld dmm (lucky draw Dear My Muse) Eunseok plis DM me 🏃‍♀️🏃‍♀️

PC, Poca, Photocard Lucky Draw DMM (Dear My Muse)

#rbuy #ropslo #ropslot #riize #pc #poca #photocard #eunseok",1,0,at://did:plc:wfxsnfggpww6vkqqdrmn72bp/app.bsky.feed.post/3kwco6bipxz22
#photocard,2024-07-01T14:34:26.952Z,jaeminq.bsky.social,"WANT TO SELL 

📍 Dom Surabaya, Jawa Timur
✅ Co via shopee (freeong xtra) 
✅ GOOD CONDI 
✅ Freebies sekebon
✅ Keep event with DP
❌ Packing & adm 🍊

#wts #zonauang #pasarnct #photocard #nct #jaemin #jeno #renjun",0,0,at://did:plc:zb5hnyf7wz2yh6itygsqinqp/app.bsky.feed.post/3kwa3zcrekn2f
#photocard,2024-07-01T10:17:48.701Z,xeenaohana.bsky.social,"WTS / want to sell photocard nct dream 

OFFER (stop collection) 
By : shopee (no shopee video)
Pengiriman : JKT
(-) adm+pack
Minimal take 2pc
#MARK #JENO #HAECHAN #JAEMIN #NCTDREAM #WTs #wanttosell #photocard",0,0,at://did:plc:y2tb7ytrac6oergkrlkpd5kh/app.bsky.feed.post/3kw7nofsn4626
#photocard,2024-06-28T03:25:20.512Z,seungmn.bsky.social,"[ HELP RT ]

wts all about pc skz 
• Harga inc pack, exc adm ❌
• Boleh keep event + req svid
• Take banyak dapat diskon
❌ NO HNR

📍 SBY, jatim

#photocard #wts #skz #straykids #pcskz",0,0,at://did:plc:xv2xg7l5ypl2qaxxzywxdn6w/app.bsky.feed.post/3kvxfa43at42i
#photocard,2024-06-26T06:52:08.313Z,ooyeonw.bsky.social,#jual #photocard #aespa #txt #karina #winter #beomgyu #yeonjun #soobin koleksi pribadi masih bagus banget bisa shopee diskon ya,0,0,at://did:plc:vee6hk3thaiu4slmzddpvbzb/app.bsky.feed.post/3kvsptzi7i22t
#photocard,2024-06-25T00:48:27.909Z,tyongmii95.bsky.social,"HELP RT!!

wts/want to sell aab nct

🌟 Dom jatim
🌟 keep event with DP 
🌟 CO by 🍊
🌟 condi ?? DM
🌟 no sensitif buyer
🌟 boleh tanya² dulu

tag. Wts wtb wtt wto aab nct jaemin mark xiaojun taeil jisung wayv istj pola dicon universe pink chritmas glitch mode

#zonauang #wts #photocard #nct",0,0,at://did:plc:5iobxqlq4arcpodkrln3euq3/app.bsky.feed.post/3kvpl2svtcg2t
#photocard,2024-06-24T17:42:06.020Z,oiijuyo.bsky.social,"wts want to sell pc aab nct dream jeno haechan 

t. wtb aab nct dream jeno marmark haechan chenle renjun jaemi jisung
#wts #photocard #nct #jeno #haechan #nctdream",1,1,at://did:plc:7hzm4xr7h53qoida5acgpw46/app.bsky.feed.post/3kvotafs4422m
#photocard,2024-06-21T13:40:04.992Z,ejsandra.bsky.social,"WTS PC EXO
📍JKT
✅all good condi
✅co oren (❌exc adm)
✅packing

#wts #photocard #exo",0,0,at://did:plc:g2mafhgn2zvcqlqmmf2ekvcm/app.bsky.feed.post/3kvgucvbhm32k
#photocard,2024-06-21T13:30:32.741Z,ejsandra.bsky.social,"WTS PC BAEKHYUN
📍JKT 
✅ good condi
✅ co live oren (co malam ini langsung dikirim besok)
#wts #baekhyun #photocard

id.shp.ee/DJpPb8a",0,0,at://did:plc:g2mafhgn2zvcqlqmmf2ekvcm/app.bsky.feed.post/3kvgtrtv7wc24
#photocard,2024-06-19T14:08:55.317Z,kthxia.bsky.social,"HELP RT OR LIKE

want to sell | wts
photocard pc aab nct dream 127 wayv 
‼️ REVISI HARGA‼️

✅ 🍊 free ongkir, bisa co video (CASHBACK)
✅ sharing GO
✅ packing  ❎ adm 5,5%
📍 kalsel

dm @kthxia.bsky.social  for detail n order
#zonauang #nctzen #moots #mutualan #pasarnct #jajannct #photocard #wts",8,1,at://did:plc:4e47qairgukfbqjhnv2fword/app.bsky.feed.post/3kvbuymk4j52h
#photocard,2024-06-18T09:27:23.049Z,ceceliamagda.bsky.social,"‼️WTS‼️ 

• album TWS unsealed SPARKLING BLUE 
• 160k 
• nego tipis 
• check condi by dm 

#wts #albumkpop #tws #kpopstan #photocard",1,0,at://did:plc:4w7nthe52yipzxebruth3tef/app.bsky.feed.post/3kv6uscf6qb2s
#photocard,2024-06-18T09:01:12.589Z,ceceliamagda.bsky.social,"wts//album seventeen weverse version 

• take all special price 
• nego tipis 
• check condi by dm 

#wts #albumseventeen #seventeen #photocard #kpopstan #kpop",6,1,at://did:plc:4w7nthe52yipzxebruth3tef/app.bsky.feed.post/3kv6tdilvg22o
#photocard,2024-06-18T05:48:46.854Z,woniecros.bsky.social,#wts #wanttosell #pc #photocard #zb1 #zerobaseone #zhanghao,0,0,at://did:plc:6ggjy2geiqgttbwabzayhyck/app.bsky.feed.post/3kv6ileq53c2g
#photocard,2024-06-17T10:51:37.988Z,ystrdyprtndr.bsky.social,"WTS [WANT TO SELL] PHOTOCARD THE BOYZ

🏠 JOGJA, INA
💰 bisa keep event/DP , HNR DP hangus
💰 inc. semuanya (safe packing + freebies)
💰 negotiable
✔ demeg

Condi by dm, harga pc blm termasuk packing dan admin
❗HELP RT/LIKE❗

#PHOTOCARD #THEBOYZ",1,1,at://did:plc:6klgmsifvbhewdzqtjc3o3wm/app.bsky.feed.post/3kv4izyc22s24
#photocard,2024-06-17T09:31:07.885Z,reyjongseong.bsky.social,"[WTS] PC ENHYPEN JUNGWON JAY SUNOO NI-KI PHOTOCARD BENEFIT WORLD TOUR MANIFESTO LENTI LD LUCKYDRAW UNIFORM BDC DD HAKANAI JAPAN

• Price on pict
• Take banyak dapet diskon💵

🍊@reyjongseong 
📍Tangsel, INA

#wts #wtb #enhypen #photocard",0,0,at://did:plc:lvyqwbmdqsit2ophl4o5skyi/app.bsky.feed.post/3kv4ek24w322m
#photocard,2024-06-17T04:01:51.430Z,shimapril.bsky.social,"Wts photocard aab nct dream nct 127 way V
Ready ina🏠
Bisa oren🍊
📍Cikarang
Include All

Tanda ⭐️ ada damage

Mark Renjun Jeno Haechan Jaemin Chenle Jisung
Jhonny Doyoung Taeyong Taeil Jungwoo Ten Kun xioujun

#WTs  #WTB #photocard #NCTDREAM #NCT127 #WayV",0,0,at://did:plc:np6dr63pktfae62lynpcpoe6/app.bsky.feed.post/3kv3s5bgvsc2v
#photocard,2024-06-17T04:00:58.513Z,shimapril.bsky.social,"Wts photocard aab nct dream nct 127 way V
Ready ina🏠
Bisa oren🍊
📍Cikarang
Include All

Tanda ⭐️ ada damage

Mark Renjun Jeno Haechan Jaemin Chenle Jisung
Jhonny Doyoung Taeyong Taeil Jungwoo Ten Kun xioujun

#WTs  #WTB #photocard #NCTDREAM #NCT127 #WayV",0,0,at://did:plc:np6dr63pktfae62lynpcpoe6/app.bsky.feed.post/3kv3s3oxnd22v
#photocard,2024-06-16T13:52:28.763Z,hynaullt.bsky.social,"want to sell wts - update

CLEARANCE SALE!!

photocard pc pob girlgroup ive itzy illit babymonster lesserafim unforgiven yeji yunjin leeseo pob yujin gaeul rei iroha yunah rora pharita asa

#photocard #pc #wts #babymonster #itzy #ive #illit #lesserafim

Bekasi, BISA CO VIDEO 🍊",0,0,at://did:plc:y77lb3a22eerbedw7izbnpst/app.bsky.feed.post/3kv2cohwnhk2m
#photocard,2024-06-15T12:43:32.033Z,chintyong.bsky.social,"""=⌕ lfb // looking for buyer
wts // want to sell pc ready ina ‧₊˚✩彡

aab photocard nct dream 127 wish wayv
— jeno jaemin jisung chenle renjun haechan taeil yushi yangyang doyoung taeyong johnny mark 

🏠 jakarta pusat
📦 include all

#nct #wts #wanttosell #photocard #zonauang",1,0,at://did:plc:ewjwavbi5aeiuut7yg4bq73w/app.bsky.feed.post/3kuxoeaxcjk2i
#photocard,2024-06-15T12:02:54.556Z,kthxia.bsky.social,"HELP RT OR LIKE ‼️
want to sell | wts
photocard pc aab nct dream 127 wayv 
‼️ clearance sale‼️

✅ 🍊 free ongkir, bisa co video (CASHBACK)
✅ sharing GO
✅ packing  ❎ adm 5,5%
📍 kalsel

dm @kthxia.bsky.social  for detail n order
#zonauang #nctzen #moots #mutualan #pasarnct #jajannct #photocard #wts",7,1,at://did:plc:4e47qairgukfbqjhnv2fword/app.bsky.feed.post/3kuxm3mbzik2o
#photocard,2024-06-15T12:02:15.328Z,kthxia.bsky.social,"HELP RT OR LIKE ‼️
want to sell | wts
photocard pc aab nct dream 127 wayv 
‼️ clearance sale‼️

✅ 🍊 free ongkir, bisa co video (CASHBACK)
✅ sharing GO
✅ packing  ❎ adm 5,5%
📍 kalsel

dm @kthxia.bsky.social  for detail n order
#zonauang #nctzen #moots #mutualan #pasarnct #jajannct #photocard #wts",8,1,at://did:plc:4e47qairgukfbqjhnv2fword/app.bsky.feed.post/3kuxm2guzrs27
#photocard,2024-06-15T12:01:44.213Z,kthxia.bsky.social,"HELP RT OR LIKE ‼️
want to sell | wts
photocard pc aab nct dream 127 wayv 
‼️ clearance sale‼️

✅ 🍊 free ongkir, bisa co video (CASHBACK)
✅ sharing GO
✅ packing  ❎ adm 5,5%
📍 kalsel

dm @kthxia.bsky.social  for detail n order
#zonauang #nctzen #moots #mutualan #pasarnct #jajannct #photocard #wts",8,9,at://did:plc:4e47qairgukfbqjhnv2fword/app.bsky.feed.post/3kuxlzj7izc26
#photocard,2024-06-15T07:32:53.714Z,kimmyyyra.bsky.social,"seller danusan seventeen enhypenn masih biaa yaa nitip di share ke go, karna gabisa kirim pict kirim linknya ajaa ya #seventeen #enhypen #photocard t. Want to sell wts",2,0,at://did:plc:77cngaahxib6y73etageid3l/app.bsky.feed.post/3kux4ytc5z52q
#photocard,2024-06-14T07:51:14.579Z,kimvriska.bsky.social,"Help rt like share army🫶

Want to sell pc aab kim namjoon yescard hk jimin seokjin ina💜

condi by dm 🙏
✅inc pack
✅dom tangsel
✅shopee vidio
❌admin 10.4%
#wts #wanttosell #photocard #bts #bangtan #kimnamjoon #seokjin #jimin #yescardhk #namu #rpwp",1,0,at://did:plc:4v246lkous47azihyjigqk7p/app.bsky.feed.post/3kuunko275k2d
#photocard,2024-06-10T03:47:35.468Z,pinkeuboyv.bsky.social,"Open po zb1 poca
45k/ea random
400k set

Dp 30k

✅GO
❌ harga belum termasuk packing
✅trusted 💯
📍Jateng

Fix order aku dm buat masuk GO dan isi form order
#zonauang #zonajajan #zb1 #zerobaseone #kpop #merchkpop #poca #photocard #moots",7,0,at://did:plc:ssougvghsvq7u6xvblrr4sln/app.bsky.feed.post/3kuk63cgyqu22
#photocard,2024-06-09T03:51:43.537Z,karinarinarina1.bsky.social,"wts / want to sell

♡PHOTOCARD Ryujin cheshire album + Ryujin album kmd

💰 40k (Take all) 2 pc
✔️ inlcude Tax
✔️ GO  LINE TRUSTED.
📍dom jakut

tags wts wtb #ryujin #itzy #zonauang #photocard #Zonajajan",2,0,at://did:plc:m6lzg5iizbyjcoaljywsgvuo/app.bsky.feed.post/3kuhntrvr5n2d
#photocard,2024-06-08T14:34:20.376Z,xahyeon.bsky.social,"Tags. 
#Jeno #Jaemin #Jisung #Ten #Xiaojun #Mark #Photocard #Album #Wts #Nctzen",19,0,at://did:plc:n3ahybniakyuycv5rkxxg37b/app.bsky.feed.post/3kugbbxn2g32b
#photocard,2024-06-08T13:16:04.337Z,jionroom.bsky.to,"ʚɞ WTB / want to buy — 🛒💸

✩ Matthew ktown4u pop up special pc
✩ Taerae pepero , ld withmuu yhmah
✩ Hanbin playjelly cookie ver
✩ Hanbin Jeonghyeon makestar orange , bunny blanket ver
✩ Unit jeongbin squad:r tc japan

lfs looking for seller photocard evnne target:me zb1 #wtb #zb1 #evnne #photocard",0,0,at://did:plc:rz6rhtr3lrmz5owqqwqj2ktr/app.bsky.feed.post/3kug4vz56wi2c
#photocard,2024-06-08T11:01:10.687Z,woowonkokopable.bsky.social,"gatau ini sistem nya gimana tapi

i’m looking for #moots who loves manhwa, bl manhwa, kpop esp svt, aku juga mantan collector photocard, masih banyak lagii

like + follow yaa, ntar diliat buat fb

#svt #carats #manwha #blmanhwa #photocard",13,0,at://did:plc:3c6z5pter3vwnzamlvvwv4fs/app.bsky.feed.post/3kufveu4s7s22
#photocard,2024-06-08T07:47:35.249Z,joykokenkoo.bsky.social,wts #wts #photocard photocard poca pc #poca #pc kpop nct #kpop #nct ina shopee oren,0,0,at://did:plc:rgrjc5i3l6rij2b6n7beqgw7/app.bsky.feed.post/3kufkkmynvk2r
#photocard,2023-12-21T17:03:00.744Z,dtdelosh.bsky.social,"Poinsettia Christmas Thank You Vertical Photo card
#Thankyou #Photocard #BSNM
www.greetingcarduniverse.com/thank-you-ca...",3,0,at://did:plc:axhnqlsxid57vpddi23bvxkw/app.bsky.feed.post/3kh32dbdx4k2r
#photocard,2023-10-26T15:15:04.125Z,dtdelosh.bsky.social,"Send your Photo in my illustrated Autumn Oak Leaf border Photo card. #Greetingcard #PhotoCard #autumn #halloween
www.greetingcarduniverse.com/holiday-card...",2,0,at://did:plc:axhnqlsxid57vpddi23bvxkw/app.bsky.feed.post/3kco26oyor32a
#photocard,2024-12-04T10:47:35.052Z,almost-hiipster.bsky.social,can anybody PLEASE sell the go live split pink/blue chan pc? 😩😩😩😩 #golivepc #photocard #pc,0,0,at://did:plc:ci4xwhvas4h4zwtjdf7mvh6u/app.bsky.feed.post/3lchy3axkep25
#wtsphotocard,2024-07-03T13:50:30.870Z,ferlinaidaf.bsky.social,"wts photocard treasure

member :
✅ Hyunsuk
✅ Haruto
✅ Doyoung
✅ Jaehyuk
✅ Junghwan
✅ Asahi

ex member :
✅ Yedam
✅ Mashiho

note :
✔️ Nego
✔️ Original 100%
✔️ Bisa via oren/hijau/hitam/manual

#wtsphotocard #wtstreasure #treasuremarket #TREASURE_REBOOT_IN_JAKARTA",2,0,at://did:plc:v7f33zshutobravxbtlj6v4p/app.bsky.feed.post/3kwf2imaoxk2w
#wtsphotocard,2024-06-24T03:51:09.464Z,mailluvbox.bsky.social,"Rt, likes are appreciated!
#Wts || want to sell rd ina!

📌 price in pict
📌 price exc packing
📌 shipping from Surabaya
📌 negotiable

Mention for take 

#wtsnct #nctseventeen #wtsgaramsoundwave #wtskaiexo #wtsphotocard",0,0,at://did:plc:xqvh7vmkczk6imxpekrvc5x2/app.bsky.feed.post/3kvnesl4jub2l
#kpopcollection,2026-07-06T21:30:09.123Z,geogaming.bsky.social,"Amazon - Kpop Demon Hunters Collectible Trading Cards Energy Edition 

$53.99 - amzn.to/3RlWYtB Ad
Pre-order Price Guarantee 

#KpopDemonHunters #TradingCards #KpopCollection",1,1,at://did:plc:5c3suy75ta2hhyiexloaop3w/app.bsky.feed.post/3mpyzxb33fu23
#kpopcollection,2025-09-25T09:52:32.850Z,printplayprotect.bsky.social,"Ready to show off your style? ✨ Our new K-Pop Demon Hunters keychains are here! Perfect for every fan, these keychains are durable, stylish, and a must-have for your collection.👇
​ #KPopMerch #Keychains #KPopFan #HUNTRix #StanBoys #NewArrival #FashionAccessories #KPopCollection #kpopdemonhunters",164,14,at://did:plc:n5zwc7jiuduea7sousvlccne/app.bsky.feed.post/3lznokb3gq22o
#kpopcollection,2025-09-02T02:07:52.106Z,skzoeart.bsky.social,"Templates! Please Read the rules! ₊✩ Comment for me to send them directly! 🧵
.
.
.
#KpopTrade #WTT #WTS #WTB #have #want #KpopCommunity
#PhotocardTrade #KpopCollector #KpopCollection #PC
#KpopSale #TradeTemplates #KpopEdit #StrayKids #enhypen #ateez #blackpink #free",0,1,at://did:plc:vpy2a76ghjwrrsgsuwgnwea3/app.bsky.feed.post/3lxsztzy6lk2n
#kpopcollection,2025-07-31T18:26:15.808Z,xcarolann.bsky.social,"i have SO many extra photocards i need to sell, i need help — where’s the best place to sell stuff??? 😭🩷 I need them gone pls

#kpopsell #kpopselling #kpopphotocards #kpopcollection",0,0,at://did:plc:2aakpr4wyaze2idute6l76o4/app.bsky.feed.post/3lvbr5ebsrc2e
#kpopcollection,2025-07-24T02:31:54.753Z,xcarolann.bsky.social,"got inspired by @wonhaed.bsky.social to get a corner shelf and tbh it’s soooo worth it 🩷🤍

—————
🏷️ #kpopshelf #kpopcollection #kpopcollector #kpop",5,0,at://did:plc:2aakpr4wyaze2idute6l76o4/app.bsky.feed.post/3luoikf62uc2r
#kpopcollection,2025-06-03T03:04:30.151Z,copiedesigns.com,"Hi everyone! Are you obsessed with K-Pop like I am? You'll love my K-Pop collection at the Copie Designs Zazzle store! 

Link To Collection: www.zazzle.com/collections/...

#kpop_collection #kpopcollection #kpop #products 
#merch #zazzlestore #copiedesigns #printondemand #promo",0,0,at://did:plc:r634445c3ykdrbv5nzk46s3i/app.bsky.feed.post/3lqoclsirr223
#kpopcollection,2025-03-25T14:03:55.384Z,biznme.bsky.social,"#watercolorportraits
#kpopcollection
#OnewSHINee
#Onew",2,0,at://did:plc:enibq7zy4ps3ylhq5s2lvtuw/app.bsky.feed.post/3ll7gsgi7722e
#kpopcollection,2025-03-21T02:31:06.062Z,hallyuhamkke.bsky.social,"✨ Pre-Order Notice

Image Picket Uchiwa Carrying Cases 

Pink or Grey Style Available

hallyu-hamkke.com/products/pre...

#kpop #kpopuchiwa #kpopimagepicket #kpopcollector #kpopcollection #kpopbigfan",0,0,at://did:plc:hnnmpuatddzrm4knxeal2fxk/app.bsky.feed.post/3lku67xqfx22i
#kpopcollection,2025-03-21T02:30:47.661Z,hallyuhamkke.bsky.social,"✨ Pre-Order Notice  

Image Picket Uchiwa Clear Covers
Round and Heart Glossy or Matte Style

Round Style
hallyu-hamkke.com/products/pre...

Heart Style
hallyu-hamkke.com/products/pre...

#kpop #kpopuchiwa #kpopimagepicket #kpopcollector #kpopcollection #kpopbigfan",0,0,at://did:plc:hnnmpuatddzrm4knxeal2fxk/app.bsky.feed.post/3lku67gkzuk2i
#kpopcollection,2025-03-06T19:00:08.367Z,kpopscribe.bsky.social,"My kpop tracker moved to a different planner and I think I like it better here

#kpop #kpopcollection #muji #mujiA5 #jhope",0,0,at://did:plc:cb6yrz2vwud2uyvgr2r7cqe6/app.bsky.feed.post/3ljq6ikugpc2h
#kpopcollection,2025-03-02T21:52:50.255Z,kpopscribe.bsky.social,"This is how I am currently attempting to keep up with kpop

#kpop #kpopcollection #midori #midorib6slim #handwriting",1,0,at://did:plc:cb6yrz2vwud2uyvgr2r7cqe6/app.bsky.feed.post/3ljggbqktq22v
#kpopcollection,2025-01-22T15:22:06.746Z,leabunnie.bsky.social,"One of my friends got me my first Block B album for Christmas and I am over the moon about it! It's the crown jewel of my collection. 👑🐝

#kpop #blockb #kpopcollection",2,0,at://did:plc:ojf5kp4h5t5ogf7dv62aj3fi/app.bsky.feed.post/3lgdob6j7722v
#kpopcollection,2025-01-20T00:42:11.353Z,moonlitrkive.bsky.social,Hey #kpop fans of Bluesky 🥰🩷 my name is Jas and I collect kpop albums & merch. My collection is heavily #bts centered but I also massively collect for others. I’ve been cleaning what is at home so here’s a tiny bit of my #kpopcollection! 💜🙏🏽,3,0,at://did:plc:vkydeikh5v3ofa5b2fem2eeo/app.bsky.feed.post/3lg545u6lh22n
#kpopcollection,2025-01-10T20:57:14.053Z,mrsquoka.bsky.social,"It can always be worse 😂😂
#kpop #kpopcollection #ateez #atiny #kpopolska #kpoper #hobby #concerts",2,0,at://did:plc:reudkvfdqdyc7vrdww5lsved/app.bsky.feed.post/3lfg3fgnlsu2l
#kpopcollection,2025-01-10T20:16:52.056Z,mrsquoka.bsky.social,"Just an Atiny admiring her most precious part of the collection 💜
#kpop #kpopcollection #ateez #atiny #kpoper",2,0,at://did:plc:reudkvfdqdyc7vrdww5lsved/app.bsky.feed.post/3lffz56c4du2l
#kpopcollection,2024-12-21T16:23:24.553Z,bloodazed.bsky.social,"🎧: black rose — ash island 🖤

#photography #kpopcollection #kpopsky",4,0,at://did:plc:42nb6ddck5w2dohjuac4uy7r/app.bsky.feed.post/3ldtcrcwf6k24
#kpopcollection,2024-12-04T02:26:47.064Z,bloodazed.bsky.social,"— 🎶 come to me, make it right, please connect me again 🎶

📸: bloodazed 🗡

🏷️: #kpop #kpopcollection #kpopcollector #photography #enhypen #kpopsky",6,0,at://did:plc:42nb6ddck5w2dohjuac4uy7r/app.bsky.feed.post/3lch43oqigs25
#kpopcollection,2024-11-30T18:42:26.737Z,cottoncandystyle.bsky.social,"ᯓ꒰ঌ""Angel""໒꒱ Collection
Out now!
👇🛒
my-store-c27de3.creator-spring.com

#angel #autumnoutfits   #autumnstyle  #styleinspo #fashionstyle #streetwear  #waystostyle   #styleinspration #mood  #fashion #aesthetic #gamergirl #itgirl
#cottoncandystyle #basicoutfit   #straykids #svt #txt #kpopcollection",1,0,at://did:plc:xamuypbg4mul22hkazkass7r/app.bsky.feed.post/3lc6qql6bvs2l
#kpopcollection,2024-11-29T22:55:25.665Z,bloodazed.bsky.social,"— 4 years with my sevEN stars⭐

|| #enhypen #enhypencollection #kpopcollection #enhypencollector #ENGENE #kpopcollector 
#FOUREVERCONNECTED #2024ENniversary #Happy_4th_ENniversary #사년동안_달려온_우리의_하이웨이 #ENHYPEN祝デビュー４周年 #엔하이픈 #ENHYPEN4thAnniversary ||",1,0,at://did:plc:42nb6ddck5w2dohjuac4uy7r/app.bsky.feed.post/3lc4og2puve27
#kpopcollection,2024-11-26T12:04:19.162Z,cottoncandystyle.bsky.social,"ᯓ꒰ঌ""Angel""໒꒱ Collection
Out now!

👇🛒
my-store-c27de3.creator-spring.com

#angel #autumnoutfits #falloutfitideas #styleinspo #fashionstyle #classystreetwear #waystostyle  #stylehelp #styleinspration #modd #fashion #aesthetic #itgirl
#cottoncandystyle #basicoutfit 
#straykids #svt #txt #kpopcollection",1,0,at://did:plc:xamuypbg4mul22hkazkass7r/app.bsky.feed.post/3lbtymzeq3c2h
#kpopcollection,2024-11-24T13:10:59.158Z,d-jaella-h.bsky.social,"So I wanted to post my kpop album collection with my monster high dolls on display. I haven't been able to take a more updated picture yet.

#army #bts #kpop #album #kpopalbum #kpopcollection #DVD #plush #txt #itzy #gidle #ateez #monstax #funkopop #blackpink #xdinairyheroes #btscollection",8,0,at://did:plc:antez3rwatlfxfsrs3xxc6oo/app.bsky.feed.post/3lbp3gbjpzk2d
#kpopcollection,2024-11-20T01:49:11.586Z,midnight-warlock.bsky.social,My #KpopCollection : to start this off w/ a bit of #StrayKids #skz #Changbin,3,0,at://did:plc:uc3vz3pdwjtlmy65ijwz6vwi/app.bsky.feed.post/3lbdthks7js2m
#kpopcollection,2024-11-17T19:22:02.153Z,yerinastar.bsky.social,"Finally got my new RedVelvet binder!! 

Took all day to decorate but im so happy❤︎︎❤︎︎

I love it sm \(^ヮ^)/

#kpop #kpopdeco #redvelvet #scrapbooking #binderdeco #kpopcollection #redvelvetcollection #blueskypromo",2,0,at://did:plc:ltkd2attcrkqdjnit3xy6div/app.bsky.feed.post/3lb64txtqi22y
#kpopcollection,2024-11-16T17:46:20.586Z,tatisprout.bsky.social,"We’re talking collectors? I’ve been summoned 

#animecollection #kpopcollection #animesky #kpopsky #figures #kirby #trinkets #sonnyangels #sanrio #sailormoon",17,4,at://did:plc:p6yerd7krc4keudzhu7c3ojx/app.bsky.feed.post/3lb3h36ma2k27
#kpopcollection,2024-10-31T14:12:02.028Z,kpopandyoushop.bsky.social,"ILLIT

📦 FRETE GRÁTIS 🎉 

Venda disponível em nosso site ⬇️ 
 
💳 4x sem juros no cartão
💵 9% de desconto no pix 

www.kpopandyoushop.com.br

#Kpop #fyp #vendas #kpopfyp #kpopcollection 
#lojakpop #kpopbrasil #fy #illit",0,0,at://did:plc:h4puut6humwyu6tknwkzrwgw/app.bsky.feed.post/3l7stniy6bp2g
#kpopcollection,2024-08-29T22:05:29.188Z,nefows.bsky.social,"RM LOST! Stand de acrílico. Pesquisa de interesse. Deixe um like ou um emoji para eu saber se você tem interesse em um.
Os valores vão ficar entre 25/35 reais (+frete) e segue com alguns brindes.
Compartilhem por favor.
#btsfanart #kpopcollection #namjoon #RM #rpwp #kpop #bts",19,9,at://did:plc:6naszlog53hgs3i3qlrejtnr/app.bsky.feed.post/3l2vaq4eb3m2o
#kpoptrade,2025-04-24T19:54:16.391Z,sweetliss.bsky.social,#kpop #kpoptrade #kpopsale #ateez #ateezphotocard,0,0,at://did:plc:wqe33nhyqqiq6pgb7kl4jltb/app.bsky.feed.post/3lnlieh24uc2p
kpop photocard,2026-08-11T18:10:33.969Z,kaskabeltz.eurosky.social,Es una photocard de idol de kpop,1,0,at://did:plc:psehqk5633vubre3ohlvicqm/app.bsky.feed.post/3mst7lkf4gk2z
kpop photocard,2026-08-11T01:55:47.172Z,flavitamdzs.bsky.social,"✨ *DROP STRAYKIDS*✨
💰 valores na imagem + Frete (carta registrada)
✅ *Set em Mãos*
👉 Disponibilidade na Imagem
🔞MENORES OUT  
💌Minha casa + Você 
OBS: Comprando três pcs ou mais tem desconto
🏷️vendo venda troca troco photocard kpop grupo collector skz Félix IN Bangchan",0,0,at://did:plc:3vmo2bjwk74gfr2bdupsqe4t/app.bsky.feed.post/3msrj4emrxs2q
kpop photocard,2026-08-10T20:43:55.476Z,nanabananayeah.bsky.social,"Peguei elevador com uma jovem que usava 1 photocard do Baekhyun (eu acho) pendurado no cinto. Daí eu comentei com minha mãe, e ela disse “e não era mais nenhuma adolescentezinha”. PRA QUÊ?! Eu fiz todo o meu discurso sobre kpop não ser pra adolescente e sobre meu pai usar camisa do Vasco aos 76 anos",0,0,at://did:plc:mwpx6ebfqe3shkveltvsnt6m/app.bsky.feed.post/3msqxouju2s2o
kpop photocard,2026-08-08T20:40:08.662Z,cutiepies2.bsky.social,Arrumadinha está meu holder,5,0,at://did:plc:vxu7y6hqfimbqx5eooenyqg5/app.bsky.feed.post/3mslwjvqsxk2d
kpop photocard,2026-08-08T16:00:30.671Z,kpop-nsfw.bsky.social,"Y’all I got my new debit card and it’s flawless as it could be. This is peak.

https://www.kpopnsfw.com/299057/yall-i-got-my-new-debit-card-and-its-flawless-as-it-could-be-this-is-peak/

An Yujin, light of my life, my soul and whatsoever. This ain't no ordinary photocard, this is …",0,0,at://did:plc:vlihmzxvpwjondmxahcpgke6/app.bsky.feed.post/3mslgwadabk24
kpop photocard,2026-08-08T14:26:28.646Z,wangshu-jun.bsky.social,"maaaaybe we went a second time today, just to get the photocard 👉👈✨
it was a stressful journey to actually get it bc clearly UCI wasn’t prepared for the concept of photocards and kpop, but i was so happy i got the san pc in the end that i almost cried haha 🥹",4,0,at://did:plc:fnvo4dzjj4oqvamfanrlkq5h/app.bsky.feed.post/3mslbnsmkk22j
kpop photocard,2026-08-07T15:23:00.579Z,colbimlac.bsky.social,Mas se são meninas colecionando photocard de idol de kpop...,0,0,at://did:plc:zosoramtyizzlo7y4vibxcot/app.bsky.feed.post/3msiueateys2d
kpop photocard,2026-08-06T22:26:26.872Z,histerico.bsky.social,at this point there's no difference between cartas de pokemon e photocard de kpop pqp pagar absurdo por um pedaço de papel,0,0,at://did:plc:sfgl336shtbmw2oxnrzp5znb/app.bsky.feed.post/3msh3kgkloc27
kpop photocard,2026-08-06T18:38:56.564Z,introyouth.bsky.social,"the CONCEPT of photocard holders with my friends in it omfg 🤩
might have to steal the idea

the kpop version of lovers picture in the wallet omg (i do have tannies in my wallet..) how cute",1,0,at://did:plc:ksp3ypmxcw5vsmnqmc7mcxfb/app.bsky.feed.post/3msgotonxck2k
kpop photocard,2026-08-06T17:29:43.464Z,tigerlily.cafe,hey Kpop ppl what brand do you use for photocard holders. I have 82476383738293782 toploaders due to being a tcg girlie but.,0,0,at://did:plc:dis2fsbsoeyqy7zezkngfxyj/app.bsky.feed.post/3msgkxwtzm22z
kpop photocard,2026-08-06T03:54:04.067Z,liatriskitty.bsky.social,"New pfp who dis? Was inspired by an Ateez kpop photocard.

Art by Shai_juno on vgen",5,2,at://did:plc:qc6a53jxetckfzgsbdecjfoq/app.bsky.feed.post/3msf5faoal22b
kpop photocard,2026-08-05T20:04:39.271Z,groovepick.bsky.social,"JENNIE : Vinyle ""Ruby"" Rouge Rubis en exclu ! 💎🌹

Le #GroovePick K-Pop ! Édition limitée avec mini poster, carte postale et photocard. Un collector magnifique pour tous les fans de @jennierubyjane.bsky.social l 💿🔥

💰 24,99€ | 🗓️ le 22/08/25 
👉 tidd.ly/454x3Kp 🚀

#Jennie #KPop #Vinyl #Publicité #Fnac",0,0,at://did:plc:liep3tnjqxl53t5iu6pjei65/app.bsky.feed.post/3msed6244fk2g
kpop photocard,2026-08-02T20:04:50.870Z,vichrodrigues.bsky.social,a momo dando um tapa na cara e cuspindo na galera que encheu o saco dela pela cartinha pokemon lá,0,0,at://did:plc:dbgafpyw3doxdlgeupjjgeao/app.bsky.feed.post/3ms4rrjepec24
kpop photocard,2026-08-01T23:50:05.475Z,moxamber.bsky.social,"I am not shocked to hear that Kpop photocard scene might be worse than pokemon, but that is also a horrifying thing to read.",0,0,at://did:plc:paj6ipalc3udmxlestdq7qfd/app.bsky.feed.post/3ms2nvepk7s2d
kpop photocard,2026-07-30T18:00:34.274Z,chaminefufu.bsky.social,eu entendo gostar de ter um photocard ou outro mas coleção de photocard pra mim é algo que foge muito a minha compreensão e talvez porque eu ja seja calejada demais em kpop rpa saber que a não ser que seja um grupo enorme em breve deve dar disband,0,0,at://did:plc:ovgf4j3q6eowzb7f5iwtaz6d/app.bsky.feed.post/3mruz2fgy7c2i
kpop photocard,2026-07-26T21:23:32.768Z,thekpophag.bsky.social,Made some fun things for my photocard collection. Will print and cut them tomorrow to see if they any adjustments before putting them up on my Ko-Fi #kpop #photocardcollection,0,0,at://did:plc:lbcbqywa4stoza4gesg4erkn/app.bsky.feed.post/3mrlcvvb7z22y
kpop photocard,2026-07-26T20:46:58.883Z,blutmut.bsky.social,fun fact tho i really wanted outlaw by ateez because its one of my absolute favorite kpop albums ever but i didnt like any of the versions so i had to go for the one i disliked the least and unfortunately its purple which is my least favorite color. and then i got a san photocard from it,0,1,at://did:plc:fuynrqkp6haflpoz3scxt6yz/app.bsky.feed.post/3mrlauhi7rs2q
kpop photocard,2026-07-25T20:13:10.364Z,proteinscollide.bsky.social,My Milan kpop moment...I don't have a Jeno photocard so Chenle subbed in 😅🍨,6,0,at://did:plc:s5wyl7jqooeqq7h3aitozqwv/app.bsky.feed.post/3mrioidz5tc2v
kpop photocard,2026-07-25T05:10:17.770Z,st4rg4zz3rrr.bsky.social,jongho.. jongho please let me get your photocard at kpop nabi in the morning.. 😞,1,0,at://did:plc:f5d37tx72xjlniu5psll7yuv/app.bsky.feed.post/3mrh42o65ic27
kpop photocard,2026-07-23T05:50:58.669Z,crownlessagain.bsky.social,"My Loot Drops

-1 sugar free monster energy 
-2(+) knives
-1 assorted TGCF related item (pin/keychain/photocard etc)
-1 Carmex lip balm
-1 assorted Kpop photocard (Taemin or San most likely)
-a handful of knotted friendship bracelets
-1 hair tie
-1 black cloth face mask
-1 baseball cap",8,0,at://did:plc:qdp4qbcfomsiuq727e7wsj5m/app.bsky.feed.post/3mrc5fl2tz22d
kpop photocard,2026-07-23T05:18:24.863Z,severinlee.bsky.social,"Loot that drops after defeating me:

• one of my key chains (random)
• an unfinished art
• lip balm
• 10 hair ties 
• top ten kpop fics
• poverty
• complicated relationship with mom
• yeonjun fake photocard
• three pen cases
• a money attracting amulet
• back pain",9,0,at://did:plc:gs7i3jq64y42yox7x2cyyi7n/app.bsky.feed.post/3mrc3ldjjfs2d
kpop photocard,2026-07-22T23:17:11.665Z,awyeahmrb.bsky.social,I guess my kpop photocard collection is going to be my retirement,0,0,at://did:plc:gwc525eymedrwaquax4tuukt/app.bsky.feed.post/3mrbhffe6gk2f
kpop photocard,2026-07-22T17:16:01.972Z,kathnotkathy.bsky.social,"First Kpop photocard album ordered 🫶 I have finally outgrown just keeping them in toploaders in a box, lol, I need a system for my babies so I can easily show them off & pick ones to wear on my bag.",1,0,at://did:plc:ou6sfk2dqrnoctmvcj4eayxi/app.bsky.feed.post/3mrat7mxwck2q
kpop photocard,2026-07-21T22:23:41.168Z,belpetit.bsky.social,,7,0,at://did:plc:3bq4bmrzd3qqefjkaebr4brc/app.bsky.feed.post/3mr6twkncg22t
kpop photocard,2026-07-20T19:38:50.068Z,ellywing.bsky.social,"Do it, theres SO many options from kpop photocard books to choose from!! I wanna see more people to just be loud about their love for their characters >:3 esp with the handles its sooo nice!!",1,0,at://did:plc:3hojwcodpglutpcwila5wh7n/app.bsky.feed.post/3mr42b6ir7s2q
kpop photocard,2026-07-17T13:41:54.075Z,shanicetjn.bsky.social,"Bringing the boys out for dinner! 💖 Thank you for drawing them for me, @ruanauden.bsky.social ilysm.

#SajaBoys | #Abby | #Jinu | #Stoof",29,8,at://did:plc:5cnxjkcmcv53p7gydotxl7wp/app.bsky.feed.post/3mqtuvojaus2e
kpop photocard,2026-07-17T11:21:05.970Z,camomille.bsky.social,e quando eu der meu último suspiro saibam que o meu maior feito foi usar guarda photocard de kpop pra levar meu bilhete único igual um chaveiro,3,0,at://did:plc:vowjpd7kfwif2vtbcrofdwc5/app.bsky.feed.post/3mqtn224ims23
kpop photocard,2026-07-16T18:23:19.477Z,lsinthechat.bsky.social,"Selling boy paper on Pocamarket. Check what I’ve got: (I got the Hyunjoong target exclusive up there)

pocamarket.com/s/@sourpuss_...

Please give these paper boys a good home. 

[ #kpop #photocards #ateez #pocamarket #boypaper ]",0,0,at://did:plc:dvzdikrpwaivovw5nbllmuwn/app.bsky.feed.post/3mqru6fyd5s2o
kpop photocard,2026-07-15T19:31:38.572Z,kathnotkathy.bsky.social,"I know I am talking into the void with this one, but: I am sorta confused how few Kpop women stan woman artists. Like I love Yena. I make my own Yena merch. But I have yet to run into another woman or not cis man in the wild who has a lady in their photocard holder. It's always a man.",1,0,at://did:plc:ou6sfk2dqrnoctmvcj4eayxi/app.bsky.feed.post/3mqphjnuozs2n
kpop photocard,2026-07-15T16:03:06.579Z,tinatalkingalone.bsky.social,"dia 03 de férias: decorei e organizei meu álbum de photocard e assisti um video da reconstrução da casa do Ea-Nasir no Minecraft 

engraçado como me acostumo rápido a não trabalhar e estudar",2,0,at://did:plc:jrnrbwvgdiasrl3g75cibtnx/app.bsky.feed.post/3mqp3ugrzb22v
kpop photocard,2026-07-14T21:55:07.877Z,vickychu.bsky.social,"Apareceu gente fazendo grading em Photocard de kpop aqui no Brasil.... Mona, isso nunca vai vingar, tá vergonhoso",0,0,at://did:plc:4b4q3migz5sbpiyvwzmhfa2u/app.bsky.feed.post/3mqn73ecuc22u
kpop photocard,2026-07-14T00:59:46.770Z,koreanwave.bsky.social,"🌍 글로벌 K-POP 반응

[해외반응] 에스파 - 일본 미니앨범 1집 : KISS N TELL (앨범 포장 / 상품 미리보기)

#KPOP #한류 #글로벌반응 #KoreanWave",0,0,at://did:plc:pcepwreewjg6vigw4cxliyxw/app.bsky.feed.post/3mqkywluonz2a
kpop photocard,2026-07-12T19:36:31.865Z,bbarbs.bsky.social,"Tava pensando em levar desses saquinhos com algum docinho, PC, adesivo e chaveiro, mas acho que vou levar só PC e adesivos, pra distribuir na fila acho que vai ser meio ruim, não pretendo chegar muito cedo aí não sei como vai ser",0,0,at://did:plc:j6loih3dp3rdsgz3azmjdcoa/app.bsky.feed.post/3mqhweyq7us24
kpop photocard,2026-07-12T01:17:16.275Z,superfnd.bsky.social,Sponsored Ad - 2 Pcs Kpop Photocard Holder PC ... Major Rave ⋮ • Compact and lightweight design for easy carrying #KPopMusic affiliate link.,1,1,at://did:plc:pzhlhuaibdm4rkqdmczcoi5n/app.bsky.feed.post/3mqfyxzdbgm22
kpop photocard,2026-07-12T01:17:11.972Z,kiitnreviews.bsky.social,Sponsored Ad - 2 Pcs Kpop Photocard Holder PC ... Major Rave ⋮ • Durable hard shell protective sleeves for safeguarding photcards and ID badges #KPopMusic affiliate link.,0,0,at://did:plc:btlzxpao25tto3rjlpdralg3/app.bsky.feed.post/3mqfyxvkd5n25
kpop photocard,2026-07-10T08:45:51.875Z,tenredpencils1.bsky.social,I don’t really know anything about sports but my daughter tells me this is her bias in the football,9,1,at://did:plc:6ondk6v3qtuo3aqgak7v44jn/app.bsky.feed.post/3mqbr3zqchc2y
kpop photocard,2026-07-08T02:30:10.227Z,kpop-nsfw.bsky.social,"aespa Shin Ramyun – photocard found!

https://www.kpopnsfw.com/282821/aespa-shin-ramyun-photocard-found/

Follow-up to my post 2 weeks – can confirm that there is a photocard in the 4 pack that says ""photocard inside."" Now I wonder if there are ones with the individual photocards in North America!",0,0,at://did:plc:vlihmzxvpwjondmxahcpgke6/app.bsky.feed.post/3mq436oyqyz2u
kpop photocard,2026-07-06T14:42:44.131Z,reservatory.bsky.social,"14.  Your favorite kpop photocard.

This is my favorite.  Because I say Jungwon is my precious, handsome, and talented son that I birthed and raised (you know, because I'm old enough to have birthed and a raised him) and he's holding an octopus plush and I LOVE octopodes.",1,0,at://did:plc:lrc2ft5khsyazut7mgg2r6h4/app.bsky.feed.post/3mpyd6pps5s2x
kpop photocard,2026-07-06T03:35:05.837Z,muva-rakuten.bsky.social,"友達に勧められて聴いたら一発で気に入った一枚。『防弾少年団 BTS - In The Mood For Love Part. 1 (3rd Mini) [PINK ver.] CD+Photobook+Photocard K-POP KPOP [韓国盤]』

商品ページはこちら！

#PR",0,0,at://did:plc:qimtgi33gkhroitggfrb56nm/app.bsky.feed.post/3mpx5uxcgw322
kpop photocard,2026-07-04T12:17:09.026Z,superfnd.bsky.social,"Kefley Photocard Holder Keychain Kpop Photo Card... Popular ⋮ • The use of acrylic in creating protective cases, such as those for photo cards and ID cards, has become increasingly popular #KPopMusic #ad",0,0,at://did:plc:pzhlhuaibdm4rkqdmczcoi5n/app.bsky.feed.post/3mpt24mqth52m
kpop photocard,2026-07-04T12:17:06.121Z,kiitnreviews.bsky.social,"Kefley Photocard Holder Keychain Kpop Photo Card... Popular ⋮ • Its applications extend beyond industrial uses, as it has become a popular choice for artists and designers seeking to create visually .. #ad",0,0,at://did:plc:btlzxpao25tto3rjlpdralg3/app.bsky.feed.post/3mpt24jr5uq2b
kpop photocard,2026-07-03T23:12:09.932Z,starwoo.atiny.social,eu gostaria sim que as conversas entre fãs de kpop girassem menos em torno de photocard,2,0,at://did:plc:jocvz5to4pzadyvcxarueivy/app.bsky.feed.post/3mproaxqdrk2u
kpop photocard,2026-07-02T21:06:41.723Z,reviewercaptain.bsky.social,"The Lora Rossie Kpop Photocard Binder includes 50 holographic sleeves and 10 Korean stickers, making it a… https://reviewercaptain.com/dp/b0c3vqg4rc?t=eyJhbGciOiJIUzI1NiIsInR5cCI6IkpXVCJ9.eyJhc2luIjoiQjBDM1ZRRzRSQyIsInRhZyI6InRpZnhjaGFhMy0yMCJ9.pw6L9FxFrGoWI6xMDHdkA3wSlOOtYaM3MwVzCIlQVlM",0,0,at://did:plc:ycn7j2zzwepmmipil3ywtval/app.bsky.feed.post/3mpowrobae52r
kpop photocard,2026-06-30T22:50:59.826Z,cydneyjt.bsky.social,this is gonna be fun 🙂‍↕️,35,0,at://did:plc:5xxoh6efyodv7cidx6c5f2ci/app.bsky.feed.post/3mpk3objjuc2d
kpop photocard,2026-06-30T15:56:09.520Z,ascoresdalua.bsky.social,"Thank you for the art share! 

I do lots of OC art and I'm in a bit of a 2D flat style moment right now 😌

🌸 ascoresdalua.carrd.co",13,6,at://did:plc:cfujjxh2v2f4j2araorlfwyp/app.bsky.feed.post/3mpjedh2bt22o
kpop photocard,2026-06-30T01:54:27.132Z,caseyorbits.bsky.social,12. loona ++ limited b version was the first kpop album i ever purchased :),9,2,at://did:plc:obzc532pt7yho4uhbbd7phgh/app.bsky.feed.post/3mphvgzks7c2e
kpop photocard,2026-06-27T16:16:37.865Z,cromerhearts.bsky.social,IMF CUKING SHAKING? THIS IS MY BIGGEST ISO HJ PHOTOCARD AND ITS $10 AT THE KPOP STORE,14,0,at://did:plc:xrl4ryy4ib3iyn6crqiblon7/app.bsky.feed.post/3mpbua5revk2y
kpop photocard,2026-06-23T23:29:19.968Z,psaart.bsky.social,"Preorders are open for new designs! This is your best chance at getting photocard holders if you don’t go to my conventions since I sold out of almost all of my last designs 🤯

#photocards #mpreg #sillyart #smallartist #kpop #artistalley",4,0,at://did:plc:ujlydrrqkcr6zx7x6xcnenvv/app.bsky.feed.post/3moykkcvypc2c
kpop photocard,2026-06-22T14:15:20.362Z,xdolls091.bsky.social,"OREO 【特価セール】「当日発送」BTS × OREO コラボクッキー300ｇ +arih noodle+photocard BTS OREO / BTS オレオ/ 防弾少年団 / 韓国お菓子 / 韓国
1599円❣️ m.qoo10.jp/su/146727102...

#bts #bts交換",0,0,at://did:plc:dakomgmslhwa5xfczqlmazgd/app.bsky.feed.post/3mov34ulgxc2v
kpop photocard,2026-06-21T00:44:01.963Z,yepsang.bsky.social,"if i make a store im making tmnt n sonic photocard holds and one will be ""the ultimate lifeform"" and a buncha kpop characters in the style of cookie run cookies and decorated sleeves",0,0,at://did:plc:rli3uy75nxg7xyujasbohlyo/app.bsky.feed.post/3mor5dasrnc2a
kpop photocard,2026-06-20T03:21:11.061Z,mandaleigh.bsky.social,"Listen, decisions were made today, okay. Were they good ones? Up for debate. (Hella bday month treatsie #4)",0,0,at://did:plc:34b5u75c6zr4xfd5iuziodu2/app.bsky.feed.post/3moovn5ksis2n
kpop photocard,2026-06-19T01:57:05.663Z,roxaskitax.bsky.social,Panya sent me the cutest handmade photocard topholders and keychains of my favorite kpop bias'! I love them so much! 🤩💜,6,0,at://did:plc:y4qd7fo6mt6llooc7qbz4oet/app.bsky.feed.post/3momahprza22f
kpop photocard,2026-06-18T17:01:07.462Z,themewizz.bsky.social,"MIRAE Marvelous 3rd Mini Album Preppy Version CD+80p PhotoBook+1p PhotoCard+1p Student ID Card+1p School Record Card+Mirae Time Table+1p Stationery Sticker+Tracking Kpop Sealed

🛒 Check on Amazon: https://www.amazon.com/dp/B09QG8PPLH/?tag=sersart2024-20",0,1,at://did:plc:hxmwhrfbn5u5krqht2gpa6td/app.bsky.feed.post/3molcjnvs7u2v
kpop photocard,2026-06-17T22:28:23.172Z,oddeye.bsky.social,"I kid you not, the right picture? Yeah, they had it printed as a photocard next to the cash register of a kpop store I went in Hongdae 😂",4,0,at://did:plc:5rrrltrbmbzwmfvhdozk6hau/app.bsky.feed.post/3mojedwuguk2p
kpop photocard,2026-06-17T08:08:39.063Z,taetaetoofs.bsky.social,Today I discovered that Ian McKellen is returning as Gandalf for the Gollum prequel and it's literally the most joy I've felt all year. 😭 Dat's my emotional support wizard. Like I am THIS 🤏🏻 close to putting a Gandalf photocard in a little kpop frame,6,0,at://did:plc:uqp4m5erqpfrp5gudp6smqwg/app.bsky.feed.post/3mohucl5kr22g
kpop photocard,2026-06-16T11:00:25.980Z,kpop-nsfw.bsky.social,"ROSÉ | BLACKPINK x Tamagotchi Photocard

https://www.kpopnsfw.com/272418/rose-blackpink-x-tamagotchi-photocard-2/

ROSÉ | BLACKPINK x Tamagotchi Photocard",0,0,at://did:plc:vlihmzxvpwjondmxahcpgke6/app.bsky.feed.post/3mofngugqhi2t
kpop photocard,2026-06-15T20:30:14.363Z,kpop-nsfw.bsky.social,"ROSÉ | BLACKPINK x Tamagotchi Photocard

https://www.kpopnsfw.com/272128/rose-blackpink-x-tamagotchi-photocard/

ROSÉ | BLACKPINK x Tamagotchi Photocard",0,0,at://did:plc:vlihmzxvpwjondmxahcpgke6/app.bsky.feed.post/3moe4stghcq27
kpop photocard,2026-06-15T15:38:49.466Z,totallynotskoden.bsky.social,gofundme to develop Kpop Photocard Tycoon on all platforms,3,1,at://did:plc:taxwbwo4ppfxpcagwaia2mjq/app.bsky.feed.post/3modmjqtwqc2j
kpop photocard,2026-06-15T02:05:36.159Z,kpop-news.bsky.social,"#kpop #photocards #collecting

www.dojeonmedia.com/post/more-th...",0,0,at://did:plc:i44lrs34rpwlnyqnytyipza6/app.bsky.feed.post/3moc73cbsts2t
kpop photocard,2026-06-14T14:54:04.564Z,iseult-variante.bsky.social,"Soooo… does anyone have recommendations about where to get kpop binders and photocard holders? I… I have filled the random “oh I just need somewhere to keep these ones I got for free when I went to see the movie, isn’t that lovely?” binder and now am at “But I need to wear my boys!” 😅😂💖",1,0,at://did:plc:ebbi6drkganjvkdze2ww455t/app.bsky.feed.post/3moazkpvf5s23
kpop photocard,2026-06-11T18:56:34.465Z,jojostory.net,"NEW STUFF IN SHOP HURRAY! jojostoryart.etsy.com

#art #tamagotchi #legendoflegaia",9,2,at://did:plc:b2744nbte7aenxuzkysc2uba/app.bsky.feed.post/3mnzvofqrm22t
kpop photocard,2026-06-11T14:18:17.263Z,ilecre.bsky.social,pesquisando fichários A5 na feira do rolo online (shopee aliexpress etc) descobri o conceito de binder e photocard de kpop... chocante perceber que ainda existe coisas tipo identidade de Rebelde. o capitalismo não descansa,0,0,at://did:plc:aioannoxosyngpfomg5t4mob/app.bsky.feed.post/3mnzg5y23rs2c
kpop photocard,2026-06-10T18:56:20.767Z,beanutbuttered.bsky.social,"unfortunately etsy has slop but also some real gems. however some places that sell binders and other collection goods will also have cute holders, i like mandu deco's selection: mandudeco.com/collections/...",1,0,at://did:plc:p7m3nqwru5tvvpgbwscqk64k/app.bsky.feed.post/3mnxfabygyc2s
kpop photocard,2026-06-09T14:00:09.770Z,kpop-nsfw.bsky.social,"ROSÉ – BLACKPINK Deadline Photocard

https://www.kpopnsfw.com/269150/rose-blackpink-deadline-photocard-3/

ROSÉ – BLACKPINK Deadline Photocard",0,0,at://did:plc:vlihmzxvpwjondmxahcpgke6/app.bsky.feed.post/3mnue7s6cyw2k
kpop photocard,2026-06-08T17:38:04.672Z,kaygeeuk.bsky.social,@hpsvanessa.bsky.social in your noodle wanderings have you ever had these? Just having a deep conversation about noodles with my son and he recommended them if I ever see them.,0,0,at://did:plc:2w4qzgw63ku6rbewjzj6hunx/app.bsky.feed.post/3mns7wbqw2c2p
kpop photocard,2026-06-06T22:47:01.661Z,endormoo.bsky.social,The pulls. That Wheein PC is insane.,4,0,at://did:plc:v6wcs64ybz73hvkqviwgh262/app.bsky.feed.post/3mnnqawcakk2y
kpop photocard,2026-06-05T21:30:47.573Z,ruanauden.bsky.social,"photocard couple vgen commission for @shanicetjn.bsky.social ❤️💙 

#vgencomm #vgen",121,43,at://did:plc:7hsbdir6tt523bsnhbncg25s/app.bsky.feed.post/3mnl3jomek22r
kpop photocard,2026-06-04T13:17:29.371Z,shannahbanana.bsky.social,"Since this may be of BTS fandom origins circa 2017, and definitely kpop with that photocard, does anyone on my timeline remember the origins of this?",1,0,at://did:plc:wildxkm7hzegrn4qbczg7vp4/app.bsky.feed.post/3mnhpiw65bs2s
kpop photocard,2026-06-03T10:20:10.462Z,zjsm.zip,people in ancient italy would've loved kpop bsky the way they were talking about this man tbh i realised a while ago that drawing him in the image of jesus christ was probably like their equivalent of making a photocard,2,1,at://did:plc:e27b62phtzr3sjgs3zwdbctq/app.bsky.feed.post/3mnev4urums2i
kpop photocard,2026-06-03T00:10:39.568Z,viawesome.bsky.social,We tried the purple Kpop Demon Sauce at McDonald’s — it’s kinda gross,0,0,at://did:plc:5iyk5puhdm56g3uqvtykkk2i/app.bsky.feed.post/3mndt2yz6ue2d
kpop photocard,2026-06-02T23:52:14.963Z,squamishchief.bsky.social,We tried the purple Kpop Demon Sauce at McDonald’s — it’s kinda gross,0,0,at://did:plc:sarym5p7vrxzdq476oo72w7r/app.bsky.feed.post/3mnds23b77t2m
kpop photocard,2026-06-02T23:49:14.270Z,northshorenews.bsky.social,We tried the purple Kpop Demon Sauce at McDonald’s — it’s kinda gross,0,0,at://did:plc:l3cazudbqn4yc4j3i52owjyq/app.bsky.feed.post/3mndrupftaf2n
kpop photocard,2026-06-02T23:48:19.262Z,thepeaknews.bsky.social,We tried the purple Kpop Demon Sauce at McDonald’s — it’s kinda gross,0,0,at://did:plc:fp5g3ilx7f5gnuq3j6b4hlnr/app.bsky.feed.post/3mndrt2mvdk2w
kpop photocard,2026-06-02T23:48:18.673Z,deltaoptimist.bsky.social,,0,0,at://did:plc:nxvgn33hw5ztfta2wppnnqy7/app.bsky.feed.post/3mndrt2aot72g
kpop photocard,2026-06-02T23:48:18.563Z,piquenews.bsky.social,We tried the purple Kpop Demon Sauce at McDonald’s — it’s kinda gross,0,0,at://did:plc:nqvlaluxf557tez6mlwrnwuw/app.bsky.feed.post/3mndrszvxsl27
kpop photocard,2026-06-02T23:48:18.361Z,richmondnews.bsky.social,We tried the purple Kpop Demon Sauce at McDonald’s — it’s kinda gross,0,0,at://did:plc:a36x33wbsxvcwhxlisgjeepn/app.bsky.feed.post/3mndrsztune2d
kpop photocard,2026-06-01T12:55:20.464Z,greaterhermit.bsky.social,"Bom dia (kpop) para:

- Adeptos do conceito de gerações 3.5 e 4.5
- Quem tem bias que exagerou no lip filler
- COER
- Quem vê cb assim que acorda
- Kpoppers do Paraná
- Quem tem photocard virtual
- Quem NÃO curte um hit dos favs
- IFSJ
- Espectadores de fancam
- Idols desastrados e apreciadores",5,0,at://did:plc:rwgvvnk2ezanytzx3eb6s3ax/app.bsky.feed.post/3mna4ueksxk27
kpop photocard,2026-05-30T19:47:00.771Z,tofuplusbeast.bsky.social,"Picked up my AND2BLE album today and was pleased to discover that apparently ZB1's ASCEND- polca albums made it past The Great Shipping Delay! 

I actually pulled Hao as the store special POB but traded him for Seungeon because he needs some love imo",6,1,at://did:plc:dk5qgps4r4a4p2m4rj2bzsm5/app.bsky.feed.post/3mn3svtwcrk2h
kpop photocard,2026-05-30T16:28:30.864Z,sojunights.certifiednoonas.com,Just got to have a fun kpop in the wild moment when the guy working at the onigiri shop was wearing an Ateez shirt and I was like “hold up!” And showed him my Hongjoong photocard in my phone and we had a lovely chuckle together,6,0,at://did:plc:pedk6gza6l3vqvz5qdmv66m6/app.bsky.feed.post/3mn3htuom2c2y
kpop photocard,2026-05-30T15:50:19.861Z,augurstrace.bsky.social,I should get a decorated photocard of rolfe like he’s my kpop bias,0,0,at://did:plc:t5u5gqujsa4x65wmorippyw7/app.bsky.feed.post/3mn3fplu7ck2q
kpop photocard,2026-05-28T21:38:56.178Z,mollymaukery.bsky.social,engual meus photocard de kpop que separo por era,1,0,at://did:plc:hmrczytin6o7q2jg3zzjb3im/app.bsky.feed.post/3mmwyb45oi22p
kpop photocard,2026-05-28T04:31:42.068Z,getlit.bsky.social,"does any kpop group have upside down photocard??? 

if not, i would love to see a upside down pc set soon please",2,0,at://did:plc:pt3fpsymwn7gifmpxdu52frm/app.bsky.feed.post/3mmv6ubzzg22s
kpop photocard,2026-05-26T16:05:49.576Z,nicorobyn.bsky.social,adoro usar meu ciptea como se fosse photocard de idol de kpop,0,0,at://did:plc:df33xxhdgc7ds5dua6uno2dk/app.bsky.feed.post/3mmrepmnjek2w
kpop photocard,2026-05-26T12:47:50.666Z,cixatrix.bsky.social,"my sona in different AUs! me as a D&D character and me as a KPop demon hunter + my friends' group!

#sona #art #oc",11,3,at://did:plc:bxsqp6vvrva5cfysnpqrvwyt/app.bsky.feed.post/3mmqzn47wws2d
kpop photocard,2026-05-25T14:39:28.671Z,fearlessbiped.bsky.social,"💕 30 Day Bias Challenge! 💕
#Kpop #SKZ #Hyunjin

Day 30: your fave photocard ✅

LAST DAY of the challenge! Thanks for putting up with these daily posts. I couldn’t choose just ONE photocard, so I went through my official collection and picked my top 3. 🫶",1,0,at://did:plc:rzwnwcyop6sjefaedsrovxnl/app.bsky.feed.post/3mmopg5g7kc2q
kpop photocard,2026-05-24T22:35:05.559Z,saetbyeol.fyi,i knew buying that sanrio puni from mercari japan would be dangerous bc now i have these chuus on the way too. i initially looked at hongjoong but honestly i own over 500 hongjoong photocards and i really wanna expand my chuu collection. i might move her into a binder by herself i love her so bad.,5,0,at://did:plc:n36p7pf7jjymnuzutirhygar/app.bsky.feed.post/3mmmzjmcfzk2y
kpop photocard,2026-05-23T11:49:52.061Z,tofuplusbeast.bsky.social,"AND2BLE's new mascot scrimblos are very different from the zeroni/EVNNIEZ and I do appreciate them in their own way. 

But Maengdangie (Gyuvin's gormless mango puppy creature) has a certain ""Father, I frew up"" energy to it that I fear I adore terribly",4,0,at://did:plc:dk5qgps4r4a4p2m4rj2bzsm5/app.bsky.feed.post/3mmjeyzcs6c2y
kpop photocard,2026-05-23T00:06:07.261Z,tropicatteru.bsky.social,ah mas se as kapopeira compra photocard de kpop noooooooossaaaaaaaaaa,2,0,at://did:plc:e2f3gokuqsb234jxbx32t2nc/app.bsky.feed.post/3mmi5oquuwc2p
kpop photocard,2026-05-22T22:21:41.563Z,heliumbunny.bsky.social,"I think I've rolled a Sakura photocard literally every single time I've bought a le sserafim album, omg",11,1,at://did:plc:t5dhrronge3ercqy3e3zjo2b/app.bsky.feed.post/3mmhxtoa4sc2j
kpop photocard,2026-05-21T21:59:06.966Z,causticstarfish.bsky.social,"also wanted to add onto this with the lovely mail and goodies from @lemonberryy.bsky.social as well!! 🥹💚💙I am still smiling so big + gasped out loud when first opening it,, all of the stickers and extra goodies are SO cute, and was so surprised by the lilianne photocard art !! 😭💕thank u so much :D!!",14,2,at://did:plc:zvgdw4xvj45bjswhecrs3lin/app.bsky.feed.post/3mmfg4jcvac2t
kpop photocard,2026-05-21T09:58:04.866Z,xmorriganx.bsky.social,cuando empecé en el kpop en 2011 no me esperaba que 15 años después acabaría medio pedaleta en un bar con un señor enseñándome un vídeo de jungkook después de sacar mi photocard de martin,0,0,at://did:plc:sm26i5lu46qqgy6vl5anun6c/app.bsky.feed.post/3mme5tgmnd22p
kpop photocard,2026-05-21T03:24:57.462Z,fleshverse.bsky.social,had to make a second shelf for my kpop albums bc i was straight up out of space on the top 😭😭,5,0,at://did:plc:t6kndnf5wtz7og6ggdibp5ih/app.bsky.feed.post/3mmdhubkw7s2u
kpop photocard,2026-05-20T23:57:09.464Z,tofuplusbeast.bsky.social,"Saw this official photocard and immediately started laughing so hard I nearly choked

Taerae doing his best Divine impersonation",8,0,at://did:plc:dk5qgps4r4a4p2m4rj2bzsm5/app.bsky.feed.post/3mmd4aqpoms22
kpop photocard,2026-05-20T09:40:20.265Z,brieyume.bsky.social,Amg isso eh coisa de kpop eu sou fã da MAQIA banda japonesa indie total q se apresenta em casa de show com capacidade pra 200 pessoas nao existe coisas assim da MAQIA 😭😭 eu nao sei nem daonde saiu O PRÓPRIO PHOTOCARD pq eu nunca vi vendendo nos shows mas nao eh fanmade pq é foto q nao existe por aí❓️,1,0,at://did:plc:nhnuha5wldbqgjqsfgkhmcfa/app.bsky.feed.post/3mmbmerdxuk2z
kpop photocard,2026-05-19T13:40:43.274Z,diabanecessaria.bsky.social,vagabundo fazendo festinha temática pra comemorar que o neymar foi convocado mas a fanática doida sou eu que tenho um photocard de kpop no fundo do celular,22,11,at://did:plc:6okrjndzd25npaagde5i3kju/app.bsky.feed.post/3mm7jdonpqs2j
kpop photocard,2026-05-19T12:27:59.866Z,bwizzyart.bsky.social,"Updated Mina with the photocard I'm giving to the friend I'm going with 😊✨

#kpop | #mina | #TWICE",4,1,at://did:plc:yogylauwbn4tvmarbphuwvnq/app.bsky.feed.post/3mm7fbgners2t
kpop photocard,2026-05-18T13:29:57.260Z,diabanecessaria.bsky.social,com mais de um década nesta indústria vital (kpop) pela primeira vez depois de me tornar uma marmanja veia eu comprei uma capinha transparente pra andar com photocard atrás,0,0,at://did:plc:6okrjndzd25npaagde5i3kju/app.bsky.feed.post/3mm4ybjdkzs2x
kpop photocard,2026-05-18T09:53:30.163Z,sharkillicious.bsky.social,"For any XLOV fans, it's the first time my shop is doing an official collab to have our own exclusive Photocard!
It's in very small quantities since it's our first time, but that means there will literally be only 50 PCs per member of these worldwide, so super exclusive.

ipurple.eu/gb/kpop/brow...",2,2,at://did:plc:khf4wlkqajwa255jndmz5p62/app.bsky.feed.post/3mm4m6c5jv22v
kpop photocard,2026-05-17T18:43:43.761Z,hypotheziz.bsky.social,"some time ago I got two of the keel freezis photocards from the 2021 daughter of evil musical, just for fun

I now have a violent urge to get the other keel photos... is this how kpop photocard collectors feel",2,0,at://did:plc:hq3bagzlo2iactirmde22o5w/app.bsky.feed.post/3mm2zdv5hu227
kpop photocard,2026-05-17T18:35:56.062Z,bisnaguinha.bsky.social,achei meus photocard do artms onde guardo minha thong e harness aiiii e eu surtando pela casa toda,4,0,at://did:plc:svnkj6drvqqv5ynf2c7lzu3u/app.bsky.feed.post/3mm2yvkonzs24
kpop photocard,2026-05-17T12:45:06.467Z,rrrrosie.bsky.social,"For the record, i've been a kpop fan during my teenage years for a long time, as well as an anime and vtuber fan but I never got into photocard collection. Esp when I became a vtuber fan, my standards with merch changed so much and I prefer usable merchs now. Manhwa/kr goods doesn't entice me +",2,0,at://did:plc:6irdduijpywyq5txepo3tvfk/app.bsky.feed.post/3mm2fcd72vs2i
kpop photocard,2026-05-16T21:09:58.962Z,singularitae.bsky.social,"Fui no negocin de kpop que teve aqui e comprei um D-Day que tava escrito que era incompleto, a menina me falou que não vinha photocard. Aí eu abro a caixa e tem DOIS photocards ? Não tô reclamando mas tô confusa",0,0,at://did:plc:sot6bxuz4f7yx6nknnoqbfjk/app.bsky.feed.post/3mlyr2ayfic2u
kpop photocard,2026-05-16T14:55:41.172Z,shannonmanorart.bsky.social,"Day 2 is underway for RangerStop!
I found my photocards so now I can give away some freebies if you get a Huntr/x print ✨",10,3,at://did:plc:efssvhyx7tvqz5nk3xxhtuy6/app.bsky.feed.post/3mly44vimws2e
kpop photocard,2026-05-15T15:04:06.766Z,nctsmtown.sino.blue,"Get the exclusive version of TAEYONG 【WYLD - The 1st Album】 with an additional photocard at KPOP NARA

Zine Ver. (KPOP NARA Exclusive) TAEYONG.lnk.to/WYLD_kpopnara_… 
Jewel Case Ver. (KPOP NARA Exclusive) TAEYONG.lnk.to/WYLD_kpopnara_…

EVERYTHING, ALL AT ONCE, NEO
2026NCT.COM 

#TAEYONG
…Read more",0,0,at://did:plc:ywadxlt7mmnwljf56eafhhbu/app.bsky.feed.post/3mlvm54nxwk2c
kpop photocard,2026-05-14T20:20:43.465Z,ppulhoonie.bsky.social,o 9 ano foi pessimo mas sinto falta de estar tacando o fodase pro padrao e nao ter vergonha nenhuma de falar sobre kpop plus andar com photocard,0,0,at://did:plc:kvtby2x22yso6cdribvs67ze/app.bsky.feed.post/3mltneevgbs2x
kpop photocard,2026-05-14T11:36:06.863Z,greaterhermit.bsky.social,"Bom dia (kpop) para:

- Quem shippa idol não coreano
- Fãs de conceito verão
- MYs
- Quem tem bias com notícia de namoro
- Quem tem photocard na mochila
- Espectadores de Workdol
- Quem celebra aniversário de idol
- Quem já sofreu por ume Jeong
- Órfãos do GFriend
- Idols palhaços e apreciadores",7,0,at://did:plc:rwgvvnk2ezanytzx3eb6s3ax/app.bsky.feed.post/3mlspzpvz5c2h
kpop photocard,2026-05-13T19:30:41.870Z,madeinbajor.bsky.social,"#bajo39976
(Desabafo)
O que mais me chamou atenção no desabafo é que é uma menina terminando com um menino e não o contrário. 
Geralmente são os caras que terminam por causa de Kpop #furafila",1,0,at://did:plc:cqd6qfgwzlepjoynthpj6wau/app.bsky.feed.post/3mlr23y4f7b24
kpop photocard,2026-05-12T09:04:48.063Z,vixxsofa.bsky.social,"Alright so the good news is my new nct albums are bangers and go great in my noisy little car. The bad news is they came with a T***l photocard. 

Time for another burned offering to the kpop gods like I did with K*** W* I reckon!",12,0,at://did:plc:wmrxib2w6isdvfzfsrerunpg/app.bsky.feed.post/3mlngntsb5s2b
kpop photocard,2026-05-10T19:35:36.562Z,bwizzyart.bsky.social,"Prepping for TWICE in June with some little crafted photocard holders 🩷🫰

#kpop | #momo | #mina | #TWICE",1,1,at://did:plc:yogylauwbn4tvmarbphuwvnq/app.bsky.feed.post/3mljixthe222b
kpop photocard,2026-05-08T09:55:18.868Z,elicoptere.bsky.social,Made an Armand kpop photocard because life is short and I have freewill. Also crochet boy,1,0,at://did:plc:b253z45uq2nrd76ej6yzbwis/app.bsky.feed.post/3mldhm37mlk2r
kpop photocard,2026-05-07T17:22:00.868Z,nerdjoy.social,"I got my EXO-L membership package delivered today. I am nerdy excited because this pink jumpsuit SUHO poca with the black tarp behind him and those wire rim glasses look like SMTOWN LA. I checked other selfies he shared and it matches!

I WAS WITHIN A 1 MILE RADIUS WHEN THIS SELFIE WAS TAKEN.",9,0,at://did:plc:ljt44jipiamukt3bxruc34i3/app.bsky.feed.post/3mlbq437a4k2z
kpop photocard,2026-05-07T17:17:25.763Z,crowdraws96.bsky.social,"Kpop photocard

Tried keeping it a bit simpler today!
I want to work on my fundamentals a bit more though

#mermay2026 #mermay",2,0,at://did:plc:z6pdms2o5zzkjfrd65j7xcq2/app.bsky.feed.post/3mlbpu4kjdc2p
kpop photocard,2026-05-07T11:32:16.572Z,greaterhermit.bsky.social,"Bom dia (kpop) para:

- Quem tem photocard na capinha do celular
- Quem já votou em music show
- Ex-espectadores de Sixteen
- Flovers
- Collectors
- Frequentadores do Wabar
- Quem já fez cosplay de idol
- Portadores de Moabong
- ADMs de grupos de kpop
- Idols com ensino superior e apreciadores",7,0,at://did:plc:rwgvvnk2ezanytzx3eb6s3ax/app.bsky.feed.post/3mlb4kvpi3s23
kpop photocard,2026-05-06T19:49:18.764Z,ladyarmelia.bsky.social,"As crianças aprendendo cultura (decorar toploader de photocard de kpop) cada vez mais novas, isso é lindo 🤧",1,0,at://did:plc:7blkbry7z5sz5qseix3swmgd/app.bsky.feed.post/3ml7hutv3cc2u
kpop photocard,2026-05-05T01:02:47.963Z,frrms.blacksky.app,"Friend is teaching me about Kpop girl paper (artist photo cards), and the connection to Motown is fascinating. Black Americans be doing the damn thing

www.instagram.com/reel/DSN4sLD...",1,0,at://did:plc:7o55wjsyg2ylsmlr5to6gb67/app.bsky.feed.post/3ml2yhkpqzc2t
kpop photocard,2026-05-02T19:26:10.161Z,berdsie.bsky.social,ngl kinda understand the kpop stans with their little photocard holders of their pretty girls and boys and then there's me who wants a holder for... yeah,2,0,at://did:plc:b5ig5j7tjzfsissinathmfng/app.bsky.feed.post/3mkvepnjtp22c
kpop photocard,2026-05-02T11:54:53.769Z,greaterhermit.bsky.social,"Bom dia (kpop) para:

- Fãs de conceito polícia
- Quem é ISTP 
- Caçadores de interação em show
- Neverlands
- Quem já comprou photocard e nunca recebeu
- Quem tem bias que cursou a Hanlim
- Autores de fanfic
- Estudantes de coreano no duolingo
- Quem já sofreu por um Choi
- Idols 30+ e apreciadores",18,2,at://did:plc:rwgvvnk2ezanytzx3eb6s3ax/app.bsky.feed.post/3mkulir3b7k2j
kpop photocard,2026-05-01T18:15:56.368Z,yukiakari-mp3.bsky.social,so close to just saying Fuck It and attaching a yuma photocard to my backpack like a cringe kpop teenager (affectionate),3,0,at://did:plc:vpcrimnjcya3uc34swdmuytv/app.bsky.feed.post/3mksqdcxwmc23
kpop photocard,2026-05-01T18:03:56.060Z,belpetit.bsky.social,Quiz: quantos photocard tem no montinho,3,0,at://did:plc:3bq4bmrzd3qqefjkaebr4brc/app.bsky.feed.post/3mksovbmgv22w
kpop photocard,2026-05-01T00:00:14.173Z,kpop-nsfw.bsky.social,"A Wonyoung photocard makes an appearance in kdrama Sold Out on You.

https://www.kpopnsfw.com/253012/a-wonyoung-photocard-makes-an-appearance-in-kdrama-sold-out-on-you/

A Wonyoung photocard makes an appearance in kdrama Sold Out on You.",0,0,at://did:plc:vlihmzxvpwjondmxahcpgke6/app.bsky.feed.post/3mkqt3xv4sh2e
kpop photocard,2026-04-30T18:50:52.370Z,41207.bsky.social,kpop photocard holders on my bag but you looked too close and it’s the guys from jackass,0,0,at://did:plc:ik2ejy3h6umc5vap66lajgci/app.bsky.feed.post/3mkqbsrwgqc2j
kpop photocard,2026-04-28T20:51:13.364Z,belpetit.bsky.social,Chegou simplesmente a marmita de photocard,2,0,at://did:plc:3bq4bmrzd3qqefjkaebr4brc/app.bsky.feed.post/3mklgrpk2kc2m
kpop photocard,2026-04-28T02:47:12.952Z,girassoldonam.bsky.social,"Fiquei muito nostálgica heheheh

Quando conheci a cultura de photocard no kpop, é claro que me identifiquei 💜",0,0,at://did:plc:52akysjfzxdsndfhy4gsfjvg/app.bsky.feed.post/3mkjkzrszik2y
kpop photocard,2026-04-26T13:02:32.950Z,fairiesoph.bsky.social,"I was recording some oshikatsu suff and my oshi or bias (cuz kpop) anywho he takes really bad selfies and in two of my videos you can barely see him on the photocard because the photo that he took of himself is blury and I honestly just can't everytime I look at the photocard 🤣🤣😅

#jiraisky",1,0,at://did:plc:zrqn6bg7x3fhporgudqlhyko/app.bsky.feed.post/3mkfmiblcsc2n
kpop photocard,2026-04-25T12:16:13.048Z,superfnd.bsky.social,Sponsored Ad - 2 Pcs Kpop Photocard Holder PC ... A Top Seller ⋗ • Compact and lightweight design for easy carrying #KPopMusic #advert,0,0,at://did:plc:pzhlhuaibdm4rkqdmczcoi5n/app.bsky.feed.post/3mkczgixw4z2j
kpop photocard,2026-04-25T12:16:09.250Z,kiitnreviews.bsky.social,"Sponsored Ad - 2 Pcs Kpop Photocard Holder PC ... A Top Seller ⋗ • This trend has sparked concerns about the commodification of fandom, with some critics arguing that it undermines the artistic valu... #advert",0,0,at://did:plc:btlzxpao25tto3rjlpdralg3/app.bsky.feed.post/3mkczgfk2h62s
kpop photocard,2026-04-24T18:39:11.153Z,tinykooandmikey.bsky.social,Why does this lowkey look like a Kpop photocard?!!! Why is Michael here acting like the 8th member of BTS?!! I’M CRINE 😭😭😭😭😭😭😭😭,0,0,at://did:plc:bvrawoup4yccxwrxacdmikc4/app.bsky.feed.post/3mkb6ebcxws2b
kpop photocard,2026-04-23T21:41:36.373Z,mayugebeam.bsky.social,"pra ver o quão mais fácil tá hoje em dia, o motivo pelo qual minha prima pediu pra eu pegar uns quando soube que eu tava indo na liba foi porque uma semana antes ela tinha ido em APARECIDA DO NORTE e viu uma barraquinha de photocard de kpop na feirinha de lá, mas não tinha grana pra comprar nada",0,0,at://did:plc:im3eg5rd3nxnz4ap6frvlayx/app.bsky.feed.post/3mk6y3ni7l22a
kpop photocard,2026-04-23T21:36:03.348Z,mayugebeam.bsky.social,"tá bem fácil pra geração nova, né? na época que eu era adolescente e curtia muito kpop, não se achava naaaaaaaaaaaaaaada disso aqui! na liberdade tinha uma coisinha ou outra e era tudo bem caro

hoje vc entra na sogo e dá de cara com uma loja gigante, lotada e cheia de photocard baratinho",1,0,at://did:plc:im3eg5rd3nxnz4ap6frvlayx/app.bsky.feed.post/3mk6xrplxu22a
kpop photocard,2026-04-22T19:55:30.548Z,cherryvenom.bsky.social,"thank you for the art share and happy lesbian visibility week!
i'm dio, a lesbian that likes to draw lesbians (here is a small collection of lesbians from my brain)",5,1,at://did:plc:nudevyilp5knekezhnidvb2m/app.bsky.feed.post/3mk4bopkeas2w
kpop photocard,2026-04-21T17:37:01.253Z,bonpoumon.bsky.social,I've been buying kpop photocard holders and putting photos of him in them to ease the pain,2,0,at://did:plc:qaft4kw6q7gdw4twy2ylwhs6/app.bsky.feed.post/3mjzjicajfk2j
kpop photocard,2026-04-21T01:01:56.348Z,seajaill.bsky.social,"OLAAAAA tem algum nctzen por aqui? to vendendo esses photocard do nct e wayv, nao to muito mais fã de kpop e acho q possa ter gente que goste mais e fazer mais bom proveito do que eu

se voces conhecerem alguem que goste pfv divulguem tambem pq eu tb to precisando pagar umas contas kkdkdkek",1,1,at://did:plc:rfccts7gdx6whckv6dca6d7n/app.bsky.feed.post/3mjxruwrdw22t
kpop photocard,2026-04-20T02:29:45.749Z,converseenth.bsky.social,"na vdd toda empresa de kpop faz isso MAS sm como sendo uma das big three pavimentou venda de informações, fas akgaes, mercado paralelo de photocard, um trilhão de fansigns e fazer debut flopado pra depois fazer um comeback c mais midia",1,0,at://did:plc:6tfreeayiktceo3s5t7josbi/app.bsky.feed.post/3mjvgdakgzs2l
kpop photocard,2026-04-19T10:17:49.447Z,gulfchannels.bsky.social,"[LE SSERAFIM] بحاجة إلى مساعدة في التعرف على هذه photocard

https://www.gulfchannels.com/467890/

لذلك حصلت على ألبوم تشيبر أزرق جريء بسعر رخيص جدًا في بلدي، وجاء معه جهاز الكمبيوتر الشخصي هذا. لقد حاولت البحث عنه ووجدت رابطًا لمتجر ماليزي يقول إنه متجر Kpop (المتجر) POB، لكن رابطًا آخر ذكر أنه …",0,0,at://did:plc:nw72geluymj5gzm5zjlta4ai/app.bsky.feed.post/3mjtpzbhtel2y
kpop photocard,2026-04-19T00:25:37.744Z,soottea.bsky.social,"i should get new rigid photocard sleeves for grayson, killian an ral and then take them to the kpop store nearby to use their decoration station",3,0,at://did:plc:dvpgkufgdpoasbcdccr5a4uy/app.bsky.feed.post/3mjsowdz2fc2x
kpop photocard,2026-04-18T15:10:28.656Z,burnintires.bsky.social,caggtus ausbeute,10,0,at://did:plc:eubp5hl6527lctvrrrj3y5cx/app.bsky.feed.post/3mjrpvfxam22m
kpop photocard,2026-04-18T10:44:31.945Z,melobebe14.bsky.social,"I haven’t been reading many books this year but that’s because I’ve been spending a lot of time on this beautiful book of essays by Lee Changsub (was pleasantly bombarded with a bunch of new vocab that I’ve been studying along the way, with a nasty migraine huhu…) 

I adore his deep mind so much ~",6,0,at://did:plc:c6rsmxlomext2wcio7mcaima/app.bsky.feed.post/3mjrazw56hk26
kpop photocard,2026-04-17T18:24:00.757Z,lauriri.bsky.social,"errata: o HYYH é R$130!

tô vendendo pra arcar com gastos do tratamento do meu gato ((T_T))",2,3,at://did:plc:t2nkttkuvwvltivykaup6p72/app.bsky.feed.post/3mjpkak7fxc27
kpop photocard,2026-04-17T18:12:26.153Z,lauriri.bsky.social,"VENDO/VENDA ALBUNS DE KPOP

vixx | monsta x | seventeen | bts 

R$150 cada + envio pelo superfrete

• todos em perfeito estado, exceto por pequenas avarias no hhyh pt2 (lombada)
• completos com photocard + respectivos itens
• envio com brindes ✨️
• mais fotos abaixo!",2,6,at://did:plc:t2nkttkuvwvltivykaup6p72/app.bsky.feed.post/3mjpjluubas27
kpop photocard,2026-04-16T14:01:56.960Z,xdolls091.bsky.social,"JYP Entertainment [現場訪問]Stray Kids POPUP STORE SKZOO EVERY WHERE ALL AROUND THE WORLD in SEOUL MERCH PHOTOCARD OT8 SET m.qoo10.jp/su/146241627...

#straykids #straykids交換 #straykids買取 #straykidsすきな人と繋がりたい",0,0,at://did:plc:dakomgmslhwa5xfczqlmazgd/app.bsky.feed.post/3mjml43q3s22q
kpop photocard,2026-04-16T12:14:40.427Z,lovelovemusic.bsky.social,"現場訪問 スキズ

Stray Kids POPUP STORE SKZOO EVERY WHERE ALL AROUND THE WORLD in SEOUL MERCH PHOTOCARD OT8 SET 受付中
www.qoo10.jp/su/146241222...

素敵なビジュ満載で楽しみにしています

ストレイキッズ SKZ STAY Qoo10 ポップアップストア",0,0,at://did:plc:5be7xlf5wn2rkiydep7lcbuc/app.bsky.feed.post/3mjmf5fyows27
kpop photocard,2026-04-16T01:16:09.054Z,superfnd.bsky.social,"Kefley Photocard Holder Keychain Kpop Photo Card... Popular ○ • The incorporation of advanced technologies, like 3D printing and laser cutting, has enabled the creation of complex designs and patterns.. (Ad.)",0,0,at://did:plc:pzhlhuaibdm4rkqdmczcoi5n/app.bsky.feed.post/3mjladwbai42b
kpop photocard,2026-04-16T01:16:06.175Z,kiitnreviews.bsky.social,"Kefley Photocard Holder Keychain Kpop Photo Card... Popular ○ • Item• available in at least two color / pattern options, with one additional option available beyond the standard design #KPopMusic (Ad.)",0,0,at://did:plc:btlzxpao25tto3rjlpdralg3/app.bsky.feed.post/3mjladtwtyp2p
kpop photocard,2026-04-15T15:30:29.962Z,freakingangel.bsky.social,it’s kinda expensive but what i reeaaaalllllyyyy want is 2 get daddy n I both one of the kpop demon hunter meals from McDonald’s 🥺 then i can has Daddy’s photocard this would b soooo nice cuz it’s a special interest of mine owo,10,8,at://did:plc:7pxer37y5lpjk6hmfauss7mo/app.bsky.feed.post/3mjk7mozvzc2a
kpop photocard,2026-04-12T09:38:49.252Z,sjk-d.bsky.social,The photocard machines in kpop stores are addictive 💸 unfortunately the BTS machine was sold out in every store I went too lol,2,0,at://did:plc:ydt5zisc6lew5vkpjy3igo3e/app.bsky.feed.post/3mjc2mfrrjc2i
kpop photocard,2026-04-10T20:16:57.466Z,patsux.bsky.social,binder manufacturers need to thank the kpop photocard and pokemon trading card industries,24,1,at://did:plc:uejod6x6ijdrn3bwt2urwcg7/app.bsky.feed.post/3mj65djofos2j
kpop photocard,2026-04-09T04:50:11.650Z,mechromanced.bsky.social,pulling the photocard of the most popular member in a kpop group but you’re like the only person who bought the album so there’s nobody to trade with 🥴,1,0,at://did:plc:wugsap3owiy52ms6lb2e55yd/app.bsky.feed.post/3mizz27s3bs27
kpop photocard,2026-04-08T21:31:21.955Z,reservatory.bsky.social,Nice mail day! Books and boy paper!,1,0,at://did:plc:lrc2ft5khsyazut7mgg2r6h4/app.bsky.feed.post/3mizajfeei22a
kpop photocard,2026-04-07T21:13:59.363Z,prophetsbones.bsky.social,"Photocards weee-

I love the kpop girlies and their photocard collection binders so much so I kinda have a project to make my own custom binder and cards, but I'm not really feeling the sticker/toploader style so I'll probably just print out screenshots instead :p

#digitalcollage",3,0,at://did:plc:biropx4ufpyyymfuqugocqwj/app.bsky.feed.post/3miwp3cpu6c2o
kpop photocard,2026-04-05T22:58:15.251Z,rosera.bsky.social,i bought the foil extended art to use as a commander but never the rest of the deck cuz i know 0 about mtg 🥹 i might slide it into one of those cutesie kpop photocard holders and put it on an ita bag dedicated to her tbh,0,0,at://did:plc:t4ostj3xiqxcl6oeldw3ynie/app.bsky.feed.post/3mirty55dcc26
kpop photocard,2026-04-05T02:39:22.951Z,razzdazz.bsky.social,I ordered some more custom and secondhand photocards so I'll hopefully fill this lil photocard album,7,1,at://did:plc:y2zexuubmrbyknnxez4j25wj/app.bsky.feed.post/3mippumjzo22e
kpop photocard,2026-04-03T23:19:00.256Z,probioticstan.bsky.social,I’m conjuring a joint kpop photocard + pokemon tcg binder in order to become the most annoying cardboard enthusiast on the planet,2,0,at://did:plc:2eq562rq4p6vr4zfez37ziqw/app.bsky.feed.post/3mimu7fnnxk2e
kpop photocard,2026-04-03T15:59:09.554Z,dailymingi.bsky.social,"A very happy birthday to #Seonghwa from his softest baby #Mingi 

#ateez #dailymingi",16,5,at://did:plc:r5agemfpzvglsidlrktsaav6/app.bsky.feed.post/3mim3mojwms2d
kpop photocard,2026-04-03T05:36:29.555Z,yheela.bsky.social,Speaking of MX and DPR comebacks...,3,0,at://did:plc:rktlzqdba7fibeyjrqhy43fq/app.bsky.feed.post/3mikytgkask2m
kpop photocard,2026-04-02T09:13:40.348Z,transracha.bsky.social,"my first time buying kpop albums in over two years, and i not only pull my ult, but it's also the cutest pc of her i've ever seen 🥹",4,0,at://did:plc:fuxuimirir74ej2dbhpkett7/app.bsky.feed.post/3miiuinxbkk2x
kpop photocard,2026-04-01T23:14:32.249Z,cottna.bsky.social,i got the kpop demon hunter photocard i wanted,8,0,at://did:plc:csqlmjqbmeqfawt3jjy27ujj/app.bsky.feed.post/3mihsziefm22p
kpop photocard,2026-04-01T16:30:08.163Z,kpop-nsfw.bsky.social,"ROSÉ – ‘rosie’ Ball Cap TBL Photocard

https://www.kpopnsfw.com/238146/rose-rosie-ball-cap-tbl-photocard/

ROSÉ – ‘rosie’ Ball Cap TBL Photocard",0,0,at://did:plc:vlihmzxvpwjondmxahcpgke6/app.bsky.feed.post/3mih4gfxv6y26
kpop photocard,2026-03-31T21:42:55.953Z,blazetrends.bsky.social,"McDonald's officially launched the KPop Demon Hunters adult meals today nationwide. The release features a $7.19 Saja Boys Breakfast and an $11.39 HUNTR/X Meal with Ramyeon McShaker fries, plus exclusive photocard collectibles. #KPopDemonHunters #McDonalds #Netflix

blazetrends.com/mcdonalds-kp...",0,0,at://did:plc:ozf55fcugazdqj77nhhstfnu/app.bsky.feed.post/3mif5glz75k2n
kpop photocard,2026-03-26T22:08:18.752Z,snoocupz.bsky.social,"I'm laughing so hard at the Ryland Grace photocard as if hes a kpop idol there are tears in my eyes
Gonna bring this to the cinema, mark my words",10,0,at://did:plc:l6pjctsmotyj2qulumcskk43/app.bsky.feed.post/3mhymjgyip225
kpop photocard,2026-03-25T17:01:14.523Z,seisdefevereiro.bsky.social,"photocard de kpop, bichinho de pelúcia, até mesmo colecionar album de figurinha é tudo caro :( nós e as criancinhas sofrendo",1,0,at://did:plc:jd2avhncezd36extpmahdk4d/app.bsky.feed.post/3mhvkvmvbc22c
kpop photocard,2026-03-25T12:01:01.853Z,ptkorea.bsky.social,"Photocard ID help

https://www.ptkorea.com/593133/

Hi, I obtained some albums for a different kpop group and the person gave me a bunch of different kpop photocards for free. I don’t collect photocards nor do I know the group, so I was wondering if anyone could ID which cards these are? by …",0,0,at://did:plc:hwozq3rgbq5yjow3jbmnphf7/app.bsky.feed.post/3mhv24slqfy23
kpop photocard,2026-03-25T03:35:59.799Z,oliviadunham.bsky.social,if loona hyunjin holding a hashbrown or glitter tears seulgi means nothing to you you need to get out of the polca game,1,0,at://did:plc:yyaxjijuohoedr3ecbgn3qan/app.bsky.feed.post/3mhu5vjudsk2g
kpop photocard,2026-03-24T19:38:26.954Z,feed.igeek.gamer-geek-news.com.ap.brid.gy,"🎮 **The KPop Demon Hunters Stan War Comes To McDonald’s**

The fast food joint is creating exclusive meals based on Huntr/x and the Saja Boys

📰 Source: Kotaku
🔗 Link: https://kotaku.com/kpop-demon-hunters-mcdonalds-meals-photocard-mcflurry-2000681543",0,0,at://did:plc:m2yuqynl2cttvi4k5453yegh/app.bsky.feed.post/3mhtd7q4n3ax2
kpop photocard,2026-03-24T19:36:35.656Z,kotaku.com,The KPop Demon Hunters Stan War Comes To McDonald's https://kotaku.com/kpop-demon-hunters-mcdonalds-meals-photocard-mcflurry-2000681543,5,0,at://did:plc:rf5rjvyifjlycsgeoilzjxag/app.bsky.feed.post/3mhtd4ifc6i2w
kpop photocard,2026-03-20T17:52:39.880Z,jayqdrawings.bsky.social,im genuinely tempted to print this out and decorate him like a little kpop idol,198,60,at://did:plc:iws2g725qdorun22pxavjnch/app.bsky.feed.post/3mhj3gqwuys2r
kpop photocard,2026-03-20T00:10:29.752Z,artanis-rmor.com,"✨ #WoLQotD | #WoLQuestion ✨

If your WoL/OC had a photocard like the Kpop stars do, what would yours look like? Would you have a collection for them?",15,1,at://did:plc:eo6s4kxa2bxuxvgnm7tr5j2w/app.bsky.feed.post/3mhha3optwc2e
kpop photocard,2026-03-19T20:13:51.850Z,shannahbanana.bsky.social,Will I ever top this?  I can even add more pages if I'm careful!,0,0,at://did:plc:wildxkm7hzegrn4qbczg7vp4/app.bsky.feed.post/3mhgsu7ndac2t
kpop photocard,2026-03-19T16:02:03.856Z,lancea.bsky.social,you know the kpop obsession is back full force when you buy that fuckass clear phone case to put your photocard in,18,0,at://did:plc:5fjsmpxezqqkzaguokxg6jep/app.bsky.feed.post/3mhgesa6lf224
kpop photocard,2026-03-19T05:06:58.456Z,necromatador.bsky.social,"In my search for a new durable ID badge holder for work I've stumbled into the kpop/anime photocard keychain world and by god I want several for my OCs.

But man even the generic ones I could use for my ID badge are expensive!!!!!",2,0,at://did:plc:i2wb7ylqqkc66l23wvruscfw/app.bsky.feed.post/3mhfa6vpbrc2b
kpop photocard,2026-03-18T21:00:32.556Z,kpop-nsfw.bsky.social,"GISELLE VER.KA POSTER DESIGN

https://www.kpopnsfw.com/230646/giselle-ver-ka-poster-design/

I was staring at my gunplas and my giselle photocard and i knew i had to do it. So this is for the peeps who are in the hobby lmao",0,0,at://did:plc:vlihmzxvpwjondmxahcpgke6/app.bsky.feed.post/3mheez2u5tm2t
kpop photocard,2026-03-16T16:00:17.964Z,jisungxirino.bsky.social,Hi hi! Im rearranging my collection so give me numbers to pick! (I'll answer when later when im not at work but im excited to show off my pretty boypaper🥰),1,0,at://did:plc:jq7pbprd76v374543kj6srl2/app.bsky.feed.post/3mh6tcco2tk24
kpop photocard,2026-03-15T17:12:49.759Z,jayqdrawings.bsky.social,and what if I printed it out and decorated it with stickers like a kpop idols photocard? what if I used my free will?,4,0,at://did:plc:iws2g725qdorun22pxavjnch/app.bsky.feed.post/3mh4gv3jdqc2i
kpop photocard,2026-03-12T21:04:31.558Z,belpetit.bsky.social,fui abençoada pelos deuses do kpop pq gastei horrores com photocard esse mês e mesmo assim sobrou mais do que costuma sobrar quando gasto com outras coisas,7,0,at://did:plc:3bq4bmrzd3qqefjkaebr4brc/app.bsky.feed.post/3mgvcgogegk2z
kpop photocard,2026-03-12T12:46:27.880Z,lrnpage.bsky.social,2/6 con catalogue,0,0,at://did:plc:sacoyjlaaj7wxlsjmspp5em5/app.bsky.feed.post/3mgugld7f222x
kpop photocard,2026-03-11T18:44:45.851Z,dragonponybrasil.bsky.social,"09.03.2026 [@/TOWER_Shibuya]
[ #タワ渋kpop ]
/
3º EP da #DragonPony ""RUN RUN RUN""
Design exclusivo de bônus da loja Tower Records Shibuya revelado 💫
＼
🎁 Bônus 🎁
① Photocard (4 tipos aleatórios)
② Sorteio (4 tipos aleatórios)
🔗 towershibuya.jp/news/2026/03...

Já estamos aceitando reservas!",0,0,at://did:plc:g6amedxhgpvpq7765jthjx73/app.bsky.feed.post/3mgsk5o627s24
kpop photocard,2026-03-11T01:03:00.759Z,mikotoby.bsky.social,finally the second card arrived…2/9 of my fav kpop group’s sherlock photocard set acquired…hoping i can get all of this rare and ENTIRELY MADE FOR ME set before i croak,4,1,at://did:plc:4gmtpeqywckcrma53mjqlllz/app.bsky.feed.post/3mgqot6rclc2i
kpop photocard,2026-03-10T17:37:54.158Z,belpetit.bsky.social,"queria ganhar 1 photocard por cada mulher que insinua q kpop é ""coisa de adolescente""",6,0,at://did:plc:3bq4bmrzd3qqefjkaebr4brc/app.bsky.feed.post/3mgpvxefwq22a
kpop photocard,2026-03-08T22:36:16.360Z,sevikaloml.bsky.social,Todays kpop wins,5,0,at://did:plc:ssc4qsxn7go7qa5lkbc4cgoo/app.bsky.feed.post/3mglfowfr222f
kpop photocard,2026-03-08T22:26:53.567Z,beamofblossoms.bsky.social,i literally bought a friend a kpop album a few years ago but i never bought one for myself lol!!! never felt the joy of having a photocard of your fav inside your phone case....,0,0,at://did:plc:u45tqwskp744wixjfqkyysop/app.bsky.feed.post/3mglf6bsl7c2v
kpop photocard,2026-03-08T05:54:17.654Z,thatrobyn.bsky.social,"lost the photocard and IMAX card the other day, and I'm distraught, lol. I will be getting more photocards soon hopefully and maybe I'll be insane and by an IMAX card off ebay bc those were my prized possessions lol. First photocard and a memento of the first kpop concert movie I saw.",0,0,at://did:plc:iqheechvhqvxxv5vjxgfmcoj/app.bsky.feed.post/3mgjnpehno22a
kpop photocard,2026-03-08T05:52:17.954Z,thatrobyn.bsky.social,Update: got really into Stray Kids and kpop in general like 4 months ago and it's definitely my new hyperfixation- went and saw Stray Kids: dominATE in IMAX in February and got a collectible card and a photocard of Felix as a freebie (he's cool but Changbin's my bias).,2,0,at://did:plc:iqheechvhqvxxv5vjxgfmcoj/app.bsky.feed.post/3mgjnlskpxs2a
kpop photocard,2026-03-07T19:17:44.754Z,disastershipblonde.bsky.social,"Timezone bump!

Also, show me your kpop photocard holders.",6,3,at://did:plc:qig2llsb6we7hyt3vrs24n24/app.bsky.feed.post/3mgik54uous27
kpop photocard,2026-03-02T23:58:49.561Z,gaystupidcat.bsky.social,"₊˚⊹ ᰔ march #promo #promosky

       ۶ৎ kelly, she/her, 20s, ♉️ ۶ৎ

.✦ ݁˖ kpop (stray kids & girl groups)
.✦ ݁˖ video games (ovw, fe, kh, etc.)
.✦ ݁˖ horror (movies & games)
.✦ ݁˖ sanrio, mofusand, san-x
.✦ ݁˖ photocard collecting
.✦ ݁˖ latte & café obsessed

mdni, 21+ only | ♡ / ↻ appreciated!",28,10,at://did:plc:bf5qetzaa7dpcjuyerwdipw6/app.bsky.feed.post/3mg4hj22zh22s
kpop photocard,2026-03-02T21:50:15.564Z,kuroreim.bsky.social,"Alastor and Lucifer as Kpop Idols and Demon H̶u̶n̶t̶e̶r̶s̶?! 🫣 Photocard design I made for @kpdhxhazbinzine.bsky.social :3 
POs just opened so be sure to check it out and get your copy! 🩷

#Radioapple #Appleradio",237,48,at://did:plc:tkcqe76j2emo7lesjuekehpb/app.bsky.feed.post/3mg4acunxpk2g
kpop photocard,2026-02-28T22:47:30.550Z,lateknightsnack.bsky.social,Also! My coworker who also likes kpop gave me some of her photocards cuz she has other bias. I need a doublesized photocard holder immediately to carry around and display some of these 😭💞,0,0,at://did:plc:j3jrroeemivf5vifuk7vkbaj/app.bsky.feed.post/3mfxclnuh322v
kpop photocard,2026-02-28T22:05:25.750Z,emipuchucha.bsky.social,"Sketch of possible buisiness card (?) based in K-Pop photocard styles haha
#KPop #Photocards #PCs #TCG #BuisinessCard",0,0,at://did:plc:hc34f3vzadmzpr3aoaesc22v/app.bsky.feed.post/3mfxaaawq7c2v
kpop photocard,2026-02-28T14:27:26.966Z,mixxpics.bsky.social,"260225 💬 SNS

#HAEWON #SULLYOON #KYUJIN #BAE #nmixx",14,2,at://did:plc:ner3gsnnizzuyviygukzg3da/app.bsky.feed.post/3mfwgnj5p2k2b
kpop photocard,2026-02-28T11:30:39.655Z,jart-58.bsky.social,"Huntrix + funny kpop photocards

Rumi as EXO Kyungsoo forehead pc 😂

Cheeky repost to fix up the layout, a friend on twt suggested a better way to post this :)
#kpopdemonhunters #kpdh #rumi",13,6,at://did:plc:uddfvz4npy3jya3bvw2onw44/app.bsky.feed.post/3mfw4rfsdz22l
kpop photocard,2026-02-27T17:25:47.251Z,holdmyhandnow.bsky.social,"i'm working on a project about kpop photocard tracking/collecting for my portfolio while i look for my next role 🤘

i'm gathering baseline data for the research phase and it would be super rad to hear about your experiences through this survey! it is anonymous! thank you!

forms.gle/rJUZUZuW3Zoc...",35,39,at://did:plc:hs3rs3g4h72pqjifhazknv7q/app.bsky.feed.post/3mfua5lhd4222
kpop photocard,2026-02-25T15:35:52.458Z,faerieabuelita.bsky.social,I bought my first kpop cd yesterday (txt of course) and the fact that I ended up getting Beomgyu as my first photocard GAH. i’m literally giggling and kicking my feet :3,2,0,at://did:plc:dzbzpjbhj3y6zunxt4cvxp7v/app.bsky.feed.post/3mfoz33cji22w
kpop photocard,2026-02-24T10:08:55.954Z,belpetit.bsky.social,a firma vendo q gastei R$********* em álbum de kpop e photocard mês passado,7,0,at://did:plc:3bq4bmrzd3qqefjkaebr4brc/app.bsky.feed.post/3mflwdntgas2j
kpop photocard,2026-02-24T03:17:20.604Z,superfnd.bsky.social,Sponsored Ad - 2 Pcs Kpop Photocard Holder PC ... Trending ⋗ • Protective sleeves designed to prevent damage from scratches and bending #KPopMusic (Advert.),0,0,at://did:plc:pzhlhuaibdm4rkqdmczcoi5n/app.bsky.feed.post/3mfl7doo4h42w
kpop photocard,2026-02-24T03:17:17.757Z,kiitnreviews.bsky.social,Sponsored Ad - 2 Pcs Kpop Photocard Holder PC ... Trending ⋗ • Protect your cherished K-pop memories with these stylish and functional photocard holders! #KPopMusic (Advert.),0,0,at://did:plc:btlzxpao25tto3rjlpdralg3/app.bsky.feed.post/3mfl7dlz5oi2u
kpop photocard,2026-02-19T14:06:44.154Z,bbunniez.bsky.social,meu único vicio é photocard de kpop,0,0,at://did:plc:34tfl3xgbnb6q4xk4zrkwzf7/app.bsky.feed.post/3mf7rcbwxg22v
kpop photocard,2026-02-19T09:51:43.751Z,gachapyon.co.uk,"Idol A La Mode is a set of ice-cream themed acrylic photocard keychains, perfect for your sweetest oshi!

There's 8 flavours, including Butterscotch, Birthday cake, Strawberry, Mint Chocolate, Ube and more! 

more info below
⤵️

#oshikatsu #jpop #kpop",3,4,at://did:plc:pwzehub4eew77z5x3zcmwlx5/app.bsky.feed.post/3mf7d23tfls24
kpop photocard,2026-02-18T14:25:19.351Z,tofuplusbeast.bsky.social,"Card/comics grading has unfortunately made it to kpop photocard collecting and I for one and ready to see these funko pop assholes be eviscerated online and in person by wonyprincess69 and haobinsleftball, ages 15 and 22 respectively",6,0,at://did:plc:dk5qgps4r4a4p2m4rj2bzsm5/app.bsky.feed.post/3mf5bulku3s2k
kpop photocard,2026-02-18T12:17:20.250Z,superfnd.bsky.social,"Kefley Photocard Holder Keychain Kpop Photo Card... A Top Seller ⊹ • In the case of the Kefley Photocard Holder Keychain, it is priced at $ The intersection of technology and art has given rise to .. #KPopMusic #AdPromotion",0,0,at://did:plc:pzhlhuaibdm4rkqdmczcoi5n/app.bsky.feed.post/3mf52pqr5g22l
kpop photocard,2026-02-18T12:17:17.051Z,kiitnreviews.bsky.social,"Kefley Photocard Holder Keychain Kpop Photo Card... A Top Seller ⊹ • Item• available in at least two color / pattern options, with one additional option available beyond the standard design #KPopMusic #AdPromotion",0,0,at://did:plc:btlzxpao25tto3rjlpdralg3/app.bsky.feed.post/3mf52pncglp2n
kpop photocard,2026-02-18T07:24:26.651Z,smolminimonnie.bsky.social,So apparently Pokemon scalpers/scammers are trying to enter the kpop photocard business? GTFO here with that.,3,0,at://did:plc:cartj6kjebofjxnbkbrippru/app.bsky.feed.post/3mf4kdy6gh22w
kpop photocard,2026-02-15T23:50:35.051Z,mainewitch.bsky.social,I am not a photocard collector & I don’t do the kpop stan thing of buying every album version (I buy one of each because I want the CD-quality audio!)…but I did keep pulling Ricky and now I’ll never get another ZB1 Ricky poca because of the Big Split 😭,0,0,at://did:plc:m3yyihvwqyorh7eri7amknql/app.bsky.feed.post/3mewq2m4ots25
kpop photocard,2026-02-15T23:29:28.955Z,archiviste.bsky.social,the concept of trading card scalpers and vendors getting into the photocard game and getting their kpop photocards professionally graded,4,0,at://did:plc:itid6tvqzqzbsemyzng3r2ja/app.bsky.feed.post/3mewouuhzws2l
kpop photocard,2026-02-15T06:00:10.349Z,kpop-nsfw.bsky.social,"261502 are these official photocard or polaroid?

https://www.kpopnsfw.com/213985/261502-are-these-official-photocard-or-polaroid/

This is a Version 1 lightstick POB Polaroid. I bought it from someone and now I’m not sure if it’s legit. Front and back of the card is glossy",0,1,at://did:plc:vlihmzxvpwjondmxahcpgke6/app.bsky.feed.post/3meuuakcrwc2u
kpop photocard,2026-02-14T21:04:29.150Z,noetaaaa.bsky.social,like ur band hasnt taken photocard inspo from kpop yall are not who u think u are stay in ur lane,1,1,at://did:plc:ss3qmoaz2yqzb5lgc4gguad6/app.bsky.feed.post/3metwcmqegs25
kpop photocard,2026-02-13T05:19:35.548Z,riflyoshka.bsky.social,i need to find somehwere to buy kpop albums without having 30€ of taxes i miss opening my silly little music gatcha with random photocard,0,0,at://did:plc:6xct27qeij3c4rwqtgaqu7ir/app.bsky.feed.post/3mepr2545nk2e
kpop photocard,2026-02-11T22:20:20.852Z,shum138.bsky.social,The kpop store around the corner moved even closer & started selling Seasons Greetings POBs loose so of course I got myself a Little Treat ™️,1,0,at://did:plc:bnpnu4sfgxfhswfyfnzhkct5/app.bsky.feed.post/3memj5gyox226
kpop photocard,2026-02-11T05:10:22.152Z,heejinsoulyves.bsky.social,Minji photocard I bought today! #Minji #NewJeans #kpop,12,0,at://did:plc:d4epg3trz5gw4ozs2lcasiyh/app.bsky.feed.post/3mekplpuye225
kpop photocard,2026-02-10T18:16:51.354Z,crepes373.bsky.social,"Made ""photocards"" so I can be cool like the KPop girlies
Now I need a cute photocard holder to make it perfect 👍

#onepiece #Sanji",5,0,at://did:plc:ysu5e2pr7oh5pvmf6d5zc674/app.bsky.feed.post/3mejl322hfk2k
kpop photocard,2026-02-10T12:24:45.053Z,yoongimeru.bsky.social,"anos de kpop e eu real nunca vou entender a pira do povo com photocard, tipo só ir na gráfica e mandar imprimir em papel de foto sabe",0,0,at://did:plc:khliwlhbehoregfw322vhe2k/app.bsky.feed.post/3meixflnwsk24
kpop photocard,2026-02-09T19:34:33.753Z,yunexa.bsky.social,"maybe i will just hold out & pick up a copy of ive's revive+ whenever it releases at target... plus the target exclusive photocard.... believe it or not, miss yunexa has been QUITE good about her kpop spending lately",0,0,at://did:plc:c64iz3jwvgi245cpylbwl6mm/app.bsky.feed.post/3meh6xbsjak2b
kpop photocard,2026-02-07T18:42:06.653Z,maldelune.bsky.social,i want a lil kpop photocard holder that i can pin to my model and dangles and lets me put my pretty kpop idols in it,2,0,at://did:plc:dlipaluzufa4hu5a3l5uu4xk/app.bsky.feed.post/3mec33jnpq224
kpop photocard,2026-02-06T22:11:40.355Z,robinpintop.bsky.social,"First photocard example!! 40% discount on the bases still without an example ^^
.
.
.
#Vtuber #VGenComm #ych #artmoots #csp #CLIPSTUDIO #kpop #pngtuber #streamers #smallartists",2,0,at://did:plc:srhaaunxrv5gd76o6khhxelf/app.bsky.feed.post/3me7wdci7fc2e
kpop photocard,2026-02-06T15:14:39.454Z,y4kult.bsky.social,gotta thank kpop fans for making cute photocard binders bc what do you mean my pokemon card binder looks like this !! 🤤,7,0,at://did:plc:kyphprjuqiqwszwmt56uznez/app.bsky.feed.post/3me76zjxzic2q
kpop photocard,2026-02-05T16:08:05.951Z,belpetit.bsky.social,photocard de kpop é pior que máfia juro,4,1,at://did:plc:3bq4bmrzd3qqefjkaebr4brc/app.bsky.feed.post/3me4rkce6ok2m
kpop photocard,2026-02-05T13:20:14.856Z,layoverse.bsky.social,vcs reclamando de gente que infla os preços de photocard de kpop saiba que tem filho da puta no mundinho doll br que quer cobrar 2450 reais numa boneca da primeira geração de monster high que nem fazia parte do núcleo principal,1,0,at://did:plc:ksv73don7lk5ouji3acce4j3/app.bsky.feed.post/3me4i6b64jc2y
kpop photocard,2026-02-03T21:08:03.852Z,robinpintop.bsky.social,"PHOTOCARD SERVICE UP NOW IN VGEN WITH A 40% DISCOUNT!! (AND ALL LICENSES INCLUDED!!!)
WHO WANTS ONE? 🔗 IN REPLY
.
.
.
#Vtuber #VGenComm #ych #artmoots #csp #CLIPSTUDIO #kpop #pngtuber #streamers #smallartists
@artistreccs.bsky.social",2,0,at://did:plc:srhaaunxrv5gd76o6khhxelf/app.bsky.feed.post/3mdyberpwbk2o
kpop photocard,2026-02-02T23:13:29.057Z,zombibunnyb00.bsky.social,I finally got my seasons greetings. It was delayed due to a large snow storm but that's ok since this is my 1st time getting a seasons greetings. Mark this off my kpop bucket list ✅,2,0,at://did:plc:5y4hh2smi3wat26iflhp6t63/app.bsky.feed.post/3mdvxwb5cy22a
kpop photocard,2026-02-01T21:25:48.654Z,robinpintop.bsky.social,"Thinking about offering a photocard YCH :0 which other poses would y'all be interested in?
.
.
.
.
#Vtuber #VGenComm #ych #artmoots #csp #CLIPSTUDIO #kpop #pngtuber #streamers #smallartists",1,0,at://did:plc:srhaaunxrv5gd76o6khhxelf/app.bsky.feed.post/3mdtbgrfxvc2u
kpop photocard,2026-02-01T18:17:55.356Z,ascoresdalua.bsky.social,"A bit late but I finished my drawing for @moonsmireu.bsky.social's DTIYS from a few months back! ⭐

Mireu photocard! 🙂‍↕️",17,9,at://did:plc:cfujjxh2v2f4j2araorlfwyp/app.bsky.feed.post/3mdswrnyszs23
kpop photocard,2026-02-01T14:20:58.252Z,belpetit.bsky.social,"cara eu não caio em nenhum dos etarismo do kpop, acho super de boas ser +30 e usar photocard pendurado na borsa, comprar itens e álbuns, colecionar, surtar com os grupos e tal
mas só de pensar em comprar treta na internet por causa de k-pop penso ""meu deus uma mulher velha dessa""",27,5,at://did:plc:3bq4bmrzd3qqefjkaebr4brc/app.bsky.feed.post/3mdsjphnyf22s
kpop photocard,2026-01-25T05:31:16.452Z,melobebe14.bsky.social,For reference compared to a standard kpop photocard size and a “monsta sized” aka monsta x one too,2,0,at://did:plc:c6rsmxlomext2wcio7mcaima/app.bsky.feed.post/3md7yte5we22n
kpop photocard,2026-01-25T03:10:16.472Z,forlornyaoi.bsky.social,the things i like and how i want my aesthetic of my room really do not match lmao,3,0,at://did:plc:ua4s6jntf5nsr2xywmhzxujb/app.bsky.feed.post/3md7qxede2c22
kpop photocard,2026-01-24T06:28:45.450Z,disorderofsound.bsky.social,"yes, most definitely just start talking with them!! i think it’s like that with kpop events in general, because i went to txt and to ateez and both times i stood in lines chatting with girlies throughout the whole line!!! just find a topic. whatever will do. “I like your outfit/photocard” +",1,0,at://did:plc:hhag47rkseeyhofmhkivlixt/app.bsky.feed.post/3md5llfco222a
kpop photocard,2026-01-23T11:48:45.635Z,calliewoods.bsky.social,recebi mais um pedido de photocard do big bang e do got7. dia lindo pra ser cacura do kpop,0,0,at://did:plc:yuy3ij3ixrghtvxnhiwjw26w/app.bsky.feed.post/3md3mypkiks24
kpop photocard,2026-01-22T13:35:24.032Z,marcylene.bsky.social,i have a photocard of him from an artist i am fond of so he is in there the same way you would put like. your public transport card or a photo of a kpop boy,0,0,at://did:plc:osblruxo25mxakckqrd5ob5k/app.bsky.feed.post/3mczcijkor22n
kpop photocard,2026-01-21T23:06:51.729Z,jorgie2222.bsky.social,kotaku.com/kpop-demon-h... @marilunarfox.bsky.social so you can see what I mean by the official cards in each CD,0,0,at://did:plc:byb26qkosh7wshn2olnsuznq/app.bsky.feed.post/3mcxrxbscg22c
kpop photocard,2026-01-20T21:02:40.437Z,arosiecharm.bsky.social,PhotoCard Binders are My Most Popular Product!! I can’t wait til the 29th😆😆😆 #kpopshop #xlov #fyp #valentinesday #kpop,0,0,at://did:plc:4akiwhoq4a3n3s4edre2vjke/app.bsky.feed.post/3mcv2kfqht22l
kpop photocard,2026-01-17T23:59:30.428Z,eliseofsoleanna.bsky.social,Oh to be blessed by the kpop gods for a photocard of your bias (if your luck continues and you find one of Han or Lee know send it my way 😂),1,0,at://did:plc:6bxljv2fwfjl3bve63qmrlx4/app.bsky.feed.post/3mcnsztmsbc2i
kpop photocard,2026-01-16T16:10:47.734Z,xuminghaouwu.bsky.social,Gonna do something crazy.. fazer photocard do Connor como se ele fosse idol de kpop,3,0,at://did:plc:enfmh2m556dgemgfodawn4jk/app.bsky.feed.post/3mckiej6zz22r
kpop photocard,2026-01-14T10:27:20.248Z,twi-cc.bsky.social,"Much better if you're a kpop stan. Just search up photocard binders that has rings on the inside. So u can just take out the photocard holder pages and replace it with regular paper 🫰🏼👁️👄👁️

#journal_sky #stationery_sky #journal #stationery",0,0,at://did:plc:uqhbndnp6tdwmy4pw7xbc4hk/app.bsky.feed.post/3mceuargvg22n
kpop photocard,2026-01-13T13:10:25.337Z,candymelizard.bsky.social,"Is it time again for #PortfolioDay ??
I'm Candy, hobby artist from germany, and I like to draw Fanart (mostly Elden Ring, but also other stuff🙈) and my OCs - especially my wip-novel Soul Circle!

I don't have a consistent artstyle, but I do have fun😁✨️",17,8,at://did:plc:rs3dkfjueub3oaqx3rlhf4rd/app.bsky.feed.post/3mccmuwp2x22n
kpop photocard,2026-01-12T23:10:31.931Z,arosiecharm.bsky.social,I’ll be restocking the Katseye Photocard Binders Across All My Shops (TikTok & Etsy) January 29th. #kpopfyp #kpopshop #katseye #kpop #fyp,0,0,at://did:plc:4akiwhoq4a3n3s4edre2vjke/app.bsky.feed.post/3mcb5xnn52c2l
kpop photocard,2026-01-12T11:59:24.332Z,gentleness.bsky.social,"yeah :/ but thats also a lot of kpop in gem right? and i meant for cons/artist alley! like emulating the photocard gacha, or gashapon machines/blind boxes in gen. i thought it was a cute gimmick at first but now i'm like wait... this sucks enough when big companies do it",1,0,at://did:plc:apdxkfh4g4wqbo33mebyypgf/app.bsky.feed.post/3mc7yhlhc3k2e
kpop photocard,2026-01-12T04:40:45.331Z,letmygaysdivorce.bsky.social,"LOL id love a link or 2 im curious..
by artist market spaces, do u mean the kpop photocard example, or other examples w visual arts? Re: photocards and the like it kind of.. sucks LOL i feel like so much of doing that relies on building a fandom for the person rather than a fandom for the music …",0,0,at://did:plc:3fm5rqlraapq4ypu263vtqdy/app.bsky.feed.post/3mc77xalczc2k
kpop photocard,2026-01-12T03:55:25.300Z,letmygaysdivorce.bsky.social,"the more addictive it gets for a particular person, probably the more they think about the story elements differently…? like does buying 10s of albums for a random kpop photocard (another predatory practice) change how u listen to and think about the music…? Or is it a symptom, rather than a cause?",0,0,at://did:plc:3fm5rqlraapq4ypu263vtqdy/app.bsky.feed.post/3mc75g6rqac2k
kpop photocard,2026-01-12T01:31:22.030Z,mollymaukery.bsky.social,o photocard de kpop impossivel acabar porque o photocard veio do brasileiro um povo que ama santinho,1,0,at://did:plc:hmrczytin6o7q2jg3zzjb3im/app.bsky.feed.post/3mc6velbbtk2a
kpop photocard,2026-01-10T23:24:08.039Z,aishaincolor.com,"Tonight's version of kpop and chill looks a little bit different. 👀

#kpopsky #ateezsky #ATEEZ #LightTheWayNYC",5,0,at://did:plc:ouym5sbij76ugx2h7tp34quq/app.bsky.feed.post/3mc45rx26bs2d
kpop photocard,2026-01-09T13:37:05.837Z,flimoon.bsky.social,surte com photocard de kpop igual uma pessoa normal,2,0,at://did:plc:om5sdjzfagdg6iz7ylnhdr5f/app.bsky.feed.post/3mbymjiuszk2w
kpop photocard,2026-01-08T22:34:22.735Z,lufics.bsky.social,i got a very very special photocard holder for my shrimpchipsss binghe poca at kpop store… let’s just say that the world isn’t ready,6,0,at://did:plc:6satw4ft4qcukg5vgtostmxb/app.bsky.feed.post/3mbx23dpxus2k
kpop photocard,2026-01-08T01:40:33.035Z,saltymulti.bsky.social,I have now leveled up on Kpop stan status and have now attached a Kpop boy to my bag. It only took 8 years for me to get here! 😆,6,0,at://did:plc:i6fjfv4wtfmytbknjotxaasg/app.bsky.feed.post/3mbutz2ykys25
kpop photocard,2026-01-06T17:34:47.939Z,novaeos.bsky.social,"🌟Updated Challenge!🌟
I removed the questions that have been asked, so feel free to keep requesting!

ᯓ⋆˚｡⋆˙⟡⌞ #vtuber #novaeos #kpop #kpopphotocard ⌝⟡˙⋆｡˚⋆ ᯓ",1,1,at://did:plc:skjok4xkbootc7f7krklq4tk/app.bsky.feed.post/3mbrifrqrkc2m
kpop photocard,2026-01-06T02:37:07.031Z,kaizdeporto.bsky.social,mds até mês passado o único kpop q eu escutava era mamamoo e kard agr tô segurando todo o dinheiro da minha rescisão pra n gastar com photocard de todos os grupos q eu vejo pela frente,1,0,at://did:plc:cll2dsi7elqwy2wpmlnknm6u/app.bsky.feed.post/3mbpwalzxcs2k
kpop photocard,2026-01-05T15:34:36.036Z,nugunexa.bsky.social,"any #kpop photocard collectors, i cannot reccomend biasroom enough. been using it the past few months to track my collection

biasroom.com/signin?ref=8...

would SUPER duper appreciate if u signed up w/ my referral link above so i can get my fancy carousel display 😋🖤",0,0,at://did:plc:ir74kfysctjjx5ko7g5r4h5x/app.bsky.feed.post/3mbor7w2c7k2f
kpop photocard,2026-01-05T07:45:12.632Z,22152984.xyz,"I'M FUCKING WHEEZING, LOOK AT THE CARD I JUST PULLED",6,0,at://did:plc:a3uebv5twmjrklbadwe5szdt/app.bsky.feed.post/3mbnwylua3c2q
kpop photocard,2026-01-04T18:00:26.531Z,novaeos.bsky.social,"🌟Photocard Challenge!🌟
Thought this would be fun to try & a fun way to help in my needing to put away photocards~ ^^

Give me a number & I'll reply with a photocard! (Cross-posted on the bird app!)

ᯓ⋆˚｡⋆˙⟡⌞ #vtuber #envtuber #novaeos #kpop #kpopphotocard ⌝⟡˙⋆｡˚⋆ ᯓ",2,1,at://did:plc:skjok4xkbootc7f7krklq4tk/app.bsky.feed.post/3mbmivra77c2z
kpop photocard,2026-01-04T05:57:24.934Z,magonzalbo.bsky.social,"(LATE UPLOAD)
OREO X BABYMONSTER VANILLA, CHOCOLATE, STRAWBERRY & MARSHMALLOW CREME WITH 7 COLLECT PHOTOCARD! #Oreo #BabyMonster #Ruka #Pharita #Asa #Ahyeon #Rora #Chiquita #Rami #OreoxBabyMonster #Philippines #Pinoy #KPop #TwistLickDance #OreoPH #Philippines #Pinoy",0,0,at://did:plc:u5l7fzyz3kbtjiinrfnpqz6c/app.bsky.feed.post/3mblaimiyvk2g
kpop photocard,2026-01-04T02:21:25.039Z,meganehaven.com,trying to convince mat for us to do this with Jess from Calva Louise lol,5,0,at://did:plc:lviqzpfdid2zdup5hk7ot2ga/app.bsky.feed.post/3mbkugmzb6223
kpop photocard,2026-01-03T02:21:55.736Z,artedarkligh.bsky.social,"I'm not sorry for mixing kpop into this! I just can't help but think The wol coming back to their inn room and finding G'raha trying to stuff all the merch he got while in S9, including a photocard book full of the best shots of their wol in fights!",1,0,at://did:plc:4xnjaokzelxeg7ytcvkujs4y/app.bsky.feed.post/3mbidyq64oc2c
kpop photocard,2026-01-02T18:53:20.437Z,cvnary.bsky.social,went to a kpop store 🥰,10,0,at://did:plc:qw5qlywlwlotfotvgeyg5gy4/app.bsky.feed.post/3mbhkvuny3k2b
kpop photocard,2026-01-01T11:52:43.331Z,orangechocochip.bsky.social,Kpop albums have ruined me for other cd releases bc i was at a cd and vinyl store recently and saw cds for 20+ euros and in my head immediately went DAMN and theres not even gonna be a photocard in there....,1,0,at://did:plc:sr4fvcbswf4nol2kmp66xc7c/app.bsky.feed.post/3mbecximtpc2i
kpop photocard,2026-01-01T06:22:49.935Z,gotnakeun.bsky.social,we're crafting and watching kpop stages let's fucking goooo 2026 you cant hurt me,6,0,at://did:plc:6dwjpealjqnghudfkks65fvy/app.bsky.feed.post/3mbdqjjca5s2u
kpop photocard,2025-12-31T23:12:30.536Z,arosiecharm.bsky.social,Sale ends today at 11:59pm!!! Get your Enhypen Photocard Binders Today😍🥰💖💖 #kpop #kpopshop #enhypen #engene #jungwon,1,0,at://did:plc:4akiwhoq4a3n3s4edre2vjke/app.bsky.feed.post/3mbcyi5ate223
kpop photocard,2025-12-31T05:52:28.834Z,kwaiflower.bsky.social,"final photos of the matching transparent kpop-idol style photocard/keychains for rumi, mira, and zoey that i made!!

#kpopdemonhunters #kpopdemonhuntersfanart #kwaiart",14,4,at://did:plc:wrkxrkm3oh7qry4okyixapdx/app.bsky.feed.post/3mbb6ea5dt22a
kpop photocard,2025-12-30T22:15:58.933Z,arosiecharm.bsky.social,Pack My Very First Enhypen PhotoCard Binder Order With Me😍🥹 This one made me so happy🥹 #kpop #kpopshop #enhypen #sunoo #engene,0,0,at://did:plc:4akiwhoq4a3n3s4edre2vjke/app.bsky.feed.post/3mbaeu54avk2z
kpop photocard,2025-12-29T23:40:38.930Z,hadesselch.bsky.social,"i recently commed an artist for, essentially, a transformers shitpost i'm gonna put in a photocard holder (like the kpop ones) that says ""manipulate mansplain malewife.""i am inordinately excited to show it off once it arrives.",7,0,at://did:plc:lfc4cqotwoxdxr4oen4g6zwq/app.bsky.feed.post/3mb5z4ni5pk2p
kpop photocard,2025-12-28T14:00:19.728Z,mysticcrumble.bsky.social,my non kpop friend texted me 'hey i'm joining the photocard gang' and then showed me a bj alex photocard😭,1,0,at://did:plc:ssml45wp6fx66yzkgobomcgz/app.bsky.feed.post/3mb2i7z7xvk2c
kpop photocard,2025-12-28T13:35:28.535Z,kwaiflower.bsky.social,"now for a mira kpop idol photocard !

#kpopdemonhunters #kpdh #kpopdemonhuntersfanart #keychain #charms #diy #kwaieyewhy",4,0,at://did:plc:wrkxrkm3oh7qry4okyixapdx/app.bsky.feed.post/3mb2gtdesuc2n
kpop photocard,2025-12-27T13:30:23.533Z,digofreitas.com,"Sim, tem um ou outro convidado que é legal de ver, tem os videogames pra jogar, mas o resto é loja mesmo.
Eu vou em evento de anime desde 2004, acompanhei a mudança de gente que comprava DVD de tokusatsu e anime dos anos 70 até os photocard de ídolos kpop hoje hahaha",2,0,at://did:plc:qu26rontw3p5odp3fwa7te64/app.bsky.feed.post/3maxw3kdh622y
kpop photocard,2025-12-26T16:35:03.534Z,gloomybee.bsky.social,"absolutely love searching for a kpop group name on vinted and finding that the search is now unusable because one person decided to list their entire photocard collection, one by one, each photocard tagged with the name of every single kpop group, ""for exposure""",4,0,at://did:plc:wsv2af2nnfpbtwfoerwncpst/app.bsky.feed.post/3mavpwt7ksk2w
kpop photocard,2025-12-26T15:09:15.029Z,yunexa.bsky.social,"made a kpop stan bsky 😭😭 if any kpop moots wanna follow me there, lmk. i think there were like 3 of u, if y'all haven't deactivated by now 💔

the art account is NOT free from my kpop yaps tho, unfortunately. the new account will mainly be my photocard scans, templates, & reposts lol.",5,0,at://did:plc:c64iz3jwvgi245cpylbwl6mm/app.bsky.feed.post/3mavl5grimk2p
kpop photocard,2025-12-26T15:02:11.135Z,nugunexa.bsky.social,"📌₍^. .^₎⟆

nexa, she/her, 26, usa (MDNI, i’m a hag 💀)

girl group + nugu connoisseur 💫
─ ☆ ults: kep1er, qwer, ive, artms
other luvs: x:in, purple kiss, ily:1, tripleS

photocard scans + template maker ☆
🖤 art & OCs, anime, manga, gacha games, deco

♡ + ↻ appreciated ✧˖°

#kpopsky #kpop #promosky",4,1,at://did:plc:ir74kfysctjjx5ko7g5r4h5x/app.bsky.feed.post/3mavkqrtwzc2z
kpop photocard,2025-12-26T14:14:27.032Z,ryunayun.bsky.social,"My best photocard set of itzy 

#itzy #kpop #kpopSky",13,2,at://did:plc:jroexxjq2j3gcqhu7mvd5ovq/app.bsky.feed.post/3mavi3ci5gs22
kpop photocard,2025-12-26T10:30:08.634Z,saetbyeol.fyi,"@altarofsins.bsky.social i think you once said if you were into kpop and ateez, seonghwa would be your bias. so have a cute seonghwa i purchased recently.",0,0,at://did:plc:n36p7pf7jjymnuzutirhygar/app.bsky.feed.post/3mav3kaxjys2d
kpop photocard,2025-12-26T09:41:11.729Z,shanicetjn.bsky.social,"Thank you to @jasminetwil.bsky.social for going to war for me to acquire my bABy boi! 🫡🩷

#Stoof | #KPopDemonHunters | #SajaBoys | #Abby",32,8,at://did:plc:5cnxjkcmcv53p7gydotxl7wp/app.bsky.feed.post/3mauysbng7k2b
kpop photocard,2025-12-26T05:20:11.130Z,artedarkligh.bsky.social,"I gave my folks a bit of a lesson on kpop albums, showing them what they come with, the photobooks and the posters (which will never go on my walls until I get a nice small frame) and photo cards! I have a photocard album that I’m putting them in tomorrow!",0,0,at://did:plc:4xnjaokzelxeg7ytcvkujs4y/app.bsky.feed.post/3mauka44als2f
kpop photocard,2025-12-26T03:50:56.733Z,fraktsiya200.bsky.social,Tô obcecada por uma banda eslovena e adoro ficar tratando eles como se fosse kpop vou imprimir um photocard do Kris e enfiar no meu sutiã,1,0,at://did:plc:qqqmxenfpqjrngpxy2dwy65h/app.bsky.feed.post/3maufajcv4s23
kpop photocard,2025-12-25T21:00:21.730Z,kpop-nsfw.bsky.social,"Who is this idol?

https://www.kpopnsfw.com/188499/who-is-this-idol/

I got a free random photocard along with my album for a different group. The back says Fifty Fifty and Cupid but I don’t know which member it is.",0,0,at://did:plc:vlihmzxvpwjondmxahcpgke6/app.bsky.feed.post/3matocdlclj2h
kpop photocard,2025-12-25T19:42:24.731Z,saltymulti.bsky.social,I couldn’t resist this Kihyun Minhyuk card.  Do I have any Honey biased moots?,3,0,at://did:plc:i6fjfv4wtfmytbknjotxaasg/app.bsky.feed.post/3matjwrpjf22x
kpop photocard,2025-12-25T19:37:01.929Z,saltymulti.bsky.social,"Thread of my Christmas haul! Gifts I got for myself because I deserve gifts too!

These were Xen pc’s I picked out.  The Jehyun stuffed is fan made freebies I was sent. Do I have any moots who stan Jehyun?",5,0,at://did:plc:i6fjfv4wtfmytbknjotxaasg/app.bsky.feed.post/3matjn5j6ns2x
kpop photocard,2025-12-22T22:07:55.531Z,yunexa.bsky.social,"kep1er photocard haul 🤩🤩 it's been a minute since my last kpop haul (for good reason, I've spent too much on this hobby 💀)",8,1,at://did:plc:c64iz3jwvgi245cpylbwl6mm/app.bsky.feed.post/3mamaocdzck2p
kpop photocard,2025-12-20T18:24:21.436Z,arosiecharm.bsky.social,TXT Photocard Binders Are Available On My Website! Link in bio!!! All Binders Come With 100 PhotoCards (with an additional 2 as freebies) #kpop #fyp #kpopshop #txt #moa,0,0,at://did:plc:4akiwhoq4a3n3s4edre2vjke/app.bsky.feed.post/3magtar6boc23
kpop photocard,2025-12-20T13:09:24.729Z,belatinysun.bsky.social,"pras fanfiqueiras de plantão em busca de itens de fanfic, a nat tem esse photoholder lindo na loja e vários outros produtinhos com o mesmo tema ^-^

🖇: www.nyatche.com.br/produtos/pho...",7,2,at://did:plc:ci64hzqyj2vtxvhzmhw63qou/app.bsky.feed.post/3magbnki5ds2d
kpop photocard,2025-12-20T04:58:13.632Z,timtamjimmyjam.bsky.social,"Now That's What I Call Kpop
Rating: 10/10
Standout tracks: me now, rising, chill kill

Some of the included tracks are head scratchers imo when looking at each groups' catalog, but there's not anything here I dislike. Standouts are ones I'm super happy made the album bc I wouldn't own them otherwise",6,0,at://did:plc:fgad7xxojeextga6jx2porie/app.bsky.feed.post/3mafg75szrc2y
kpop photocard,2025-12-19T22:51:43.434Z,racheloddbebe.bsky.social,"a kpop mutual saw that I have been scorned by wumuti with every single release and sent me a pc of her!! merry xmas to meeeee, i’m very grateful 🙏🙏💖💖

watch me get wumuti only for the next three preorders lmao",2,0,at://did:plc:5ggdiwtushj4n7mxbj2ppwks/app.bsky.feed.post/3maerptxquc22
kpop photocard,2025-12-19T19:22:52.431Z,arosiecharm.bsky.social,SKZ Photocard Binders Are Available On My Website! All Binders Come With 100 PhotoCards (with an additional 2 as freebies) #kpop #fyp #straykids #kpopshop #stay,0,0,at://did:plc:4akiwhoq4a3n3s4edre2vjke/app.bsky.feed.post/3maeg2huw3k2h
kpop photocard,2025-12-19T12:17:27.229Z,superfnd.bsky.social,"KPop Demon Hunters Saja Boys Heartthrob T-Shirt Major Rave ⋮ • NewJeans utilizes unconventional, magazine-style packaging designs, transforming albums into complex, standalone archival objects #KPopMusic Ad poster.",0,0,at://did:plc:pzhlhuaibdm4rkqdmczcoi5n/app.bsky.feed.post/3madobscfsa2u
kpop photocard,2025-12-19T00:29:43.037Z,tarsotakahashi.bsky.social,"as vezes eu queria voltar a ser kpopper só pela diversão de colecionar photocard oficial mas eu não consigo pq não tenho disposição e pq o estilo não me desce mais, acho uma fórmula mt sem sentido sla no máximo só o Katseye mesmo q nem kpop é exatamente",0,0,at://did:plc:s6hulrbdtdfjajgmahmgviao/app.bsky.feed.post/3macgqb7sy22k
kpop photocard,2025-12-18T19:14:32.735Z,srapinkiepie.bsky.social,"na sala de espera do dentista tinha uma menina com photocard do han e um broche do quokka e eu sem nada de kpop, só com coisa se anime",2,0,at://did:plc:4ii3lbj3qvk7gxsd4ocxpgex/app.bsky.feed.post/3mabv4sjldk2o
kpop photocard,2025-12-18T17:47:24.231Z,pk4n.bsky.social,my ita bag broke (RIP) so i ordered a new (much larger) one and i cant wait to fill it with morgotts ...... im going to try to deco a photocard holder for it too !! just like the kpop girlies ....,8,0,at://did:plc:sv7unvsmaey5cv46f4uzubgq/app.bsky.feed.post/3mabqauvw422f
kpop photocard,2025-12-17T19:08:16.230Z,sharilton.bsky.social,on another note meovv album I got my sister came in and her photocard I bought.  It’s been nice her getting into kpop we’ve become a lot closer,0,0,at://did:plc:b4v6b2p6aggndkk3r33xxmxc/app.bsky.feed.post/3ma7ecke2ds2z
kpop photocard,2025-12-15T13:24:00.428Z,pahskz.bsky.social,"Eu acho incrível como me sinto pelada e HORRÍVEL se não tiver coisas de kpop penduradas em mim, eu preciso de um skzoo, um photocard, minhas pulseiras, alguma coisa visual em mim pra sair de casa, é mais do que gostar, é precisar.",5,0,at://did:plc:lv3nltjjvrilaasxgwztciil/app.bsky.feed.post/3m7zq53ubyk2q
kpop photocard,2025-12-15T03:32:26.533Z,midgetnazgul.bsky.social,"babby's first photocard holder for a kpop show: acquired

i really like the most recent album PERCENT, but Circle might be my favorite overall rn",3,0,at://did:plc:vmoi7dyhwbdvfac7ed6urgjl/app.bsky.feed.post/3m7yp3alez225
kpop photocard,2025-12-14T23:35:28.432Z,seisdefevereiro.bsky.social,maior feito do borić no governo chileno foi segurar photocard de kpop mas ele é tão incompetente que não teve nenhum show grande no mandato dele 😭,0,0,at://did:plc:jd2avhncezd36extpmahdk4d/app.bsky.feed.post/3m7ybtliab22u
kpop photocard,2025-12-14T15:34:45.734Z,pumpkinhills.bsky.social,why the fuck are pokemon cards so expensive i just wanna carry this around in my bus pass case like a kpop photocard,0,0,at://did:plc:2pgfpzgoa3fnfzttw57xhj5g/app.bsky.feed.post/3m7xgxvqtg22w
kpop photocard,2025-12-13T18:08:30.437Z,winterisgrimm.bsky.social,"Of course I had to support my girls! ✨Absolutely love the album and all the goodies included. Not Cute Anymore is such a wonderful comeback? P.S. if you couldn’t tell by my strategic photocard placement and the subtle drink tease, Moka is my bias 😭 #illit #kpop #music #potd #coffee",1,0,at://did:plc:yk6ltdz6gl3u5ccn6rktsrwb/app.bsky.feed.post/3m7v73w3ew22o
kpop photocard,2025-12-12T20:59:40.336Z,allinred.bsky.social,"SEATTLE
SHINeeSeattle
🔗 www.instagram.com/shineeseattle

FAN EVENT
📅 WHEN: 12/13 12-7PM
📍 WHERE:
The Kpop Empire
19720 44th Ave W, Suite R
Lynnwood, WA 98036

#KEY #키  #SHINee #샤이니 #2025KEYLAND #UncannyValley",1,0,at://did:plc:34pys3p45jjnqdhhqb6spuk3/app.bsky.feed.post/3m7sy75lfrs2w
kpop photocard,2025-12-12T13:47:59.136Z,belpetit.bsky.social,"eu notei que cheguei no submundo da collector de kpop
- comprei de ceg
- comprei de gom
- tenho um contato que me oferece photocard direto no wpp
- tô encomendando coisa com um amigo que tá no Japão",2,0,at://did:plc:3bq4bmrzd3qqefjkaebr4brc/app.bsky.feed.post/3m7sa3a4e4k2y
kpop photocard,2025-12-12T12:02:55.735Z,kuraudia28.bsky.social,My bag for #MangaBarcelona2025 🩷,1,0,at://did:plc:p5lzafupy6e3itv3mdaq5o4t/app.bsky.feed.post/3m7s2735s4c2u
kpop photocard,2025-12-10T09:25:04.632Z,magonzalbo.bsky.social,"(LATE UPLOAD)
OREO X BABYMONSTER VANILLA, STRAWBERRY & MARSHMALLOW CREME WITH CHIQUITA, RORA & AHYEON PHOTOCARD! #Oreo #BabyMonster #Chiquita #Rora #Ahyeon #BabyMonsterChiquita #BabyMonsterRora #BabyMonsterAhyeon #OreoxBabyMonster #Philippines #Pinoy #KPop #TwistLickDance #OreoPH",0,0,at://did:plc:u5l7fzyz3kbtjiinrfnpqz6c/app.bsky.feed.post/3m7mqgy6hws2y
kpop photocard,2025-12-09T18:50:24.430Z,osephala.bsky.social,listen did I get my bestie and myself photocard holder keychains for our kpop photo cards? yes I did and yes random stranger this is my boyfriend song mingi,3,0,at://did:plc:cphcjppb5jscbrbvunqzf6fv/app.bsky.feed.post/3m7l7labojc2y
kpop photocard,2025-12-09T17:30:12.530Z,sevikaloml.bsky.social,My besties kpop Christmas is finally done I am so happy with how they turned out,6,0,at://did:plc:ssc4qsxn7go7qa5lkbc4cgoo/app.bsky.feed.post/3m7l33pxzw226
kpop photocard,2025-12-08T18:50:43.427Z,belpetit.bsky.social,"coisas do kpop que tenho zero apego: photocard de pull up, amoooo lomo card, vem completinho cheio de card uma delícia (e sai mais em conta",1,0,at://did:plc:3bq4bmrzd3qqefjkaebr4brc/app.bsky.feed.post/3m7ip4v7x5k2b
kpop photocard,2025-12-08T03:06:12.134Z,yooob.bsky.social,If I could go back in time I would stop myself from buying the in the soop 2 yoongi photocard 💔💔 that single photocard started my terrible kpop merch addiction,1,0,at://did:plc:dhdohcucu3w5hmbl6t3xuqy3/app.bsky.feed.post/3m7h2dwvhp22f
kpop photocard,2025-12-06T21:28:32.333Z,jdskz.bsky.social,"[📸] Photocard Scan - #StrayKids DO IT 🩶🩷

Genuine Kpop 
#BangChan (frente e verso) 🐺",14,1,at://did:plc:5557i5akvrtumxbydgdc3mps/app.bsky.feed.post/3m7dwz2b5dc2w
kpop photocard,2025-12-06T21:28:13.332Z,jdskz.bsky.social,"[📸] Photocard Scan - #StrayKids DO IT 🩶🩷

Genuine Kpop 
#LeeKnow (frente e verso) 🐰",13,1,at://did:plc:5557i5akvrtumxbydgdc3mps/app.bsky.feed.post/3m7dwyjecos2w
kpop photocard,2025-12-06T21:27:54.037Z,jdskz.bsky.social,"[📸] Photocard Scan - #StrayKids DO IT 🩶🩷

Genuine Kpop 
#Changbin (frente e verso) 🐷🐰",14,1,at://did:plc:5557i5akvrtumxbydgdc3mps/app.bsky.feed.post/3m7dwxvdewc2w
kpop photocard,2025-12-06T21:27:32.630Z,jdskz.bsky.social,"[📸] Photocard Scan - #StrayKids DO IT 🩶🩷

Genuine Kpop 
#Hyunjin (frente e verso) 🥝",14,1,at://did:plc:5557i5akvrtumxbydgdc3mps/app.bsky.feed.post/3m7dwxb4ye22w
kpop photocard,2025-12-06T21:27:13.131Z,jdskz.bsky.social,"[📸] Photocard Scan - #StrayKids DO IT 🩶🩷

Genuine Kpop 
#HAN (frente e verso) 🐿️",14,2,at://did:plc:5557i5akvrtumxbydgdc3mps/app.bsky.feed.post/3m7dwwoo2722w
kpop photocard,2025-12-06T21:26:53.632Z,jdskz.bsky.social,"[📸] Photocard Scan - #StrayKids DO IT 🩶🩷

Genuine Kpop 
#Felix (frente e verso) 🐥",14,2,at://did:plc:5557i5akvrtumxbydgdc3mps/app.bsky.feed.post/3m7dww3pb7c2w
kpop photocard,2025-12-06T21:26:34.233Z,jdskz.bsky.social,"[📸] Photocard Scan - #StrayKids DO IT 🩶🩷

Genuine Kpop 
#Seungmin (frente e verso) 🐶",14,1,at://did:plc:5557i5akvrtumxbydgdc3mps/app.bsky.feed.post/3m7dwvl6yvs2w
kpop photocard,2025-12-06T21:26:18.028Z,jdskz.bsky.social,"[📸] Photocard Scan - #StrayKids DO IT 🩶🩷

Genuine Kpop 
#I.N (frente e verso) 🦊",12,1,at://did:plc:5557i5akvrtumxbydgdc3mps/app.bsky.feed.post/3m7dwv235ns2w
kpop photocard,2025-12-06T07:00:42.432Z,ptkorea.bsky.social,"Is this photocard rare?

https://www.ptkorea.com/542753/

So I don't really collect photocards (whatever's in my collection is what I got with albums and other merch) but I love chaeyoung so whenever I see one of hers that I like I usually buy it. One of the kpop stores I like is closing down so …",0,0,at://did:plc:hwozq3rgbq5yjow3jbmnphf7/app.bsky.feed.post/3m7cgjgosgb2o
kpop photocard,2025-12-06T01:57:44.034Z,bisnaguinha.bsky.social,"avisa que é a maior música do kpop, que show incrível, chorei, comprei merch, ganhei 3 photocard tive uma fofoca INCRÍVEL com meu amigo que não via há algum tempo, não fiquei feliz assim há algum tempo, te amo ARTMS & LOONA, acho que esse ano vocês foram o respiro que eu precisava 👍",7,0,at://did:plc:svnkj6drvqqv5ynf2c7lzu3u/app.bsky.feed.post/3m7bvlnbmms2p
kpop photocard,2025-12-05T04:43:39.131Z,itsmetinaaaa.bsky.social,So I ordered cha eunwoos new album and I ordered 5 copies(don’t ask y cuz it’s too confusing if you aren’t into kpop). They messed up and sent me a duplicate POB and I need to know who do I speak to about getting the correct photocard 😭,0,0,at://did:plc:k4kxtrfsas2um5ikg6gb43rq/app.bsky.feed.post/3m77ofeixbk2r
kpop photocard,2025-12-03T10:20:51.528Z,nctsmtown.sino.blue,"WayV is here and excited to tell you that pre-orders for their upcoming Winter Special Album 白色定格 (Eternal White) are open now! ☃️

Head over to 🔗http://shop.kpopnara.com to grab your copy and secure a KPOP NARA exclusive photocard ❄️

#WayV
#WayV_EternalWhite
#KPOPNARA",0,0,at://did:plc:ywadxlt7mmnwljf56eafhhbu/app.bsky.feed.post/3m73acjt6bm2b
kpop photocard,2025-12-03T08:44:11.034Z,rospwprpwprpwp.bsky.social,"for all my german moots: this killed me 💀
www.instagram.com/artofquokka/...",2,0,at://did:plc:ky74juxzgcks2lkl2q7r4vmi/app.bsky.feed.post/3m732vo2jn22s
kpop photocard,2025-12-01T18:43:42.734Z,handle.invalid,if I was a kpop store or company I would sell advent calendars where you get a different photocard every day,7,0,at://did:plc:aqn5rp63puz5xcui464easjc/app.bsky.feed.post/3m6x3hvbosc2c
kpop photocard,2025-12-01T14:40:18.437Z,gloomybee.bsky.social,i chose BL guys this week but the kpop guys remain in reserve for emotional support later in the month 😗✌️,3,0,at://did:plc:wsv2af2nnfpbtwfoerwncpst/app.bsky.feed.post/3m6wnufn4622f
kpop photocard,2025-11-30T01:33:32.331Z,labellarvsa.bsky.social,"What I love about Mandu deco is if you’re a kpop fan too this website comes in handy. They have postcard & odd photo sleeves too. Not just your typical photocard sleeves. I love the variety! Have fun searching, you’re welcome ☺️",1,0,at://did:plc:3leqcrt2yygv7mvoqg6cw5sj/app.bsky.feed.post/3m6srgv5ccs23
kpop photocard,2025-11-30T01:29:36.934Z,labellarvsa.bsky.social,@crystallight10.bsky.social mandudeco.com - I use Mandu deco for all my photo sleeves. & actually they do have binder pages now too! LOVE THEM 😍,1,0,at://did:plc:3leqcrt2yygv7mvoqg6cw5sj/app.bsky.feed.post/3m6sr7sbazk23
kpop photocard,2025-11-29T01:08:27.734Z,spanktopia.bsky.social,went to my local kpop store to hit up their photocard sale and i was floored by how many people there were! the place was packed right at opening!! boypaper brings us all together......,1,0,at://did:plc:7nxmrjyeprbxybymrfgbcq7g/app.bsky.feed.post/3m6q7lb67k22h
kpop photocard,2025-11-27T00:18:00.133Z,jenkunoichi351.bsky.social,Buy the cards here!: jennliart.storenvy.com/products/369...,0,0,at://did:plc:5k4xoyi6ytrmm3rficbdagk3/app.bsky.feed.post/3m6l3szwi6s24
kpop photocard,2025-11-26T03:30:30.925Z,avalonly.bsky.social,ME CARREGA IGUAL UM HOLDER COM PHOTOCARD DE KPOP 🥺,0,0,at://did:plc:iqa5ocglf3rd73d4yilg5kja/app.bsky.feed.post/3m6iw4eaqds2w
kpop photocard,2025-11-25T21:13:00.732Z,bangtanenberets.bsky.social,"Today the university in my city had a Kpop history class and at the end we had the opportunity to make our own Toploader!
Of course I need an OT7 photocard to put in one of this but my favorite one is the one I made for Yoongi 🫠🫣",4,1,at://did:plc:iv7dk6mmsrfge5neinlypfnw/app.bsky.feed.post/3m6iaz7ars22t
kpop photocard,2025-11-25T19:28:32.026Z,arosiecharm.bsky.social,Pack My First Photocard Binder Order With Me😍😍😍😍 #kpop #katseye #kpopshop #bts #photocards,0,0,at://did:plc:4akiwhoq4a3n3s4edre2vjke/app.bsky.feed.post/3m6i36ivdm22e
kpop photocard,2025-11-23T02:12:03.330Z,mikasalvl.bsky.social,avatar is selling trading cards at the shows!! i knew my days of kpop photocard collecting wouldn't escape me 😭,8,0,at://did:plc:tncosjzgwboskuuj7dl36z26/app.bsky.feed.post/3m6badbntos2f
kpop photocard,2025-11-21T21:45:45.430Z,yunnie.co,"got my free 7"" vinyl, thank you jess 🥺💗 free is my fav song from the KPDH album... and I even got the two of them as a photocard... rujinu forever 💜",20,1,at://did:plc:m5runthinhbcy3mcnqy3ca44/app.bsky.feed.post/3m66ay3ql3c2y
kpop photocard,2025-11-20T23:37:21.132Z,orchiidreams.bsky.social,the earliest examples of photocard inclusions were actually in motown albums (like everything else in kpop) so it’s entirely possible,5,0,at://did:plc:d6qohmj6yllxxnrlegwx63dl/app.bsky.feed.post/3m63wqtims22q
kpop photocard,2025-11-20T18:55:04.331Z,arosiecharm.bsky.social,Inside Look of the Photocard Binders 😍❤️‍🔥❤️‍🔥#kpopshop #enhypen #katseye #bts #kpop,1,0,at://did:plc:4akiwhoq4a3n3s4edre2vjke/app.bsky.feed.post/3m63gy33r7s2h
kpop photocard,2025-11-19T01:38:47.962Z,alolanzack.bsky.social,introduced my therapist to chiikawa and the kpop photocard industrial complex and she still wants to keep me as a client,17,0,at://did:plc:dqtrfgaq7daye56smdmj32iw/app.bsky.feed.post/3m5x4m56dy22r
kpop photocard,2025-11-17T10:43:06.258Z,vickychu.bsky.social,"Eu sou uma cacura nesse mundo idol e SÓ AGORA eu vi como Photocard do H!P é maior que Photocard de Kpop
É tamanho de carta de pokémon....",0,0,at://did:plc:4b4q3migz5sbpiyvwzmhfa2u/app.bsky.feed.post/3m5t23gyebs2h
kpop photocard,2025-11-16T23:58:40.355Z,l1l1l3tt.bsky.social,vou tratar as tmnt (todos sem exceção) como se fossem artistas de kpop VAI TWR PHOTOCARD DO CASEY JONES 1987 SIM,2,1,at://did:plc:zlvyj6ngcsdt3ulgqtleno6a/app.bsky.feed.post/3m5rw3aqjgc2e
kpop photocard,2025-11-16T20:40:57.862Z,serendipityx6.bsky.social,"Most interesting thing to note this year. Photocard and music spending!!! it finally showed up in my pie chart at 2% LOL I bought kpop, rap and rnb as per usual.",2,0,at://did:plc:uauhc5uopia5mqkmoexnqlxv/app.bsky.feed.post/3m5rkzqzvwc2n
kpop photocard,2025-11-15T07:00:24.157Z,kpop-nsfw.bsky.social,"Has anyone gotten 2 different lighting of the same photocard from the same album?

https://www.kpopnsfw.com/162141/has-anyone-gotten-2-different-lighting-of-the-same-photocard-from-the-same-album/

I bought the Page two album and pulled 2 of the same Sana photocard except one has a different …",0,0,at://did:plc:vlihmzxvpwjondmxahcpgke6/app.bsky.feed.post/3m5nmpklhhm22
kpop photocard,2025-11-14T05:27:52.760Z,haru2115.bsky.social,Eu vou morrer com a querida que pegou um gigalhão de photocard igual do Mingyu e não do S.Coups 🗣️ É por isso que eu compro photocard usado porque se for pra eu depender do gatcha do kpop...,0,0,at://did:plc:74rrybhha2lckwmgsnhjx4qw/app.bsky.feed.post/3m5kx3cyc2k2z
kpop photocard,2025-11-13T17:08:57.061Z,cyborgprince.bsky.social,"Working on my kpop photocard Megatron(s) since I got more stickers in. :3c
I wanna add more to the first one. 

Photocards by @sidvenblu.com and @akairosu.bsky.social respectfully n.n",25,7,at://did:plc:23yjqjfmioncraqvuc5c7sy5/app.bsky.feed.post/3m5jnrkzvd22r
kpop photocard,2025-11-13T15:43:12.155Z,gaystupidcat.bsky.social,"get to know ur mutuals! list 10 random things you like 💕

♡ kpop
♡ video games
♡ horror
♡ photocard collecting
♡ perfumes
♡ makeup
♡ cats
♡ skincare 
♡ cafés
♡ traveling",4,0,at://did:plc:bf5qetzaa7dpcjuyerwdipw6/app.bsky.feed.post/3m5jiyknxlc27
kpop photocard,2025-11-09T22:58:27.758Z,loveejaehann.bsky.social,Yeah so I caved and drove across the street to the kpop store😭😭,11,0,at://did:plc:nv2bpf3jg5m4ryjohfcfqz3m/app.bsky.feed.post/3m5a7h2rj5c2m
kpop photocard,2025-11-08T12:53:06.762Z,smolminimonnie.bsky.social,"Lost out on extra pay but thinking happy thoughts so look at my bag! I can actually get some pins n stuff now. That photocard will be replaced with an Erenville photocard, once I draw a kpop photocard for him. 

Just know I forgot about this bag and it came in yesterday XD.",3,0,at://did:plc:cartj6kjebofjxnbkbrippru/app.bsky.feed.post/3m54n5eagqs2x
kpop photocard,2025-11-08T01:10:05.059Z,sereonada.bsky.social,Será que vai ter photocard no álbum do choi ? Como ele não curte essa coisa de kpop fico pensando se ele colocaria no álbum dele. Mas bem que podia né porque é minha única esperança de não pagar dois dígitos em um card dele,1,0,at://did:plc:zko2yc4qb66qdsbqywj6gisa/app.bsky.feed.post/3m53fulpo2c27
kpop photocard,2025-11-07T18:59:48.459Z,tenshiworld.bsky.social,"Here are all the photocard holders I will have available during my shop update!! The last two are already up but the fine shyttt and cake photocard will be added on 11/14 1pm ET! 

These photocard holders can fit pokemon cards, polaroid minis and kpop photocards 🥺🫶🏼",2,0,at://did:plc:amtsn46pgrsu375jgy2dmls2/app.bsky.feed.post/3m52r5oridk2u
kpop photocard,2025-11-07T05:36:03.660Z,melobebe14.bsky.social,IT CAME 🥹,2,0,at://did:plc:c6rsmxlomext2wcio7mcaima/app.bsky.feed.post/3m4zeb6xzus2o
kpop photocard,2025-11-05T22:30:10.389Z,letireiche.bsky.social,"Uns tempos atrás eu perguntei pra minha prima kpopeira se ela não achava interessante fazer photocard de Kpop demon hunters e ela disse q não pq era uma parte bem nichada dos kpopers q colecionavam cards e eles preferem fotos ou artes realistas....

Acho q as coisas estão mudando um pouquinho hehe",0,0,at://did:plc:c3ektvmy6nyzmpqraqai4e3u/app.bsky.feed.post/3m4w3yubypk2q
kpop photocard,2025-11-04T10:33:38.360Z,evesworld.bsky.social,"i talked to one of my coworkers yesterday for like 30 minutes about kpop, she loves stray kids!!! it was so cool, we exchanged numbers & socials!! shes lowkey my work crush FJFKSKNF she’s gonna bring me a photocard today bc she got doubles",5,0,at://did:plc:rlaebbwxzki2h6fovwfjkfey/app.bsky.feed.post/3m4sdipmlb22h
kpop photocard,2025-11-03T22:37:55.760Z,belpetit.bsky.social,,5,0,at://did:plc:3bq4bmrzd3qqefjkaebr4brc/app.bsky.feed.post/3m4r3io3tnk2f
kpop photocard,2025-11-03T11:04:22.159Z,magonzalbo.bsky.social,"(LATE UPLOAD)
NEW OREO X BABYMONSTER MARSHMALLOW CREME WITH RUKA PHOTOCARD FIRST TIME! #Oreo #BabyMonster #Ruka #BabyMonsterRuka #OreoxBabyMonster #Philippines #Pinoy #KPop #TwistLickDance #OreoPH",0,0,at://did:plc:u5l7fzyz3kbtjiinrfnpqz6c/app.bsky.feed.post/3m4puqffi4c25
kpop photocard,2025-11-01T22:00:12.659Z,pojeto.bsky.social,pois quando eu for presidente no mandato seguinte photocard de kpop vai tar nessa faixa tbm... vc estarás fudido...,4,0,at://did:plc:xnfcz7uu7lpqelfwq77vtjfx/app.bsky.feed.post/3m4lyhmmqks2w
kpop photocard,2025-10-30T22:01:54.462Z,foxxcub.bsky.social,"opened a surprise package from @anxiouslyknit.bsky.social and pulled ✨""Chris Nolan Fantasy Montage"" Christopher Bang✨",5,0,at://did:plc:hvnotgihhidpnlyyhvyojo7v/app.bsky.feed.post/3m4gxmqma5s2e
kpop photocard,2025-10-30T09:47:32.957Z,artoflisamorgan.northsky.social,"It's here! And I finally got a Rui photocard! The #XLOV vinyl that contains their first four releases (Imma Be, 1&Only, 1 of Luv, Bizness) with the added song, Kiss and Say Goodbye. Incredibly happy :) #EVOL #Music #KPop",4,0,at://did:plc:mewqe3fwfisowicd6hixispx/app.bsky.feed.post/3m4folnzmss2i
kpop photocard,2025-10-30T03:56:22.755Z,ashlleysundang.bsky.social,"ISNTREE x NCT JAEMIN Beauty Set PDRN Sets + Photocard & Sticker
#nct #jaemin #isntree #beauty #set #kpop #nctdream #nctzen",0,0,at://did:plc:akkbjxiu6cgqaugotts6qg7s/app.bsky.feed.post/3m4f2xfxfgk2q
kpop photocard,2025-10-28T23:54:48.956Z,feralroyalty.bsky.social,En las fotos del domingo se ve mi photocard de Heechul para la agenda Furry-Lolita-KPop 🤣🤣🤣,3,0,at://did:plc:obnnukwlqbr36bzghgn57nwt/app.bsky.feed.post/3m4c4yudvrs2c
kpop photocard,2025-10-28T23:53:13.352Z,korrawons.bsky.social,Bought the kpop demon hunters cd and i got a saja boy instead of huntrix photocard💔💔💔💔💔💔💔💔💔💔💔,0,0,at://did:plc:icj6hqogpyxqqo25vkjv2xll/app.bsky.feed.post/3m4c4w2ih522d
kpop photocard,2025-10-26T22:47:08.756Z,lwj.bsky.social,Purchases from day 3 of MCM Comic Con (October 2025). Whew! I'm exhausted. Artist details in replies.,3,0,at://did:plc:2kyc54ofzqmsa2yan6seoydn/app.bsky.feed.post/3m44ybrk6r22x
kpop photocard,2025-10-26T22:44:20.055Z,apogeesyzygy.bsky.social,First mnba game am I doing this right,1,0,at://did:plc:aj6vuij26ckjvm2mjp3pisrg/app.bsky.feed.post/3m44y4uawck2h
kpop photocard,2025-10-26T21:26:49.257Z,aglioeollieo.borasky.com,"from @912daze.bsky.social on X

They've been working on a kpop photocard tracking site!!
✨ biasroom.com ✨

x.com/912daze/stat...",2,2,at://did:plc:vnekxsg2exaoi3wnaihrtaya/app.bsky.feed.post/3m44tsehsts2t
kpop photocard,2025-10-26T02:54:42.364Z,millytrevosa31.bsky.social,Gente fui em uma festa de halloween de kpop e uma garota perdeu o holder dela com o photocard do hobi aí avisaram no palco do nada um cara solta como se fosse a coisa mas normal do mundo “ninguém mais gosta de bts” eu e minha amiga pegamos e fomos embora pq esse cara é um dos idealizadores do evento,0,0,at://did:plc:4v74hmq5nhnkiowye73pxogo/app.bsky.feed.post/3m42vnqmuck2j
kpop photocard,2025-10-24T10:08:22.857Z,hils.bsky.social,How much stuff do you need for a 2 day trip?,7,0,at://did:plc:f63gs7wjckl365oqp5w4kvjq/app.bsky.feed.post/3m3wmxc4ap223
kpop photocard,2025-10-23T22:27:56.858Z,mikotoby.bsky.social,ok in my defense this toploader was made for this sheon photocard…..my queen kitty….i will make soseki his own,1,0,at://did:plc:4gmtpeqywckcrma53mjqlllz/app.bsky.feed.post/3m3vfsulqps2k
kpop photocard,2025-10-23T04:27:22.156Z,naktern.bsky.social,não vou nem comentar sobre photocard de kpop,1,0,at://did:plc:6ul7iuo62rvnvh2lnls2oa3a/app.bsky.feed.post/3m3tjgq22ak2w
kpop photocard,2025-10-23T02:22:43.958Z,endormoo.bsky.social,"I used to post my Kpop photocard pulls all the time on the bird app, but for whatever reason, I’ve scaled way back on those posts. 

Anyway, here are the pulls from my first copy of Blue Valentine. 😁

#NMIXX",2,0,at://did:plc:v6wcs64ybz73hvkqviwgh262/app.bsky.feed.post/3m3tchqq5m22i
kpop photocard,2025-10-22T13:03:40.162Z,kuromiz.bsky.social,This is a kpop photocard >:3 loona/artms’ haseul!!! i love her so much!!!,1,0,at://did:plc:lc5ysugcpyouryfs6kjcuv4z/app.bsky.feed.post/3m3rvsz4op22v
kpop photocard,2025-10-21T22:18:59.055Z,ao3hyunin.bsky.social,coisas de kpop collector mas eh alarme falso o photocard que eu queria já foi pego affs,1,0,at://did:plc:mxc6pr3fmizardg2hzhu5vej/app.bsky.feed.post/3m3qef2lj5s2p
kpop photocard,2025-10-20T16:37:35.254Z,ao3hyunin.bsky.social,naoo 💔💔 eh negócio de photocard extra de kpop 💔💔 tô colecionando photocard e queria ver qual pc extra que eu pego 💔💔,1,0,at://did:plc:mxc6pr3fmizardg2hzhu5vej/app.bsky.feed.post/3m3natodeas2s
kpop photocard,2025-10-20T12:46:22.555Z,wheninmanila.com,"K-pop stans, this photocard tour album is a must-have! 📸💖

Want to see why every collector is obsessed? Check out the link! 🛒

https://s.shopee.ph/9KZZxwfaY3

#KPop #Photocards #AlbumTour",0,0,at://did:plc:s6s7xckpqfln5jjg63rhovzy/app.bsky.feed.post/3m3mtwaumpn2g
kpop photocard,2025-10-20T10:03:15.758Z,xuxulijana.bsky.social,usando esta carta no meu celular tal qual os fãs de kpop usam photocard do idol fav deles,1,0,at://did:plc:xm66i4qjx7qeva4rlqebrsf2/app.bsky.feed.post/3m3mksgyo2k2q
kpop photocard,2025-10-19T10:22:25.553Z,tenredpencils1.bsky.social,My crochet kpop photocard holders are getting weird 🩷💚,7,0,at://did:plc:6ondk6v3qtuo3aqgak7v44jn/app.bsky.feed.post/3m3k3fpwib22z
kpop photocard,2025-10-18T15:15:37.753Z,kcomicsbeat.bsky.social,"Netflix’s ""KPop Demon Hunters"" soundtrack has fans scrambling to collect random photocards, sparking a resale frenzy reminiscent of real K-Pop merch culture.",1,0,at://did:plc:y4q5mpnrdiripojvwelxwqbc/app.bsky.feed.post/3m3i3dcyp732q
kpop photocard,2025-10-18T03:17:33.361Z,superfnd.bsky.social,Can't Hear You Listening To Kpop Cat K-pop ... A Top Seller ⊹ • Limited-edition merchandise often sells out quickly. Can't Hear You Listening To Kpop Cat K-pop Merchandise T-Shirt #KPopMusic #ad,0,0,at://did:plc:pzhlhuaibdm4rkqdmczcoi5n/app.bsky.feed.post/3m3gt7ckdf62k
kpop photocard,2025-10-15T16:10:26.022Z,kiitnreviews.bsky.social,PYAJUU Stray Kids Laser Photocard 50pcs Stray .. • PYAJUU Stray Kids Laser Photocard 50pcs Stray Kids Laser Card Kpop Stray Kids LOMO Cards Kpop Straykids 5-Strar Album Card St #Bestsellers #ad,0,0,at://did:plc:btlzxpao25tto3rjlpdralg3/app.bsky.feed.post/3m3amykgufw2b
kpop photocard,2025-10-15T16:10:17.221Z,superfnd.bsky.social,"PYAJUU Stray Kids Laser Photocard 50pcs Stray .. • With its compact and lightweight design, this item is an ideal accessory for fans to tote around.. #Bestsellers #AD",0,0,at://did:plc:pzhlhuaibdm4rkqdmczcoi5n/app.bsky.feed.post/3m3amybzigl23
kpop photocard,2025-10-15T04:10:39.224Z,idealofidol.bsky.social,o primeiro álbum de kpop que eu comprei e ainda veio o photocard do jinwoo,0,0,at://did:plc:66xt4bslvtyzenxpcxo44evr/app.bsky.feed.post/3m37eric63x2l
kpop photocard,2025-10-14T21:11:17.229Z,tsukimajo.bsky.social,so apparently yesterday the first (?) furry kpop guy band debuted... now..the photocard and merch for this band will be the coolest im sure owwowoowowowowo,4,1,at://did:plc:glg4zdtagyolnax7xwv3n4hy/app.bsky.feed.post/3m36ndikrq22a
kpop photocard,2025-10-14T04:15:47.121Z,kpop-news.bsky.social,"#collectables #kpop #photocards #collectors #collections #pcs  #seoul  #pocaspot
www.businessinsider.com/kpop-photoca...",1,0,at://did:plc:i44lrs34rpwlnyqnytyipza6/app.bsky.feed.post/3m34ulmnmqs2r
kpop photocard,2025-10-13T19:23:52.687Z,andrefiremaster.bsky.social,o fim dos cartões de orelhões foi estratégia da indústria de kpop para vender photocard,1,0,at://did:plc:apgluaxsssu7a4iwnilpzooo/app.bsky.feed.post/3m33wunsvx224
kpop photocard,2025-10-13T13:10:04.878Z,kiitnreviews.bsky.social,"PYAJUU Stray Kids Laser Photocard 50pcs Stray .. • The 50pcs laser card set is praised for its high-quality prints and vibrant colors, allowing fans to relive memories of their favorite K-pop .. #Bestsellers #AD",0,0,at://did:plc:btlzxpao25tto3rjlpdralg3/app.bsky.feed.post/3m33by7qsf522
kpop photocard,2025-10-12T23:41:59.784Z,luv-soxinz.bsky.social,Não quero só photocard de kpop quero de gl tambem (deveria ter comprado á muitos anos.....,2,0,at://did:plc:rl36db2ziiifulvmrmkleil6/app.bsky.feed.post/3m2zut73ujk2m
kpop photocard,2025-10-12T21:30:03.177Z,mechewchew.bsky.social,"Is this what kpop photocard people feel like, im having a crisis just deciding if I even want one of these Mika photos bc I don't have one in his normal outfit",0,0,at://did:plc:dae263q6zdi5ikpdqhhiryff/app.bsky.feed.post/3m2znhajmds2s
kpop photocard,2025-10-11T13:39:57.589Z,iseeblueprints.bsky.social,new kpop haul! (ordered this ages ago but it didn't arrive until now bc i included a preorder 😅),2,0,at://did:plc:j5ellplvapbx6nuaixefnyod/app.bsky.feed.post/3m2wcp7vij22c
kpop photocard,2025-10-10T13:48:15.885Z,rainefromhell.bsky.social,"Shop Update!
My Helluva Boss x Kpop Demon Hunters standees are finally done! I'm really proud of how these came out.
Items are print on demand.

acggoods.com/store/raine-...",9,5,at://did:plc:pu3yrwp2zv4b246gpoqxcnk3/app.bsky.feed.post/3m2tsphw5d22r
kpop photocard,2025-10-09T17:35:49.193Z,bugisom.bsky.social,"VENDA - jeon somi

 ✰ photocards (regulares e pobs) 
• valor da foto + frete

feedbacks no ig instagram.com/bugisom e no bsky bit.ly/bugisomfeedb...

🏷️ vendo ioi i.o.i cd photocard card pc game plan xoxo álbum cd vendendo k-pop kpop",0,0,at://did:plc:zdth2u7q37emknorvfedt7lj/app.bsky.feed.post/3m2roxgvqrk2d
kpop photocard,2025-10-09T15:24:19.496Z,bugisom.bsky.social,"VENDA - hui

✰ 1st mini album whu is me: complex (completo)  

- R$ 160,00 + frete

feedbacks no ig instagram.com/bugisom e no bsky bit.ly/bugisomfeedb...

🏷️ vendo pentagon ptg photocard card cd álbum pc lee hoetaek vendendo k-pop kpop",0,0,at://did:plc:zdth2u7q37emknorvfedt7lj/app.bsky.feed.post/3m2rhmc5o3s24
kpop photocard,2025-10-09T15:12:07.002Z,bugisom.bsky.social,"VENDA - winner

✰ EXIT Tour in Seoul Live CD (sem photocard)
- R$ 100 (frete incluso)

feedbacks no ig instagram.com/bugisom e no bsky bit.ly/bugisomfeedb...

🏷 álbum album vendo venda mino hoony yoon jinu jinwoo seunghoon seungyoon kpop wts exit:e k-pop kpop vendendo",0,0,at://did:plc:zdth2u7q37emknorvfedt7lj/app.bsky.feed.post/3m2rgwkbf5224
kpop photocard,2025-10-07T15:00:29.065Z,lunecornio.bsky.social,"Coleção nova no AR!! KPOP Demon Hunters
Agora temos Chaveiro, Photocard e Cartela de Adesivos!

Disponivel na minha lojinha, link no meu perfil",46,16,at://did:plc:cnwpz5pbscljx4ni2nckaffn/app.bsky.feed.post/3m2mfbwjet22i
kpop photocard,2025-10-06T18:26:15.756Z,lunecornio.bsky.social,"Coleção NOVA no AR!! Kpop Demon Hunters está entre nós
Cartela de Adesivos, Photocard e Chaveiro! 💜✨

Disponivel na lojinha por tempo limitado!!",15,5,at://did:plc:cnwpz5pbscljx4ni2nckaffn/app.bsky.feed.post/3m2kad3fo7k2z
kpop photocard,2025-10-06T07:39:04.860Z,impactstore.bsky.social,"🎶 LUCKY DRAW EVENT 🎶

Por cada compra del primer EP de #MEOVV, #MyEyesOpenVvide (versión Meovv), ¡photocard exclusiva! Además, uno de cada cuatro álbumes estará firmado, y si te llevas cinco recibirás todas las versiones y photocards sin repeticiones. ¡Ven a por el mejor #KPOP!",0,0,at://did:plc:d4p4lsrnwvzulvxwrigbvxtj/app.bsky.feed.post/3m2j47ovz4c2v
kpop photocard,2025-10-05T09:38:40.160Z,battlelitanys.bsky.social,"ok i lived but the bruise on my elbow is GNARLYYYYY.mp3

went to the palace of knossos today and saw a kpop photocard (txt’s soobin)

now im going back to the hotel to SWIMMMMM!!!!",5,0,at://did:plc:a2gsa7kri7luse4gmhqgr6wv/app.bsky.feed.post/3m2gsgsj5n223
kpop photocard,2025-10-03T20:25:19.860Z,ratkid.bsky.social,i feel like i need to print this out like a kpop photocard and keep it in my wallet,1,0,at://did:plc:celh7f3vf4fzpbztnfylqs7w/app.bsky.feed.post/3m2cvn5e2mk2v
kpop photocard,2025-10-03T17:22:20.664Z,chuudoloona.bsky.social,"george russell fazendo aegyo, oscar piastri recebendo presente de fã, kimi antoneli autografando um photocard fanmade num cardholder da sanrio, yuki tsunoda fazendo challenge de tiktok, variety de pilotos respondendo quiz, behind de ensaio, documentários ""por trás da indústria""

formula 1 = kpop",3,0,at://did:plc:kb6vs6uqneb4bimowdes3crh/app.bsky.feed.post/3m2clg2i7gc2h
kpop photocard,2025-10-03T01:00:51.851Z,ddbm.video,"fui procurar a tal da ""sleeve"" pra comprar achei uma empresa que faz pra cardgame dizendo que começou a vender um monte do nada, daí descobriram que o pessoal tava comprando pra photocard. agora eles tem uma seção de kpop no site, lindo isso",6,1,at://did:plc:syj5vxkmylkc36g6cvvnlmy7/app.bsky.feed.post/3m2aul3qll22p
kpop photocard,2025-09-30T11:42:50.353Z,cosmicmyday.bsky.social,"""aquele seu amigo que só arruma emprego pra comprar photocard"" SOU EU
EU SÓ NÃO ME DEMITO PQ QUERO ALBUNS DE KPOP E CARTINHAS DE POKEMON",2,0,at://did:plc:cvktwl7jtcmy6zjelwiznwvv/app.bsky.feed.post/3m22h2agwes2w
kpop photocard,2025-09-30T11:03:26.055Z,bimbinho.bsky.social,"Besteira, essa semana descobri que uma prima da minha esposa gasta a bolsa da graduação em photocard de kpop, tá certíssima. Tem que gastar com papelão colorido SIM!",0,0,at://did:plc:7hkgv5v6hburzaeuckaarapm/app.bsky.feed.post/3m22etrhcxc2i
kpop photocard,2025-09-30T02:56:05.364Z,siniful.bsky.social,"OMG, they are absolutely escalating.
#KPopDemonHunters

Withmuu, a popular kpop retailer, is offering accessories to go with the lightsticks for both Huntr/x and Saja Boys. 🤯

A big note: these are graphics of the MD, not showing actual product, so quality is unknown. 🧐
They have POBs too! 🤯",0,0,at://did:plc:lkcw5mcnwb2phdkh6pbqpk7r/app.bsky.feed.post/3lzzjmb3gl22t
kpop photocard,2025-09-30T02:33:31.755Z,mousieta.bsky.social,its here! im in love!,7,0,at://did:plc:x6hewofanzpkyfegjtxarx6u/app.bsky.feed.post/3lzzidvf5ck2k
kpop photocard,2025-09-29T02:12:00.250Z,sereonada.bsky.social,"Infelizmente as músicas católicas são bem mais interessantes que músicas de igreja Evangélica. Catolicismo tem dança, tem coreografia pra virar kpop so falta vender photocard e ter ls",5,0,at://did:plc:zko2yc4qb66qdsbqywj6gisa/app.bsky.feed.post/3lzwwoldnzc23
kpop photocard,2025-09-28T19:38:54.758Z,aliascelli.bsky.social,"#kpop Pfft, I got sleepy as soon as the second movie started (stupid hypersomnia). I made it to Begin, but then I had to leave because I was terrified I would fall asleep and ruin everyone's experience with my snoring. :(

I did get some super cute freebies before all that, though. 💜",19,0,at://did:plc:ncabbizrsz4dxigff7yudyxs/app.bsky.feed.post/3lzwapgupis2y
kpop photocard,2025-09-28T10:42:16.354Z,impactstore.bsky.social,"¿Aún no has hecho tu reserva de #Lost, el segundo single álbum de #Lun8? ¡Ven a las tiendas de #Madrid (Rodríguez San Pedro, 71) y #Barcelona (Roger de Llúria, 5) y llévatelo firmado y con una photocard exclusiva! ¡No dejes escapar el mejor #KPOP!",0,0,at://did:plc:d4p4lsrnwvzulvxwrigbvxtj/app.bsky.feed.post/3lzvcq3bro22f
kpop photocard,2025-09-27T23:51:23.352Z,neuronify.bsky.social,which meant i was tipsy when we went to a kpop store so i probs spent a good 40 mins in there without realizing BUT i bought jackson wangs new album and got the best photocard ever,0,0,at://did:plc:4cm7rxznu6mle6n24hui2pfj/app.bsky.feed.post/3lzu6e7zkws2g
kpop photocard,2025-09-27T11:16:47.854Z,kiitnreviews.bsky.social,"KPop Demon Hunters Huntrix T-Shirt Popular ○ • For instance, a small, plush character that vaguely resembles a potato, born from an inside joke during a live broadcast, can command .. #KPopMusic (Ad.)",0,0,at://did:plc:btlzxpao25tto3rjlpdralg3/app.bsky.feed.post/3lzsu6w65a62c
kpop photocard,2025-09-27T00:03:38.051Z,moonlitbell.bsky.social,Poca check for my napalm eruhhhh,11,0,at://did:plc:76asrspvzsiniisnx2x6ywzm/app.bsky.feed.post/3lzrokxnmmk2o
kpop photocard,2025-09-26T17:21:43.552Z,mastertia221b.bsky.social,Very cool. The diamond border thing reminds me of the photocard that people collect of kpop idols. Like the cards you get in Pokemon sword & shield.,1,0,at://did:plc:liaxs3744kbzwscpha6muqsz/app.bsky.feed.post/3lzqy4kdd6s2j
kpop photocard,2025-09-21T14:23:27.111Z,cocainedeathh.bsky.social,the seller for the frame gave me this photocard with my order kpop oomfs who is this strange man,1,0,at://did:plc:pm7x6r7pdofvaeotuwukpvfv/app.bsky.feed.post/3lze3szr7os2r
kpop photocard,2025-09-19T22:55:55.097Z,nugget-cmr.bsky.social,Eu e minha irmã realmente estamos prestes a gastar dinheiro com photocard (msm q falso). Entra na vida do kpop é realmente entrar pra vida das drogas mais pesadas.,5,0,at://did:plc:c3467kai2xmlmxjtws2groqd/app.bsky.feed.post/3lz7xjnintc2a
kpop photocard,2025-09-19T22:59:18.211Z,priganiko.bsky.social,"🚨AO VIVO! 

hoje é dia de abrir pacotinho de photocard, ver uns kpop e bater papo!

✨ www.twitch.tv/gripaniko ✨",8,0,at://did:plc:tl7d4gxran2cggu2io32zhoy/app.bsky.feed.post/3lz7xcbsryc2k
kpop photocard,2025-09-19T22:45:04.900Z,jaderavenarts.bsky.social,Rumi photocard! 🎤💖 #KPDH #KPDHFanArt #MyArt,17,5,at://did:plc:z5eq25h5ggovvmoggxzsvzyv/app.bsky.feed.post/3lz7ww7qtss2y
kpop photocard,2025-09-18T20:37:54.004Z,haru2115.bsky.social,"Confissão besta mas fiquei emocionadinha que minha mãe NUNCA quis coisas dela, nunca pediu nada, ela sempre teve uma cabeça meio ""eu só tenho coisas que eu PRECISO"" mas desde que eu comecei a dar photocard, album de kpop e agora que ela tem o dinheiro DELA ela quer colecionar Sylvanians 🥺",8,0,at://did:plc:74rrybhha2lckwmgsnhjx4qw/app.bsky.feed.post/3lz57dznzvc2x
kpop photocard,2025-09-17T15:11:19.409Z,windflorest.bsky.social,"Galerinha, estou vendendo coisinhas fanmade de #kpop, principalmente #ateez!

ENCOMENDE O KIT DO SEU GRUPO  

•⁠  ⁠Toploader decorado (frente e verso)
•⁠  ⁠⁠Chaveiro
•⁠  ⁠⁠2 Polaroids 
•⁠  ⁠⁠Photocard do seu Bias (fanmade)
•⁠  ⁠⁠Cartela de Adesivos 
•⁠  ⁠⁠Phone strap

VALOR: R$25 + frete!",0,0,at://did:plc:e3eqggw7iwfmz4sinf74unlp/app.bsky.feed.post/3lz24mx7b3c2o
kpop photocard,2025-09-17T01:28:06.113Z,amayugas.bsky.social,"It's Mexican Independence Day 🇲🇽 support a chicana and pre-order yourself a cute ass lotería inspired photocard holder! 

#kpop #kpopphotocard #photocardholder",0,0,at://did:plc:spcdsseicsruben24m3ji4oy/app.bsky.feed.post/3lyyon27abk2j
kpop photocard,2025-09-15T01:55:37.706Z,limeariee.bsky.social,Want to print a photocard of gerard way and put it on my work bag cause I think its funny. Like that's my 48 yr old kpop girl ❤️,2,0,at://did:plc:wcelfa4mlrwmsy23ycqh3hhb/app.bsky.feed.post/3lytpafngo22w
kpop photocard,2025-09-14T18:51:12.405Z,calamariinari.bsky.social,"I'm not listening to Soda Pop on repeat. What are you talking about!

#KPDH #kpopdemonhunters #sajaboys",104,40,at://did:plc:diyche7vfmf2qqa25p5fhwec/app.bsky.feed.post/3lysxjchxic2p
kpop photocard,2025-09-14T11:11:19.207Z,tenredpencils1.bsky.social,bless your eyes with this strange dog pc holder 🩷🤍,13,2,at://did:plc:6ondk6v3qtuo3aqgak7v44jn/app.bsky.feed.post/3lys5srlnkc24
kpop photocard,2025-09-14T02:24:47.104Z,lesbozilla.bsky.social,marmanjos barbados colecionando photocard da lara raj e esperneando de ódio quando alguém aponta que isso (entra tantas outras coisas do grupo) é adjacente ao kpop (que tantos deles até hoje adoram odiar),1,0,at://did:plc:unc3p6b35pppmqjr3ddxd2cr/app.bsky.feed.post/3lyraflyqhk2n
kpop photocard,2025-09-13T01:22:27.309Z,minicactpot.bsky.social,this could literally be a kpop photocard omfg?!???,1,0,at://did:plc:d5cbf4dzulus4uwwdfrjldb7/app.bsky.feed.post/3lyomhaughk2g
kpop photocard,2025-09-12T20:10:52.204Z,moosephu.bsky.social,"it was my smaller roscest bag with the stray kids looking wolf and chick (bang chan and felix)  fluffy photocard holders i use for the boys so i don't blame them for wondering about something kpop related LOL 

i love seeing itagbags in the wild no matter how full they are~ showcase your joy~ <3",2,0,at://did:plc:xrylhfddaog6fux6dpeck64w/app.bsky.feed.post/3lyo324coz22o
kpop photocard,2025-09-11T23:46:17.012Z,curiouscalamity.bsky.social,"A little kpop photocard collecting + a little crocheting

Come chill with me as I watch WANTEEZ twitch.tv/curiouscalamity",2,0,at://did:plc:po3cgvkn4vbi4gcjyuepndpu/app.bsky.feed.post/3lylwm2kdes2z
kpop photocard,2025-09-11T14:27:16.610Z,starfalldiver.bsky.social,he fits in a kpop photocard holder...,6,0,at://did:plc:qohzpgwdu5yyoovysbgeufew/app.bsky.feed.post/3lykxenpz322k
kpop photocard,2025-09-10T14:00:12.009Z,kpop-nsfw.bsky.social,"Giselle: Rich Man Photocard (Best Quality)

https://www.kpopnsfw.com/154676/giselle-rich-man-photocard-best-quality/

Giselle: Rich Man Photocard (Best Quality)",0,0,at://did:plc:vlihmzxvpwjondmxahcpgke6/app.bsky.feed.post/3lyiffh2rjj2n
kpop photocard,2025-09-10T13:30:09.610Z,kpop-nsfw.bsky.social,"Giselle: Rich Man Photocard

https://www.kpopnsfw.com/154668/giselle-rich-man-photocard/

Giselle: Rich Man Photocard",0,0,at://did:plc:vlihmzxvpwjondmxahcpgke6/app.bsky.feed.post/3lyidppyymh26
kpop photocard,2025-09-10T01:13:47.501Z,razzdazz.bsky.social,I opened up the KPDH album I got and I was pleasantly surprised to find a photocard of Zoey inside!! Also the album cover folds out into a poster!!! I noticed the poster appears to be Huntr/x prior to Rumi revealing her patterns. Noted.,7,0,at://did:plc:y2zexuubmrbyknnxez4j25wj/app.bsky.feed.post/3lyh2kxqbjc2y
kpop photocard,2025-09-10T00:17:28.206Z,ringonmyears.bsky.social,after going to multiple kpop stores and eventually just buying off of amazon (have no idea about it's authenticity) jjong is finally home 😭💎🩵,1,0,at://did:plc:vtabdpu32pc5tezlnoi5mmgj/app.bsky.feed.post/3lygxg5dij22e
kpop photocard,2025-09-09T04:55:36.703Z,astridindigo.bsky.social,"same!! the closest I can get is an intense obsession with Kpop demon hunters, which, while Kpop-inclusive, is still a world away from the real life Kpop scene
I wanna be so into ANYTHING that I unironically carry a person I don’t know’s photocard around in a cutesy keychain frame to show my love 😩😭",1,0,at://did:plc:a3c27nqgrsh6cfudjqk3kaxu/app.bsky.feed.post/3lyewiq4xbs2c
kpop photocard,2025-09-09T03:54:56.304Z,sweetchaibear.bsky.social,"in my 16 years of liking kpop, i've never once bought a photocard. that changed this year bc of chen kuan jui .",1,0,at://did:plc:mvz42viyqbum3pixtuuoahd4/app.bsky.feed.post/3lyet4aoves2m
kpop photocard,2025-09-09T00:04:35.305Z,mahideia.bsky.social,"Acho que uma das coisas que eu acho mais legais da galera que curte kpop é o empenho pra fazer coleção de photocard. Primeiro pq photocard é um negócio aparentemente tão bobo, tão singelo, tão... Simples. E pessoal cuida com tanto carinho, eu acho sinceramente muito massa",10,0,at://did:plc:kh6mr774jz4fhqii2tgihteh/app.bsky.feed.post/3lyegacq77c2v
kpop photocard,2025-09-08T21:44:42.603Z,lohlaster.bsky.social,the kdh cd arrived!!! and i could not be more thrilled by the photocard we got eeeee!!! and the poster is gorgeous!!!,37,2,at://did:plc:udqmthflcafmhgniyw5mv27l/app.bsky.feed.post/3lye6g2bdac2i
kpop photocard,2025-09-08T15:17:52.317Z,superfnd.bsky.social,KPop Demon Hunters Mira Officially Licensed ... Trending ○ • Made from high-quality materials for a comfortable fit. KPop Demon Hunters Mira Officially Licensed T-Shirt #KPopMusic #advert,0,0,at://did:plc:pzhlhuaibdm4rkqdmczcoi5n/app.bsky.feed.post/3lydisisuyw2i
kpop photocard,2025-09-07T00:14:47.409Z,prirnrose.bsky.social,finally organizing the kpop albums i saved during the move last year….. yes i was an a*my in 2017/18,8,0,at://did:plc:q453bkt5m5cw36rid6fxbf3e/app.bsky.feed.post/3ly7fu3njd22j
kpop photocard,2025-09-06T16:56:48.609Z,sianofhel.bsky.social,pls enjoy me cackling while i unbox my kpop demon hunters album to see what photocard I have,1,0,at://did:plc:6q5nzsyhtczroxftxa2aozvj/app.bsky.feed.post/3ly6nfj7kak2c
kpop photocard,2025-09-05T16:01:45.702Z,lichtkatze.bsky.social,"I got myself the Kpop Demon Hunter OST and got lucky with a mystery photocard! Now I wonder how the other character cards look. Is there a thread or something to see all possible artworks? And is the poster the same for everyone?
#kpopdemonhunters",3,0,at://did:plc:ba5bbmq72zhubbkyijdeh6r2/app.bsky.feed.post/3ly3ztywm2s23
kpop photocard,2025-09-03T20:28:09.913Z,moviemerchmania.bsky.social,"KPop Demon Hunters Official Alamo Drafthouse Swag Jinu Photocard Badge Posters  
",0,0,at://did:plc:v2vi2xh6spsazysbi32ujg45/app.bsky.feed.post/3lxxhsqaapa2i
kpop photocard,2025-09-03T19:28:09.609Z,moviemerchmania.bsky.social,"KPop Demon Hunters Official Alamo Drafthouse Merch Swag Rumi Cup Zoey Photocard  
",0,0,at://did:plc:v2vi2xh6spsazysbi32ujg45/app.bsky.feed.post/3lxxehgjsjr2g
kpop photocard,2025-09-03T12:24:21.204Z,dodoxoxox.bsky.social,"Every morning i smile as Yor and Anya give me the strength to survive this month 🔥🌹🥜

#spyxfamily",7,0,at://did:plc:bubc6uu6qlyzvcaewftdimf7/app.bsky.feed.post/3lxwmqkcobs2z
kpop photocard,2025-09-02T16:41:29.905Z,katie-kat-yo.bsky.social,"Got a lot of cool stuff at DragonCon!! I'm super happy 💙

Some things in these pics aren't new but I didn't take a con haul pic before I started arranging things lol",11,2,at://did:plc:go3j6xt3xbjzyor2wfj2c5rx/app.bsky.feed.post/3lxukoeoeyk2r
kpop photocard,2025-09-02T15:40:56.709Z,sakurameikyuu.bsky.social,"need these #lesserafim #sakura 
crazy era photocards omg",2,0,at://did:plc:qvmqeiendkxe5yjt3xuwhu3j/app.bsky.feed.post/3lxuhc5zxrs26
kpop photocard,2025-09-02T14:18:20.804Z,playswave.com,See more: https://kotaku.com/kpop-demon-hunters-soundtrack-album-cd-photocard-rumi-2000622335,0,0,at://did:plc:luq5ehmrudmuwqq4qntmir7y/app.bsky.feed.post/3lxucojvmyx2z
kpop photocard,2025-09-02T13:59:46.007Z,kotaku.com,"KPop Demon Hunters' Soundtrack Is Primed To Become A New Scalping Craze
https://kotaku.com/kpop-demon-hunters-soundtrack-album-cd-photocard-rumi-2000622335",1,0,at://did:plc:rf5rjvyifjlycsgeoilzjxag/app.bsky.feed.post/3lxubnc4adc2h
kpop photocard,2025-09-02T14:45:32.227Z,kotaku.com.web.brid.gy,,1,0,at://did:plc:pm3eelwhadtfy4o2ydodljzw/app.bsky.feed.post/3lxue5yx5h5m2
kpop photocard,2025-09-02T12:28:11.505Z,moviemerchmania.bsky.social,"KPop Demon Hunters Official Alamo Drafthouse Swag Zoey Cup and Mystery Photocard  
",0,0,at://did:plc:v2vi2xh6spsazysbi32ujg45/app.bsky.feed.post/3lxu4jj43p62u
kpop photocard,2025-09-01T18:56:51.204Z,shoppicrew.bsky.social,"KPOP DEMON HUNTERS OST

Price: (as of - Details) Buy on Amazon Outer case is to only protect inclusions inside therefore out box damages cannot be a reason for a RETURN or EXCHANGE. Please take an UN-BOXING video right after the delivery arrived in case of any defective or missing items inside.…",0,0,at://did:plc:3tgj6j7lzmoyskeponwije3t/app.bsky.feed.post/3lxsbrlhdjh25
kpop photocard,2025-08-31T00:09:10.604Z,shoppicrew.bsky.social,"LIL FANTASY vol.1 Murmur ver.

Price: (as of - Details) Buy on Amazon Follow up to her participation in hit song ""TAKEDOWN"" from global hit film KPop Demon Hunters, CHAEYOUNG of TWICE releases her debut solo album titled `LIL FANTASY vol.1.' Available in two standard versions - Glimmer ver. and…",0,0,at://did:plc:3tgj6j7lzmoyskeponwije3t/app.bsky.feed.post/3lxnscasnvl2i
kpop photocard,2025-08-29T20:35:04.904Z,shoppicrew.bsky.social,"LIL FANTASY vol.1 Sparkle ver.

Price: (as of - Details) Buy on Amazon Follow up to her participation in hit song ""TAKEDOWN"" from global hit film KPop Demon Hunters, CHAEYOUNG of TWICE releases her debut solo album titled `LIL FANTASY vol.1.' Available in a digipack version - Sparkle ver. Contents…",0,0,at://did:plc:3tgj6j7lzmoyskeponwije3t/app.bsky.feed.post/3lxkvuhwwbu2q
kpop photocard,2025-08-28T20:46:52.306Z,dreahbahng.bsky.social,If you happen to have a kpop shop near you they’ll have sleeves but I also recommend mandudeco.com for their sleeves! Sorry I’m so late I seriously don’t get notifications for this 😭😭,1,0,at://did:plc:gwibun4zpxkzxly7hqlse7ra/app.bsky.feed.post/3lxig2mpoqc2l
kpop photocard,2025-08-28T16:17:04.303Z,fleshverse.bsky.social,so do we fw it,3,1,at://did:plc:t6kndnf5wtz7og6ggdibp5ih/app.bsky.feed.post/3lxhwxymwls2i
kpop photocard,2025-08-27T19:23:35.810Z,ultyso.bsky.social,"It had bonus stuff with it so got it. If it’s like other kpop albums and it’s not a full set, may I get the Baby and Zoey photocard 🫶",0,0,at://did:plc:yx3tft6qc5frm4meeejykehq/app.bsky.feed.post/3lxfqwtid4s2c
kpop photocard,2025-08-27T04:06:26.208Z,kyonetsu.bsky.social,Got my official soundtrack in the mail today 🥰,5,0,at://did:plc:potv2i6dxmpd2u5eavtzikyd/app.bsky.feed.post/3lxe5olpmmc2s
kpop photocard,2025-08-27T01:20:07.606Z,bluedaydragon.bsky.social,LOOK WHAT CAME IN THE MAIL FOR ME TODAY 😍,7,0,at://did:plc:sgnfujcwe3z5aqh4rcpfseb6/app.bsky.feed.post/3lxdufec6bk2e
kpop photocard,2025-08-26T15:25:46.811Z,sirbooya.bsky.social,"FFXIV stweam 7:30PM CT

What freebies have y'all received recently? 🧋

At the Alamo Drafthouse, the staff gave freebies for the KPop Demon Hunters showing. Baby saja photocard, Mira Ramyun cup, movie poster, etc. 
#Vtuber #ENVtuber",1,0,at://did:plc:yxmh2x5anb3van5k23wrv2eh/app.bsky.feed.post/3lxct6kc52s22
kpop photocard,2025-08-26T00:11:57.508Z,senshibri.bsky.social,"Wolfchan photocard magic? 
#straykids #skz #kpop #kpopfyp",1,0,at://did:plc:ona5vrpa3ytzraq46sx7usuk/app.bsky.feed.post/3lxba4lv7sh2u
kpop photocard,2025-08-25T18:41:30.704Z,hadesselch.bsky.social,me walking up to alex milne with my photocard of mtmte megatron in a kpop photocard holder that says “manipulate mansplain malewife” and commissioning him for. something.,3,0,at://did:plc:lfc4cqotwoxdxr4oen4g6zwq/app.bsky.feed.post/3lxannpyvvc2e
kpop photocard,2025-08-24T23:33:46.507Z,alisonmalort.bsky.social,"Took the world’s quickest trip downtown today to Kpop Nara for my Stray Kids “KARMA” albums and some freebies. I made another Stay’s DAY when I traded her the Bang Chan photocard I got, which she was DESPERATE for. I love being an adult with money that lets me buy fun shit. 🖤💙🤍",1,0,at://did:plc:h2yj2mczk7z5vyv6eact4kit/app.bsky.feed.post/3lx6nj7jy222z
kpop photocard,2025-08-24T21:46:26.103Z,matthtaylor.com,"By the way!
These are based on ACTUAL photocards from real life Kpop Idols!",47,4,at://did:plc:rxg3plmqdklv4qq2meagldoe/app.bsky.feed.post/3lx6hjccf3k2i
kpop photocard,2025-08-24T21:16:48.810Z,renbawlz.bsky.social,I got a few things from ANYC this year and I am so happy to update my room with them!,8,0,at://did:plc:idkc34jrwwe4bkl237u3avq4/app.bsky.feed.post/3lx6fueplos2u
kpop photocard,2025-08-24T20:37:18.811Z,heartimecia.bsky.social,"tbh I usually don’t agree with autism headcanons, but Zoey is so autism coded to me 🥹 my wife… I’m so happy I have her official photocard!!",24,0,at://did:plc:h2efnoctjflzaxhautpdpqj7/app.bsky.feed.post/3lx6dnp7zxs2f
kpop photocard,2025-08-23T20:36:24.603Z,matthtaylor.com,The Golden Trio Photocards,1235,349,at://did:plc:rxg3plmqdklv4qq2meagldoe/app.bsky.feed.post/3lx3t4tex5s2e
kpop photocard,2025-08-22T21:41:57.711Z,matthtaylor.com,Based on this Jeon Somi Bloody Photocard,25,0,at://did:plc:rxg3plmqdklv4qq2meagldoe/app.bsky.feed.post/3lwzgdib3us2l
kpop photocard,2025-08-22T21:39:38.304Z,matthtaylor.com,Rumi Special Version Bloody Photocard,720,140,at://did:plc:rxg3plmqdklv4qq2meagldoe/app.bsky.feed.post/3lwzg7dj2es2l
kpop photocard,2025-08-22T16:12:16.210Z,strawkittty.bsky.social,"sábado passado fui na liberdade e gastei bastante
eu fiquei obcecada em photocard, já quero compra da demi e de outros artistas, só que vou ter que mandar fazer, pq lá só tem de kpop",1,0,at://did:plc:33dcrvkitbnifg3jru76ndp3/app.bsky.feed.post/3lwytvr5yx22z
kpop photocard,2025-08-22T10:40:57.802Z,starrcrowned.bsky.social,"I DID NOT KNOW YOU WERE A KPOP PHOTOCARD COLLECTOR TOOOO

I love hearing you talk about your doll collection so much 🥺",1,0,at://did:plc:4cwt62zghatmumifmota4qyc/app.bsky.feed.post/3lwybfoyvr223
kpop photocard,2025-08-21T18:16:51.412Z,gluestickthingz.bsky.social,"🐧🐸💫
#madzocs",13,8,at://did:plc:ey6pl3qulhcvf3272wrdajgk/app.bsky.feed.post/3lwwkfsrans2v
kpop photocard,2025-08-21T18:12:07.208Z,maedayes.bsky.social,me and a friend have been swapping kpop photocard holders on etsy. not for kpop boy paper. but for something bespoke [oc paper],0,0,at://did:plc:a6mp322jf5vmkb3jua3iipkr/app.bsky.feed.post/3lwwk5i67ik23
kpop photocard,2025-08-20T16:10:14.311Z,hils.bsky.social,"Yes! Exactly! It’s almost like being back at school (or I guess still being at school for younger kpop fans). Got to get the latest album, photocard, plushie to fit in with everyone else. And concerts, cupsleeves and cinema screenings are the parties that everyone wants to go to.",3,0,at://did:plc:f63gs7wjckl365oqp5w4kvjq/app.bsky.feed.post/3lwtsuncdz22b
kpop photocard,2025-08-19T21:05:38.906Z,sasyk.bsky.social,"your idol.
[ #KPOPDEMONHUNTERS #Jinu ]",172,67,at://did:plc:omcfdvmg5koeeortxs3xehex/app.bsky.feed.post/3lwrsvonn322o
kpop photocard,2025-08-19T02:05:04.405Z,renalli.bsky.social,"hello!!! 📣 📣 📣 mini (surprise) sh0p update ahaha - all new pokemon charms have been added, some new fire emblem charms, animal crossing, kpop demon hunters, and new photocard holders!!! 
renallibox.etsy.com 

⚠️ US customers please read below!!⚠️",8,6,at://did:plc:2cbnww2earrnmfbg24pc35yx/app.bsky.feed.post/3lwpt6gmvsw25
kpop photocard,2025-08-18T21:39:43.013Z,dedessaexp.bsky.social,"hj a saúde mental fez o q deu hehe então vou tentar de novo amanhã porém gostaria de compartilhar q hj eu comprei um holder pra colocar uma foto do Karl Marx igual photocard de kpop e é isto, foi maior que eu",2,0,at://did:plc:prd4jculybmgq3xthq74xyhp/app.bsky.feed.post/3lwpedxed3k2n
kpop photocard,2025-08-18T21:18:02.802Z,so4reslucy.bsky.social,"highlights da aula de hoje:

-'""teacher, meu labubu é a sua cara"" (era mesmo, estava vestido igual a mim)

- ""teacher, faz photocard pra gente também?"" (querem de kpop e wicked)

- ""teacher, passaram oppenheimer na aula hoje e lembrei de você"" (cillian murphy mentioned)",7,0,at://did:plc:mutuiodturvdibhp72sicrds/app.bsky.feed.post/3lwpd56tuxc24
kpop photocard,2025-08-18T16:01:31.309Z,sasyk.bsky.social,"how it's done, done, done 
[ #KPOPDEMONHUNTERS #Huntrix ]",111,53,at://did:plc:omcfdvmg5koeeortxs3xehex/app.bsky.feed.post/3lworfzrrfk2k
kpop photocard,2025-08-18T12:53:00.509Z,disastershipblonde.bsky.social,"I know very little about Kpop, but this tickled me.

artofquokka.bigcartel.com/product/comi...",1,0,at://did:plc:qig2llsb6we7hyt3vrs24n24/app.bsky.feed.post/3lwogvzm3vs2j
kpop photocard,2025-08-17T19:25:13.606Z,chchcherish.bsky.social,reselling kpop albums without the photocard is annoying as shit,2,0,at://did:plc:pml5x6nskn24uzddnj6oiept/app.bsky.feed.post/3lwmmekb72k2q
kpop photocard,2025-08-16T13:22:16.206Z,libbykimv.bsky.social,Happy Saturday!  Ni-ki 🩵 Enhypen,3,0,at://did:plc:7sw3s7er2ec4eqvjpurywcma/app.bsky.feed.post/3lwjhmk33jc2m
kpop photocard,2025-08-15T02:08:32.506Z,yesmissjane.bsky.social,"Because my day is just going like this I also just washed out at the kpop store. Not a whisper of the other Leo Twin. I nearly bought the sole remaining Exo photocard, but EVEN SQUINTING WITH MY GLASSES ON I couldn't tell if Lay was in it or not. So.",4,0,at://did:plc:j27mosixe47xxnx5cwk4ojtz/app.bsky.feed.post/3lwfriyp7x22n
kpop photocard,2025-08-14T23:12:31.505Z,btsgivesuwings.bsky.social,This is what happens when I have adult money ☺️,5,1,at://did:plc:pqohi5xac2gbr4algcpiwxeq/app.bsky.feed.post/3lwfho3eglk2w
kpop photocard,2025-08-13T21:31:03.307Z,dizzylittlestar.bsky.social,I meant like Im gonna print these out and put it in a photocard holder and carry it around lol. Like Kpop photocards.,1,0,at://did:plc:livsolksi4gjldvz437opod4/app.bsky.feed.post/3lwcrjqdzt224
kpop photocard,2025-08-13T16:56:53.810Z,chief-ida.bsky.social,"petition for kpop groups to start making more photoshoot photocard, I'm tired of Snow app selcas with their face having the color of my ass and looking terribly weird (no hate, sometimes their facecard don't hit at all in these selca)",2,0,at://did:plc:3su5b2xfn2mhdb3kavrs2e4h/app.bsky.feed.post/3lwcc7mca6s2v
kpop photocard,2025-08-12T20:00:10.407Z,ptkorea.bsky.social,"My first kpop album!!

https://www.ptkorea.com/476873/

Hey everyone!! Got gifted by a close friend! I’ve been wanting to start my kpop collection for a while (since I’m already a music and video game collector) and I feel like this was a perfect start. Love aespa, I wanted a winter photocard tho …",1,0,at://did:plc:hwozq3rgbq5yjow3jbmnphf7/app.bsky.feed.post/3lwa3yfrspx2t
kpop photocard,2025-08-12T18:56:53.704Z,priganiko.bsky.social,"43. colecionar cartinhas
seja de One Piece, Pokémon ou photocard de kpop

adoro decorar os toploaders, encontrar sleeve que combina, ter cartinhas bonitas dos personagens/idols que eu gosto

carregar na bolsa",1,0,at://did:plc:tl7d4gxran2cggu2io32zhoy/app.bsky.feed.post/3lw7y4geo2c2a
kpop photocard,2025-08-11T02:00:37.206Z,beri3d.bsky.social,"Rumi's holographic photocard. 💜

#kpopdemonhunters #kpop #huntrix #blendercommunity #b3d #3d",5,3,at://did:plc:iyocn3juaax735tl5eddxbvo/app.bsky.feed.post/3lw3p6zoilc25
kpop photocard,2025-08-10T23:31:05.926Z,blossomfe.bsky.social,"Blossom will get yunho and hongjoong photocard

#shindanmaker
en.shindanmaker.com/965727",0,0,at://did:plc:oabrfxocv5r2wcvu4prq6tza/app.bsky.feed.post/3lw3gtpkmns2m
kpop photocard,2025-08-10T20:27:16.904Z,zgymorph.bsky.social,"🌟 SHOP UPDATE 🌟 

Ateez Buttons and Photocard holders are now available!! 

If you’d like a cute little button or a silly Lego frame to put your Photocards in, now’s your chance!!
ko-fi.com/zgymorph

#Ateez #AteezFanart #Aniteez #ArtShop #kpop #KpopFanart",7,3,at://did:plc:gqijc4taeyzjathyfcohmaso/app.bsky.feed.post/3lw34ipxdus2z
kpop photocard,2025-08-10T08:26:49.203Z,tenredpencils1.bsky.social,"I’ve made so so many kpop photocard holders but I think this is my favourite so far 
💜🐚🧜‍♀️🩵",8,1,at://did:plc:6ondk6v3qtuo3aqgak7v44jn/app.bsky.feed.post/3lvzucksjys2w
kpop photocard,2025-08-10T00:10:19.305Z,hwalazia1.bsky.social,any kingdom stans here? i got a pc of them in my kpopusa order but idrk them so i’d like for it to go to one of their fans! idk what it’s from or if it’s official,1,0,at://did:plc:fvpl3b5lhhr7ausrswg7642h/app.bsky.feed.post/3lvyyku6wvs24
kpop photocard,2025-08-09T02:44:44.713Z,jinsgoldenratio.bsky.social,at the pirate kpop show with my pirate photocard holder,3,0,at://did:plc:4ag3et2k7jzuj5ym3chekcob/app.bsky.feed.post/3lvwqpyo26c2t
kpop photocard,2025-08-08T20:41:21.604Z,clubeoraculo.bsky.social,"🧡 Oferta Shopee

✨ Suporte Para Cartão Fotográfico Kpop Acrílico De 1 Unidade
🔗 s.shopee.com.br/8Uyb40kvU0

✨ Pelúcia Macia Capa de ID Photocard 
🔗 s.shopee.com.br/6pqN52KsEs

🎟️ Resgate cupons da Shopee:
s.shopee.com.br/1LM26vicUr",0,0,at://did:plc:f4zvbs3266gchxsvccryuetz/app.bsky.feed.post/3lvw4fm2eyc2y
kpop photocard,2025-08-07T03:04:53.504Z,danger474747.bsky.social,"😭 piyo promote like kpop

each live give photocard 🤣",3,1,at://did:plc:mewbl3dozcccy2wua4ikuief/app.bsky.feed.post/3lvrqw3cwac2f
kpop photocard,2025-08-06T21:27:20.932Z,sojuberry.bsky.social,Been waiting over a week to order from that kpop store and the photocard I wanted is now out of stock! Just looked and nearly every photocard is out of stock... there were loads last time I looked!,0,0,at://did:plc:2cltapysvvgbawpkw7gphvnv/app.bsky.feed.post/3lvr62ry3ak2n
kpop photocard,2025-08-06T02:55:28.704Z,c4a8e4.bsky.social,actually i wanna show these off more. i crocheted some kpop merch over the past two days just bc i was feeling antsy and too shoulder owie to do much else and i really love how these both turned out. im excited to show off my lightstick cover at the concert next month 😄,4,0,at://did:plc:wt4bmiuulk7prwus4ikby726/app.bsky.feed.post/3lvp7wdlzf22p
kpop photocard,2025-08-06T00:54:36.204Z,stonefruits.bsky.social,they should release the vampire lestat physical album in kpop style with a big photobook and random 1/8 photocard. i would collect them all i fear,15,0,at://did:plc:zx7dupizos2r5fy5molxr2cq/app.bsky.feed.post/3lvoz6hvacs27
kpop photocard,2025-08-05T20:55:14.004Z,ilhadesafos.bsky.social,"amigs queridos q abandonaram o twitter, atualizando vcs:

estou fazendo funcional
com deficiência de vitamina D e B12
iniciarei remédio p ansiedade semana q vem
comprei uma caixa de lápis de cor p pintar bobbie goods mas n tenho paciência
voltei a colecionar photocard de kpop",2,0,at://did:plc:5aavss5dlgjvhxrfvhx3uyva/app.bsky.feed.post/3lvolsgbe2k26
kpop photocard,2025-08-05T18:20:31.612Z,hewiefan.bsky.social,my kpop brain said oooh 1000xresist photocard,2,0,at://did:plc:qy7y6sd73igs3ap3clhc62ig/app.bsky.feed.post/3lvod5skno22y
kpop photocard,2025-08-05T08:32:15.407Z,vautsi.bsky.social,getting those kpop photocard holders you can put on your bag but putting me and my friends' OC's in there instead of idols,2,0,at://did:plc:mmyf7rrvzusert4erbbowyha/app.bsky.feed.post/3lvncbhevus2q
kpop photocard,2025-08-04T14:12:13.005Z,shehan.bsky.social,why are the evangelion dvds packaged like kpop albums? if i got this and didn't get a shinji photocard i would be angry,1,0,at://did:plc:mynsweh3dsayjgvqr7lm3acc/app.bsky.feed.post/3lvlesw2jx22t
kpop photocard,2025-08-03T20:07:38.911Z,hazvar.bsky.social,"If I ever sell physical Merches, I'd make a random Hazvar photocard as an inclusion, for an example if I ever release a comic and it'd be physical too, I'd put 2 random Hazvar Selfie card, which I'd draw, out of 6 or something, in between some page, just like in kpop albums LMAO",3,0,at://did:plc:3zwktl3xmm5lpxidpqxfwarx/app.bsky.feed.post/3lvji7jaz4c2v
kpop photocard,2025-08-03T18:53:46.611Z,sasyk.bsky.social,"fui desenhar no meu ipad que está com a tela parcialmente quebrada e essa experiência despertou em mim um ódio que jamais senti antes porque tava impraticável usar 90% das ferramentas ou controlar a pressão da caneta 

mas saiu um rascunho do photocard da zoey",52,2,at://did:plc:omcfdvmg5koeeortxs3xehex/app.bsky.feed.post/3lvje3ctd4223
kpop photocard,2025-08-03T16:08:28.807Z,augustwriter.bsky.social,"i had the cutest little kpop and coffee date with @eliwinterbear.bsky.social today, we got photocards + photocard holders + albums, and then iced coffee!! 
ideal sunday!!",3,0,at://did:plc:efmo2yhltqr7uxz7dpl2uzmq/app.bsky.feed.post/3lvj2ttgf4k2r
kpop photocard,2025-08-02T16:48:15.608Z,minyrday.bsky.social,o hyunwook de photocard tal qual um idol de kpop (boatos de que ele sentiu um arrepio na espinha lá na coreia,0,0,at://did:plc:x5zaucn4ek44ip734aqmlrbr/app.bsky.feed.post/3lvgmm2smgc2s
kpop photocard,2025-08-02T12:59:00.106Z,kthvantejk.bsky.social,"cantando pro Mingi desde cedo ""Já viu o preço do leite nan, tá mó caro"" ele tá amando",1,0,at://did:plc:qsfmghgnqpvj7th5ytn4tnzx/app.bsky.feed.post/3lvg7rql7y22f
kpop photocard,2025-08-02T01:12:29.907Z,lesbozilla.bsky.social,muito bom ser uma menina que gosta de kpop com amigas que gostam de kpop eu vou sair com elas e penso no photocard que vou levar pra combinar com elas e as coisas que elas gostam,1,0,at://did:plc:unc3p6b35pppmqjr3ddxd2cr/app.bsky.feed.post/3lveycqsh2c2n
kpop photocard,2025-08-01T09:37:20.505Z,yawnjjun.bsky.social,"the 50ish y/o cleaner from work talked to me abt kpop today when she saw my jaehyun (boynextdoor) photocard on my bag 😭
her: ""is that your boyfriend?""
me: ""oh- no...""
her: ""oh is that kpop?""
me: ""yeah, he's a kpop idol""
her: ""my daughter went with her friend to a concert.. i forgot the name+",2,0,at://did:plc:xd362pggauk7wiqxq37tkb2u/app.bsky.feed.post/3lvde2lsp2224
kpop photocard,2025-07-30T18:06:17.703Z,shanyabug.bsky.social,i got a new photocard book n they sent me stickers of some kpop dudes does anyone know who these lads are? are they all from the same group? i know nothing about bgs,10,0,at://did:plc:fvesujangfpb5lzor7clxqs3/app.bsky.feed.post/3lv77kqq2uc2m
kpop photocard,2025-07-29T05:05:00.306Z,liverwurst.bsky.social,CANT BELIEVE SHE INVENTED YE OLD KPOP PHOTOCARD OHHHHHHHH 👏👏👏👏👏,1,0,at://did:plc:o6nuqb25ehvqiwhzqqzvgkpb/app.bsky.feed.post/3lv3dgueie22r
kpop photocard,2025-07-28T17:39:33.510Z,cdra.bsky.social,new photocard holder inspired by kpop demon hunters eheheheueuhu happy with how it turned out,63,19,at://did:plc:uqufhjnm6iaki5xvttwknmpm/app.bsky.feed.post/3lv2554jng22x
kpop photocard,2025-07-28T04:44:56.403Z,nadleeh.bsky.social,"oh right did I mention this was also a Kpop con? Because it was. There was a whole section in the dealers hall designated for it. It mostly consisted of ""artist alley, but make it kpop"" which was kind of neat but really not my thing.",0,0,at://did:plc:cjgoqbu2kxgqlvkvoxhz2f7w/app.bsky.feed.post/3luyrtrva6c2s
kpop photocard,2025-07-27T03:30:11.208Z,stinkypusan.bsky.social,Successful day at our KPopup market today!! And found my very own (UNSEALED??!?) 25 karat labewbew ( Poet | Artist),12,0,at://did:plc:ztpfnc44wyxal4ebiea3oqir/app.bsky.feed.post/3luw57akg4s2k
kpop photocard,2025-07-27T00:51:19.405Z,roguetaeminbot.bsky.social,"Every time this shows I want a version that includes an option for ""photocard of the kpop boy who would be most interested in this book""",11,0,at://did:plc:aff3orm4nhplegqreaz4b32h/app.bsky.feed.post/3luvudf3eik2u
kpop photocard,2025-07-27T00:16:25.601Z,jhonnypolly.bsky.social,"i have some of my favorite kpop albums (no pictures) 
1. odd eye by shinee 
2. shoebox by epik high
3. poet | artist by jonghyun
4. rise by taeyang 

and an insane taemin photocard that could probably cost a lot of money since that’s a thing now",0,0,at://did:plc:lh3psjrbw2hbnt5o2pkhpvnv/app.bsky.feed.post/3luvseyuz322h
kpop photocard,2025-07-25T23:20:07.019Z,moara.bsky.social,seria muito engraçado 😂 a minha irmã tem um ou dois megachaveiros grandes transparente que vc pode colocar photocard dentro aí anda com os boneco kpop pendurado na bolsa,1,0,at://did:plc:i4dydrx6xks67cfnntjyayty/app.bsky.feed.post/3lut6rbgnws2w
kpop photocard,2025-07-23T20:44:07.537Z,belugadebalafini.bsky.social,quem me protege nao dormer,0,0,at://did:plc:l4vg3bsn3mqjf5ttqvekwjan/app.bsky.feed.post/3lunv4etgq22v
kpop photocard,2025-07-21T01:23:40.343Z,bumbleberrybee.bsky.social,getting into kpop with my friend and we went to the store to buy photocards for the first time today and i pulled my bias 3 times in a row 😭 the worker there said it takes some people years to get a photocard of their bias HAHAHA,1,0,at://did:plc:obtqyqru77t2o3dyh42mcdz7/app.bsky.feed.post/3lugtdpirrk2r
kpop photocard,2025-07-19T20:08:10.737Z,sucraris.bsky.social,Next week I'll post the first Kpop Demon Hunter photocard 💕💕💕,2,0,at://did:plc:ph3waywsuoj27q5bselgl2hz/app.bsky.feed.post/3ludraluyqk2r
kpop photocard,2025-07-18T20:55:46.044Z,aranthus.bsky.social,i need to make myself a lbh photocard to carry around with me like he's a kpop idol.....,0,0,at://did:plc:ikzqfqy7ylkiasunklb77lid/app.bsky.feed.post/3lubdgt7ffs2n
kpop photocard,2025-07-18T05:30:46.342Z,ossiconearts.bsky.social,"Find these on Etsy! (Link in bio)
ATEEZ pc holders!
These are acrylic and fit normal album mini pcs (about 2.5 x 3.5 inches.)
HOLDERS DO NOT COME WITH A PHOTOCARD.
#ateez #kpop #photocardholder #san #seonghwa #hongjoong #yunho #mingi #jongho #yeosang #wooyoung #etsy #fanmade #etsyshop #etsyseller",3,0,at://did:plc:sqg5b6b4saijh6qoqy6nrmem/app.bsky.feed.post/3lu7pqnxppk2b
kpop photocard,2025-07-16T23:33:14.645Z,kaleidomoon.bsky.social,about to print these out and put them in my phone case like a kpop photocard,1,0,at://did:plc:k47i64ihuacjs7d2ysypa2vn/app.bsky.feed.post/3lu4lclai5s2u
kpop photocard,2025-07-15T17:58:08.639Z,griefgizzard.bsky.social,"this looks like a blast omg. the paneling… the impeding kpop takedown grows ever closer 4 me…

also. where are you sourcing your stickers + base toploaders I’ve been at a Loss. every one of ur photocard decorations scratches the brain so nicely",0,0,at://did:plc:2ht6grqrxnkuakdgog2zeqxn/app.bsky.feed.post/3ltzi4haxbc24
kpop photocard,2025-07-15T17:36:53.938Z,hheistt.bsky.social,"really like kpop freebie/craft/trade culture, it’s cool to see people make fan stuff without any profit in mind, just to connect and share enthusiasm with each other. the kandi and hand drawn bouncy stickers are my faves 🧡 hoping to get this going at mcr this summer too",17,0,at://did:plc:tphyiu2kcnzpkg6u67g7qqy5/app.bsky.feed.post/3ltzgwcja7c2q
kpop photocard,2025-07-13T19:18:58.042Z,terryblas.bsky.social,"The final piece in my #Sajaboys photocard set, Derpy and Sussie! #kpopdemonhunters #derpy #kpop",12,7,at://did:plc:voazqrfull26cjclocliivq2/app.bsky.feed.post/3ltuloprikc2w
kpop photocard,2025-07-13T14:38:19.441Z,pcusercodehelp.bsky.social,"I am here again at The Ateez pop up on July 13 2025 I am with jessica and our mother. Like I said, I really don't want to be here, because i am being bullied by someone, thats why. And i know jessica needs help with her kpop photocard collecting. I do not listen to kpop music anymore.-Marilynn",0,0,at://did:plc:2xpusrswh3lpbkyuqw7vqdlh/app.bsky.feed.post/3ltu3zae3vs2p
kpop photocard,2025-07-12T20:44:01.637Z,ohmymithrandir.bsky.social,Funfact: kpop photocard sleeves work for Magic cards,4,0,at://did:plc:kyvu4tnnwfhbhqlbgrrso3ca/app.bsky.feed.post/3lts7ycekbs2m
kpop photocard,2025-07-11T23:34:26.836Z,esteemedmothman.bsky.social,huge day for me personally,7,1,at://did:plc:vfnaoft2qaizvrqh5crwdkuv/app.bsky.feed.post/3ltpyzyvbtc25
kpop photocard,2025-07-11T22:42:15.842Z,bottomboybenny.bsky.social,how do y'all kpop lovers decide which photocard to put in your phone case :( choosing from the three i have is so stressful,6,0,at://did:plc:lejoz74jan55zu66k2otupth/app.bsky.feed.post/3ltpw4sskkk23
kpop photocard,2025-07-11T11:20:06.241Z,adragonshorde.bsky.social,#kpop fans! Show us your favorite photocard!,1,0,at://did:plc:bub7jrdvjmv4mlcnihkve3xq/app.bsky.feed.post/3ltopyz2rt22t
kpop photocard,2025-07-11T05:01:05.640Z,terryblas.bsky.social,"The final #Sajaboys photocard, Jinu! 
#kpopdemonhunters #kpop #jinu",23,6,at://did:plc:voazqrfull26cjclocliivq2/app.bsky.feed.post/3lto2sz2rps2z
kpop photocard,2025-07-10T20:22:41.244Z,neossone.bsky.social,i want this so bad,9,3,at://did:plc:3vyeljfzwg6lzi5ya2ea2il6/app.bsky.feed.post/3ltn5uataek2g
kpop photocard,2025-07-09T05:25:07.337Z,kyuubs.bsky.social,i cant even look at it again or i'll wheeze x.com/yeonmooz/sta...,1,0,at://did:plc:dxygnvfimgnx4rl47bbvjnq6/app.bsky.feed.post/3ltj3a3nejc2n
kpop photocard,2025-07-09T02:26:03.036Z,minyrday.bsky.social,vou mandar fazer um photocard do hyunwook 😁 ele virando idol de kpop e quase tendo um treco,0,0,at://did:plc:x5zaucn4ek44ip734aqmlrbr/app.bsky.feed.post/3ltira6cq722k
kpop photocard,2025-07-08T18:37:40.636Z,hubertvonvestra.bsky.social,THANK U no photocard but it had a beautiful fish magnet. more weird stuff in kpop albums NOW,0,0,at://did:plc:3n35ront4lpfsr444s3cfw4m/app.bsky.feed.post/3lthx2nxhnk25
kpop photocard,2025-07-07T02:14:21.038Z,motelcarapicuiba.bsky.social,"a pauta “ninguem nunca deu uma escarrada na minha boca ™️ “ de hoje do -1 da internet (X) é: 

photocard de kpop vs cartinha de pokemon",0,0,at://did:plc:org2iniozvmbqepb3ed4gizq/app.bsky.feed.post/3ltdpnhdkb22u
kpop photocard,2025-07-06T20:21:06.938Z,dremenec.bsky.social,"Just vinyl to my knowledge - but it does have a poster and a random photocard!

hmv.com/store/music/...",1,0,at://did:plc:jmnmbr3te6zar57upqtkrolb/app.bsky.feed.post/3ltd3vqtcyc2f
kpop photocard,2025-07-05T13:22:42.940Z,boldegoist.bsky.social,I'm not huge into kpop but I love looking through my friends' photocard collections and admiring all of the silly and goofy poses they do! This set was inspired by the cute photocards out there where idols wear lil panda or frog hats and take cute selfies for the fans!,0,0,at://did:plc:blithwuskrtzqwlodgtriwij/app.bsky.feed.post/3lt7u2qoup22p
kpop photocard,2025-07-03T14:47:45.344Z,taotaotuzi.bsky.social,🐯 Derpy Is A Very Good Boy..!! 🐯 #KPOPDEMONHUNTERS,356,113,at://did:plc:na57dgs2unnscufqvkb5xrmu/app.bsky.feed.post/3lt2xurl2gk2m
kpop photocard,2025-07-03T10:16:39.339Z,yepsang.bsky.social,soundmap scratching the kpop photocard collection itch wait a second,1,1,at://did:plc:rli3uy75nxg7xyujasbohlyo/app.bsky.feed.post/3lt2iq57wlc2y
kpop photocard,2025-07-03T06:34:35.541Z,makomage.bsky.social,the things i do for @lemonberryy.bsky.social,55,13,at://did:plc:njiuoizfkpencovzz4axtrep/app.bsky.feed.post/3lt24cznjws2p
kpop photocard,2025-07-02T18:34:32.138Z,sailorotome.bsky.social,I'm an oldie KPOP fan & SHINee remains my favorite to this day. So ofc I bought the single w/ Secondborn! It's honestly so beautiful.,4,1,at://did:plc:matrixxkm43hbitjykyrpsvy/app.bsky.feed.post/3lsyu3ax7v227
kpop photocard,2025-07-02T13:45:37.937Z,foxxcub.bsky.social,always and forever my lot in life,2,0,at://did:plc:hvnotgihhidpnlyyhvyojo7v/app.bsky.feed.post/3lsydww3pok2d
kpop photocard,2025-07-01T23:23:22.044Z,littlerecordgirl.bsky.social,"The vinyl release of the OST to KPop Demon Hunters comes with a photocard. Absolute perfection. 

shop.islandrecords.co.uk/products/kpo...",2,0,at://did:plc:rwxrequa36n5bwzrkqqi53vk/app.bsky.feed.post/3lswtqxamic2d
kpop photocard,2025-07-01T22:23:50.240Z,belpetit.bsky.social,E ACONTECEU,1,0,at://did:plc:3bq4bmrzd3qqefjkaebr4brc/app.bsky.feed.post/3lswqgktjas2m
kpop photocard,2025-06-28T20:16:29.041Z,pissfaggot.bsky.social,"i used to say id save my kpop photocard collection because of sentimental value and the amount of money it's worth lmao 

pc backups are good, even just throwing your most important (sentimental or practical) files in a cloud drive is a solid shout!!",1,0,at://did:plc:b5rskqsjtn6niawq6sqjyzux/app.bsky.feed.post/3lsoxw62wcs25
kpop photocard,2025-06-26T17:02:27.837Z,sleemo.com,💕,8,0,at://did:plc:ijfqyskstt56a3d5fzx45oc4/app.bsky.feed.post/3lsjm5cip522c
kpop photocard,2025-06-25T23:15:12.842Z,ossiconearts.bsky.social,"🐺Bangchan🐺
Here's the artwork for my Stray Kids photocard holders. These placeholder cards are inserted into the holder when you first get them. (While supplies last.)

#straykids #bangchan #photocards #photocardholder #fanart #painting #drawing #bangchanfanart #straykidsbangchan #kpop #kpopfanart",7,1,at://did:plc:sqg5b6b4saijh6qoqy6nrmem/app.bsky.feed.post/3lshqiowxx22f
kpop photocard,2025-06-25T06:30:39.438Z,whoisenvee.bsky.social,"you're my soda pop

#ffxiv  |  #ffxivscreenshots  |  #gposers  |  #gpose",14,3,at://did:plc:zmn5ufg5w73e636gylgsbzlu/app.bsky.feed.post/3lsfyeenhus2n
kpop photocard,2025-06-25T04:26:06.146Z,starshine7.bsky.social,"For my Canadian friends (or non USA friends since they do ship worldwide). Lightupk has the new poco version for sale. I love LUK so much, they are my go to shop for kpop items. Highly recommend them. #ateez #atz 
lightupk.com/products/pre...",1,0,at://did:plc:km3nvvv6dk6wfirzjjkbwlvk/app.bsky.feed.post/3lsfrfsu7xk2b
kpop photocard,2025-06-24T14:42:18.244Z,riatee.bsky.social,a video where it’s a cutesy my kpop photocard collection tour video but it’s me going through my commander decks,1,0,at://did:plc:tj6rhf4ksmdjwtgsb2lzwgcz/app.bsky.feed.post/3lsedewe4ek2s
kpop photocard,2025-06-24T01:13:44.141Z,belpetit.bsky.social,"KAI / EXO: esse oficialmente foi meu PRIMEIRO BIAS no kpop consciente do que era um bias, a voz de veludo dono do meu coração <3 (triste porque não tenho 1 photocard dele😔)",0,0,at://did:plc:3bq4bmrzd3qqefjkaebr4brc/app.bsky.feed.post/3lscw6zuaw22e
kpop photocard,2025-06-23T23:47:54.836Z,crowrean.bsky.social,THATS SO SWEET i wanna buy one of the locke ones and put him in like a kpop photocard holder,0,0,at://did:plc:exmhtsm7poaecygc5fmdmefi/app.bsky.feed.post/3lscrfqcmqc2g
kpop photocard,2025-06-23T04:23:31.737Z,hkn-draws.bsky.social,"i need sony and netflix to release a physical edition of kpop demon hunters with photocard inclusions for all the characters including--and perhaps MOST IMPORTANTLY--the tiger and the bird

thank's in advance",1,0,at://did:plc:o3rzozonrtcz4o4ktnd3ex3v/app.bsky.feed.post/3lsaqdkdkvc2g
kpop photocard,2025-06-22T23:36:36.640Z,ratazinha.bsky.social,"Hoje teve rata ganhando binder no bingo do evento da kspace lá no mokaya, amo 💙⭐️",1,0,at://did:plc:dlakhppjqxkrt4mdjt5kzici/app.bsky.feed.post/3lsaac2gy4223
kpop photocard,2025-06-22T12:46:09.942Z,skimblenan.bsky.social,"In true old gal style, I chose to celebrate my bday this year by attempting to walk 80 miles.

Alas, I only managed 35 miles or so, spent a solid day hiding from the rain, thinking I was an utter loser before deciding to say fuck it, and just enjoying 2 days bumming about the Lake District.",5,0,at://did:plc:c4myhdhtvbt4x6t2fcwxs6zr/app.bsky.feed.post/3ls73x76zqk22
kpop photocard,2025-06-22T09:39:07.837Z,lucyxbreeze.bsky.social,"As a rehabilitated kpop boyband vicitim I wouldn't have had a chance with Saja Boys like yes jinu oppa you can have my credit card score, my soul and whatever else you want for a photocard king",6,0,at://did:plc:pa2n5aasxd6a6gkxxucts3wp/app.bsky.feed.post/3ls6rix4se225
kpop photocard,2025-06-21T16:20:53.144Z,coffeeknife.wrenspace.dev,been really into putting hsr characters in minnesota lately,10,3,at://did:plc:n6hqeku2kjvwhjlnnscea25s/app.bsky.feed.post/3ls4xielzfk2w
kpop photocard,2025-06-21T05:43:55.035Z,christaltower.bsky.social,"Fell in love with Kpop Demon Hunters 🥰

It's time to decorate a Jinu polaroid or photocard.",0,0,at://did:plc:moxtgjoaoxdzg4n7cexk5g75/app.bsky.feed.post/3ls3tvfkvq224
kpop photocard,2025-06-20T16:40:16.139Z,mushmallows.bsky.social,Ateez ✨🎀🎤 I'm going to make each member into an individual photocard for an upcoming k-pop market in Dundee. #cuteart #kpop #kpopphotocards #artistalley #artist #drawing #kawaii #fanart #ateezfanart #ateez   @ateez_official_,4,2,at://did:plc:yiepimnvji7gg6jqcmhftcbn/app.bsky.feed.post/3ls2i3wggzk2s
kpop photocard,2025-06-20T00:19:32.136Z,pahskz.bsky.social,"Nossa amiga, não tenho mais espaço pra livros, nem pra mangá, nem pra albuns de kpop, nem pra photocard, juro, to com um problema de espaço GERAL, nada tem lugar mais",1,0,at://did:plc:lv3nltjjvrilaasxgwztciil/app.bsky.feed.post/3lryrchthxc2a
kpop photocard,2025-06-19T19:19:36.143Z,exblattgemuese.bsky.social,"can any kpop fan explain to me how these photo card holder lanyards ""work""?

Like is there legit just ONE photocard in there? Do you put your ID in there too?
Carrying around one photocard in a holder on its own seems kinda nonsensical?",3,0,at://did:plc:apfofdyvinhaq6aprwqlmuy6/app.bsky.feed.post/3lryajpgtzk2k
kpop photocard,2025-06-19T18:57:56.941Z,randomananas.bsky.social,va benissimo!!!! tbh ci sono diversi metodi di spedizione per le print/roba cartacea in italia (avere un coinquilinə che spediva photocard kpop aiuta lol) quindi nel caso ti posso dire quali ci sono!! e yess divertiti alla fiera e spero in tanti ti facciano acquisti 🥰,0,0,at://did:plc:n277gk4crghvx7th7wpcnr3a/app.bsky.feed.post/3lry7dh3nnk2t
kpop photocard,2025-06-19T14:35:46.240Z,moonlyx.bsky.social,"vcs já tiraram selfies e pensaram ""uau, isso daria um ótimo photocard. quanto será que pagariam por essa face?"" ou sou só eu que tô muito fundo no buraco do kpop?",2,0,at://did:plc:qzf7lpcpczju26xcrwc2qnpg/app.bsky.feed.post/3lrxqon4bdc27
kpop photocard,2025-06-19T01:19:48.849Z,lethurgica.bsky.social,i want one of those kpop photocard holders but it's a pic of terry bogard on one side n rock howard on the other n i want cute stickers on it 🥴,1,0,at://did:plc:stv45gt7jgtiibnjuki2l6u7/app.bsky.feed.post/3lrwe7eibzc2t
kpop photocard,2025-06-17T18:10:46.544Z,priganiko.bsky.social,"acabei de ter uma epifania terrível

se eu gastei 200 reais numa cartinha de one piece
eu posso gastar 200 reais num photocard de kpop",22,0,at://did:plc:tl7d4gxran2cggu2io32zhoy/app.bsky.feed.post/3lrt3jwd5s22q
kpop photocard,2025-06-17T01:32:57.748Z,tofuplusbeast.bsky.social,Chilltime adventures w friend,7,1,at://did:plc:dk5qgps4r4a4p2m4rj2bzsm5/app.bsky.feed.post/3lrrdycpsbc2r
kpop photocard,2025-06-16T03:46:28.249Z,fraktsiya200.bsky.social,"Minha opinião é que a gente devia normalizar photocard das produtoras como brinde em todos os shows e não só de kpop
Mas até metal? Sim
Show da Raquel dos Teclados? Pois me dê o photocard dela",9,1,at://did:plc:qqqmxenfpqjrngpxy2dwy65h/app.bsky.feed.post/3lrp2ohpe722e
kpop photocard,2025-06-15T17:20:45.953Z,jesseskai.bsky.social,"wts lfb BLACKPINK 2ND MINI ALBUM - KILL THIS LOVE with Jisoo photocard included

- I only sell via #vinted ‼️
- I only sell the album + photocard. I won’t sell the photocard separately.
- More information about the product: 
🔗 www.vinted.es/items/484581...

#BLACKPINK #JISOO #Kpop , pc , kpop bns",0,2,at://did:plc:y6nmfbyy2b7ord6ztyeq4xsq/app.bsky.feed.post/3lrnxzqce3k2k
kpop photocard,2025-06-14T05:45:19.646Z,shimmeringardor.bsky.social,"gave oomfs the katseye lesson. unknown (very known fact), im a crazy kpop stan. if you ever wondered where i get my photocard gpose ideas from",11,0,at://did:plc:sqnyj77sbqrzviycqqs6q6rc/app.bsky.feed.post/3lrkapj3los2x
kpop photocard,2025-06-14T03:24:52.055Z,lesbozilla.bsky.social,terminei a noite explicando pro meu chefe que muitos albuns de kpop ja receberam premio de design e explicando tabela de preço de photocard,0,0,at://did:plc:unc3p6b35pppmqjr3ddxd2cr/app.bsky.feed.post/3lrjyudisgk22
kpop photocard,2025-06-13T14:04:38.852Z,birdko.art,"full alexa photocard from the forgekeepers kpop AU 💗

[ #D&D #dndart #TTRPG #art #ocart ]",365,61,at://did:plc:7wgm3kp46nzalxyxfxo5cm5x/app.bsky.feed.post/3lrim4lzwcc2q
kpop photocard,2025-06-12T08:53:52.045Z,angeliclari.bsky.social,ai cansei também de arrumar a porra toda kkkkkk finalmente achei várias coisas que tavam sumidas faz um tempão pqp tem vários photocard de kpop vou vender é todos menos o da sana kkskksks,3,0,at://did:plc:3wdydk46be5p3d5o7nk6r377/app.bsky.feed.post/3lrfkcsec222e
kpop photocard,2025-06-11T15:56:44.344Z,oyalecxi.bsky.social,my 21yo bsf still has a kpop photocard behind his phone and I respect him so much for that,2,0,at://did:plc:3sewvzookb4dpwg2fk56itww/app.bsky.feed.post/3lrdrhs2w2c2s
kpop photocard,2025-06-11T00:33:00.550Z,nekozrkive.bsky.social,"so real 
www.tiktok.com/t/ZTjp7W3NE/",0,0,at://did:plc:ndmdkkieocqpufbkkuyd5cyy/app.bsky.feed.post/3lrc5ub3yas2y
kpop photocard,2025-06-09T14:32:47.452Z,ajunice00.bsky.social,af eu adoro quando alguém vem fazer amizades cmg por causa de kpop. eu conheci uma menina no ônibus com o photocard do felix,0,0,at://did:plc:y3skqbu23lulibx6o54nf4le/app.bsky.feed.post/3lr6lu2wwjk2n
kpop photocard,2025-06-09T03:15:43.952Z,hwasartz.bsky.social,"Em 9 anos de kpop nunca pude ir em show nem ter nada relacionado (álbum, photocard etc), em partes pq minha família julgava/julga muito e me perturba, em outras pq não tenho $$ suficiente, enfim..",0,0,at://did:plc:srw2loi7pvdua4ppxyjvidg2/app.bsky.feed.post/3lr5fzgbq2c2s
kpop photocard,2025-06-08T14:48:40.045Z,brettnyanderson.bsky.social,kpop photocard phonecase but suede!???,1,0,at://did:plc:v6u6x3ey5427tp3cf3wo246y/app.bsky.feed.post/3lr44bm7x4c22
kpop photocard,2025-06-08T14:15:43.849Z,cherryvenom.bsky.social,"let’s go lesbian

[ #dioart #mons:n #ocsky #artsky #ocart #oc #art ]",36,11,at://did:plc:nudevyilp5knekezhnidvb2m/app.bsky.feed.post/3lr42gixnp22x
kpop photocard,2025-06-08T07:16:54.248Z,hellomoomoo.bsky.social,"i care not for mtg but if i decide to get these, i would treat them like kpop photocard royalty..",1,0,at://did:plc:mhrh2m7nxad5wjwupt4yqrbe/app.bsky.feed.post/3lr3czo6eac2f
kpop photocard,2025-06-07T22:40:10.847Z,trashbambi.art,"this is the binder btw! comes in blue pink and purple

www.amazon.co.uk/dp/B0DX254ZNQ",0,0,at://did:plc:ddlhk7svyy7o5hrhkmh7o5m2/app.bsky.feed.post/3lr2g5rsm4s2z
kpop photocard,2025-06-07T19:41:42.247Z,sugimototeru.bsky.social,whenever i see someone withba photocard holder i always stare at it and try to figure out who it is. but usually it's some kpop boy and i don't know any of them,2,0,at://did:plc:6s5o4kpnnwd4vuotyewdz7oi/app.bsky.feed.post/3lr246n7ivs2w
kpop photocard,2025-06-07T05:30:35.643Z,bastilas.bsky.social,I have been sent a mission from the gods: put a kpop photocard on the wall of a Leopold's Tavern,3,0,at://did:plc:75fgfv2grn7pghcc45kwgmeh/app.bsky.feed.post/3lqymoxcdmc24
kpop photocard,2025-06-05T03:07:22.469Z,oliviadunham.bsky.social,pulled this seulgi pc i love WINNING,1,0,at://did:plc:yyaxjijuohoedr3ecbgn3qan/app.bsky.feed.post/3lqtdoqrfdk24
kpop photocard,2025-06-02T21:43:50.649Z,nebulia.bsky.social,i mean i went to the kpop store to get n.flying's new album and some essence but they didn't have the former so i left with 82major's newest album (they're coming to my city which is v rare) and too many facial products and photocard paraphernalia rip,2,0,at://did:plc:xn7csmhlj4e5iyceu7gkyu7q/app.bsky.feed.post/3lqnqoh26tk2d
kpop photocard,2025-06-02T21:41:05.553Z,nebulia.bsky.social,i went to the kpop store and bought a couple photocard sleeves and stickers and ofc i'm gonna put a yoongi in one and maybe sunmi or gwsn miya in another but i was explicitly planning to make a dimitri photocard for the third rip,4,0,at://did:plc:xn7csmhlj4e5iyceu7gkyu7q/app.bsky.feed.post/3lqnqjivt722d
kpop photocard,2025-05-30T18:03:38.553Z,tatilustra.bsky.social,"BTS x BT21 photocard series! 💜 (7/7)

Jungkook and Cooky! 🐰

#bts #kpop #btsfanart #btsphotocards #kpopphotocards #jungkook #jeonjungkook #btsjungkook #jungkookbts #bangtanboys #fanart #photocards #bt21 #linefriends #cooky",2,0,at://did:plc:iza27tctk65kghcbjubzk5i6/app.bsky.feed.post/3lqfsxwbw6o2f
kpop photocard,2025-05-28T18:08:43.552Z,thelittletangerine.bsky.social,"forms.gle/AKaBcqEDqa1S... 

INTEREST CHECK FOR A CASUAL SVT COLLAB
please help cure my svt brainrot im slowly going crazy

Likes and RTs appreciated~~

#youtaite #youtaiteworks #kpop #cover #collab #vsinger #vtuber",5,4,at://did:plc:oidlzczr45qmizo7spkcfar5/app.bsky.feed.post/3lqasd3hu5c26
kpop photocard,2025-05-28T08:44:05.164Z,vampilar.bsky.social,ahora llevo una photocard de la seulgi colgada del bolso porque he vuelto al kpop pero sólo con grupos de mujeres 💋,5,0,at://did:plc:wukwxx5xrbb7gy5rshbprjiu/app.bsky.feed.post/3lq7srh4dfk2p
kpop photocard,2025-05-27T05:51:41.247Z,zjsm.zip,crying when someone has a cheap kpop album to sell you then they say “i also have the photocard you can have it for $20” then what is the point…$4 cd immaculate unused condition but people got illness over these pieces of cardboard 😭,1,0,at://did:plc:e27b62phtzr3sjgs3zwdbctq/app.bsky.feed.post/3lq4yocs6x22a
kpop photocard,2025-05-26T18:08:35.654Z,joppingway.bsky.social,Não adianta nada eu ter parado de comprar photocard de kpop pra economizar se agora eu compro trocentos mangás por mês e toda hora to pensando putz e se eu for ali na esquina comprar mais dois,0,0,at://did:plc:qsxs65xrpl3vpbaygsb6smps/app.bsky.feed.post/3lq3rf36sv225
kpop photocard,2025-05-26T01:26:13.846Z,pumpkinhills.bsky.social,my best friend sent me thoth tarot for my birthday and tell me why it comes with a kpop photocard of aleister crowley,0,0,at://did:plc:2pgfpzgoa3fnfzttw57xhj5g/app.bsky.feed.post/3lpzzenqmgc2l
kpop photocard,2025-05-23T20:00:35.752Z,collarmemelody.bsky.social,Yeosang is always going to be my soft boy..HETmongi is so cuuuuute ;;,0,0,at://did:plc:yndg3zphqzsfuzh55iul4nvw/app.bsky.feed.post/3lpugadoaac2x
kpop photocard,2025-05-23T14:43:15.353Z,bagel5k.bsky.social,"this fuckin guy amiright 

#bnha #mha #overhaul #chisakikai #myart",30,8,at://did:plc:d74vgfrtsehbmvc7trdoec2x/app.bsky.feed.post/3lptuj2l6pc2k
kpop photocard,2025-05-22T16:22:59.245Z,camicerdeira.bsky.social,"Eu amo que photocard de Kpop é uns troço caro, raro de conseguir 

Os de Bini é comprou 3 pacote de absorvente ganhe um pacote. Gastei 45 reais no supermercado X ganhe um pacote.

É o que o Brasil dos anos 90 teria feito se existisse cultura de photocard na época",1,0,at://did:plc:vmcftxhs4uopqqr5dr3ogkd7/app.bsky.feed.post/3lprjmlhib22g
kpop photocard,2025-05-22T05:13:15.145Z,bagel5k.bsky.social,"he’s back! with more silly doodles 

#bnha #tomurashigaraki #mha #myart",55,12,at://did:plc:d74vgfrtsehbmvc7trdoec2x/app.bsky.feed.post/3lpqe6wdqdk2a
kpop photocard,2025-05-21T20:39:37.450Z,clancystardust.bsky.social,"SHINee - Don't Call Me - The 7th Album

My first comeback with SHINee!!! The first 2nd gen group I loved. Their vocals are just on another level. They didn't disappoint and kept up with the new music trends while still staying SHINee. Kpop princes and trendsetters for a reason.",6,0,at://did:plc:5ueg24jex7re2jckt3pt3mo6/app.bsky.feed.post/3lpphib6c6s2l
kpop photocard,2025-05-21T19:42:01.745Z,clancystardust.bsky.social,"BTS - Love Yourself 'Answer'

One of my favourite albums. It was one of the first kpop albums I ever bought.  I got it from another fan without a photocard:( but it's just so beautiful (both outside and inside). They got me into kpop, and I will forever love them 💜 Namjoon my first ever ult bias.",5,0,at://did:plc:5ueg24jex7re2jckt3pt3mo6/app.bsky.feed.post/3lppebdgwvc2s
kpop photocard,2025-05-21T17:03:59.055Z,tatilustra.bsky.social,"BTS x BT21 photocard series! 💜 (6/7)

V and Tata! 💖

#bts #kpop #btsfanart #btsphotocards #kpopphotocards #v #taehyung #kimtaehyung #btsv #btstaehyung #vbts #taehyungbts #bangtanboys #fanart #photocards #bt21 #linefriends #tata",3,1,at://did:plc:iza27tctk65kghcbjubzk5i6/app.bsky.feed.post/3lpp3gxfcbl2k
kpop photocard,2025-05-20T23:30:48.147Z,newestromantics.bsky.social,yall in the kpop bst community have got to be nicer 😭😭 getting mad at someone bc they didn’t offer u $50 for a photocard,1,0,at://did:plc:roaqv3tsf34holfejfhiblcx/app.bsky.feed.post/3lpnalqbs322q
kpop photocard,2025-05-20T18:18:09.556Z,genovaheights.bsky.social,"eu assim no show do gilberto gil pro meu namorado ""então se fosse show de kpop teria gente vendendo pulseirinha pra eu comprar!! e a gente ganhava uns photocard de todas as eras dele""",2,0,at://did:plc:3mlgissvslhblzcg4klri22m/app.bsky.feed.post/3lpmp535tbc2o
kpop photocard,2025-05-20T17:14:13.448Z,arssilee.bsky.social,Comprei o livro do bts (de novo) mas a versão que vem com photocard e lembrei disso aqui 😭😭😭,0,0,at://did:plc:qi6cbdzq5uttvjdjvufu5w6j/app.bsky.feed.post/3lpmlk7nepc2a
kpop photocard,2025-05-19T17:05:50.195Z,tatilustra.bsky.social,"BTS x BT21 photocard series! 💜 (5/7)

Jimin and Chimmy! 😋

#bts #kpop #btsfanart #btsphotocards #kpopphotocards #jimin #parkjimin #btsjimin #jiminbts #bangtanboys #fanart #photocards #bt21 #linefriends #chimmy",1,0,at://did:plc:iza27tctk65kghcbjubzk5i6/app.bsky.feed.post/3lpk2mgizky26
kpop photocard,2025-05-18T17:57:06.853Z,camilatheveil.bsky.social,estou num evento de kpop com minhas amigas e uma delas me deu de presente um photocard (não sou kpoper. não sei nem quem é ali),5,0,at://did:plc:nntxgiwsdkdz33q32c273lsd/app.bsky.feed.post/3lphmz6zx5s27
kpop photocard,2025-05-18T15:31:28.353Z,belpetit.bsky.social,"Vocês não tem ideia da coragem e ousadia que traz carregar um desse na bolsa, performa milagres",5,0,at://did:plc:3bq4bmrzd3qqefjkaebr4brc/app.bsky.feed.post/3lpheukkgvs2f
kpop photocard,2025-05-17T14:51:30.351Z,shliikawaii.bsky.social,I'm SO grateful that my May Shop Drop is doing well!! 🥹💖 www.shlii.com/shop/may-sho... #TYUdeongi #ateez #atiny #ateezyunho #LADS #sylus #ditto #pcholder #kpop #kawaiiart #plushart #plushartist #plushkeychain,6,2,at://did:plc:6ki5ndf4rom5caltsqijqhjm/app.bsky.feed.post/3lpes6d2tyc2s
kpop photocard,2025-05-16T18:03:27.153Z,tatilustra.bsky.social,"BTS x BT21 photocard series! 💜 (4/7)

J-Hope and Mang! 🫰🦄

#bts #kpop #btsfanart #btsphotocards #kpopphotocards #jhope #hobi #hongseok #kimhongseok #bangtanboys #fanart #photocards #bt21 #linefriends #mang",1,0,at://did:plc:iza27tctk65kghcbjubzk5i6/app.bsky.feed.post/3lpcmgoqhux2s
kpop photocard,2025-05-16T13:35:48.546Z,aiwueh.bsky.social,adorei que essa foto com assinatura da pra fazer photocard igual de idol de kpop,10,1,at://did:plc:lkvtjqtsdv7yvz6wlnvzhpbe/app.bsky.feed.post/3lpc5i4d6ds24
kpop photocard,2025-05-14T17:06:33.057Z,tatilustra.bsky.social,"BTS x BT21 photocard series! 💜 (3/7)

Suga and Shooky! 🍪

#bts #kpop #btsfanart #btsphotocards #kpopphotocards #suga #yoongi #kimyoongi #agustd #btssuga #sugabts #bangtanboys #fanart #photocards #bt21 #linefriends #shooky",1,0,at://did:plc:iza27tctk65kghcbjubzk5i6/app.bsky.feed.post/3lp5id3znl22t
kpop photocard,2025-05-13T20:32:23.748Z,tinkersstar.bsky.social,ir pra evento de yungi pra lembrar que existem coisas boas que so o dinheiro proporciona: bingo de kpop e comprar photocard,1,0,at://did:plc:zpy7ld4rwcccvh77grtdo6vs/app.bsky.feed.post/3lp3debgp4k2d
kpop photocard,2025-05-12T20:16:02.670Z,peaktaetae.bsky.social,"A Sabrina de 26 anos anda com PhotoCard na mochila
Tem blusinhas de Kpop 
Colarzinho de Kpop 
Boné de kpop
Adesivos na garrafa de Kpop 
Anda com o wallpaper de Kpop 
Tem pingente pendurado no celular
E cards na capinha

A Sabrina de 26 foi em show de kpop",2,0,at://did:plc:qkk4py6wwxkrs42ecmazaefi/app.bsky.feed.post/3loyry33xqk2c
kpop photocard,2025-05-12T20:16:02.653Z,peaktaetae.bsky.social,"A Sabrina de 17 anos morria de vontade usar PhotoCard na mochila
Morria de vontade de ter blusas dos grupos de Kpop
De usar colarzinho, adesivos por aí
De ir em show 
..",2,0,at://did:plc:qkk4py6wwxkrs42ecmazaefi/app.bsky.feed.post/3loyry32b2k2c
kpop photocard,2025-05-12T17:04:04.851Z,tatilustra.bsky.social,"BTS x BT21 photocard series! 💜 (2/7)

Jin and RJ! ✌️🍽️

#bts #kpop #btsfanart #btsphotocards #kpopphotocards #jin #btsjin #seokjin #kimseokjin #bangtanboys #fanart #photocards #bt21 #linefriends #rj",3,0,at://did:plc:iza27tctk65kghcbjubzk5i6/app.bsky.feed.post/3loyhat4vkz2n
kpop photocard,2025-05-12T15:28:06.050Z,cabidlia.bsky.social,"muitos ainda acham que se ouvir kpop precisa imediatamente entrar pra fandom, colecionar photocard e álbum, virar o estereótipo todo",1,0,at://did:plc:2sqyi6gemof2y6mzjp5ewrks/app.bsky.feed.post/3loybv7wz5k2l
kpop photocard,2025-05-10T23:55:17.053Z,tegobi.bsky.social,"y a veces escucha kpop con cait, a quien le gusta mucho twice y está enamorada de todas. pero a jayce aunque le gusta twice, le gusta más loona. cait una vez le regaló una photocard de chuu xq su canción fav es heart attack y está obsesionado con el mv",0,0,at://did:plc:asr354oiyasl4lhsy6twlboi/app.bsky.feed.post/3lou5cbtbtk2i
kpop photocard,2025-05-10T20:23:34.347Z,winduploporrit.bsky.social,Brother the way I want to buy this n deco him like a kpop photocard,1,0,at://did:plc:wqgwc4d2yob6i53zmlv77nzf/app.bsky.feed.post/3lotrhp7mm223
kpop photocard,2025-05-10T16:29:51.354Z,clancystardust.bsky.social,and my kpop boy is with me,4,0,at://did:plc:5ueg24jex7re2jckt3pt3mo6/app.bsky.feed.post/3lotefmnl6s25
kpop photocard,2025-05-10T03:03:30.244Z,oliviadunham.bsky.social,originally picked the lightstick but then remembered i keep chungha on the back of my phone,3,0,at://did:plc:yyaxjijuohoedr3ecbgn3qan/app.bsky.feed.post/3lorxdm2xgk26
kpop photocard,2025-05-09T19:52:29.052Z,myveiledheart.bsky.social,"i went to a summer camp and met a girl with a bts photocard in her phonecase and she told me about the kpop concerts she’d been to, kpop seemed cool so i started listening to the heart attack loona album lol",2,0,at://did:plc:t477hw7knlaxb3rc5crzi4rn/app.bsky.feed.post/3lor7ba4bxk2x
kpop photocard,2025-05-09T18:02:31.254Z,tatilustra.bsky.social,"BTS x BT21 photocard series! 💜 (1/7)

Namjoon and Koya! 😴

#bts #kpop #btsfanart #btsphotocards #kpopphotocards #kimnamjoon #namjoon #rm #rapmonster #bangtanboys #fanart #photocards #bt21 #linefriends #koya",6,1,at://did:plc:iza27tctk65kghcbjubzk5i6/app.bsky.feed.post/3loqz4ld4o62p
kpop photocard,2025-05-07T14:44:35.048Z,carekaled.bsky.social,"Já te falei isso, torcedor não tá a um photocard do kpop.

É só pegar ano de copa do mundo e os marmanjos (incluindo eu) trocando figurinha do álbum da copa",2,0,at://did:plc:f5ou5kboze575dci5a7jzd7v/app.bsky.feed.post/3loln4s5x5k2s
kpop photocard,2025-05-06T19:06:09.590Z,handle.invalid,"blessing me feed yet again ,,, WE ARE SO LUCKY 🤍 carl selfie it’s like i opened a kpop album and got the photocard ive been praying for 🫶 you are so gorgeous and ethereal and radiant !!!!! how does it feel to be a real life angel 🌷",2,0,at://did:plc:lsi2g5s7szzrdftx244d6lg6/app.bsky.feed.post/3lojlbmp4nc2p
kpop photocard,2025-05-03T18:10:09.088Z,lareira.bsky.social,Un kpop photocard holder book però per estampetes de verges i santes,3,0,at://did:plc:szxugfv7njgl72lr6pijigqr/app.bsky.feed.post/3lobwqqbl5c2h
kpop photocard,2025-04-30T12:34:02.786Z,getlit.bsky.social,i joined my kpop era end of 2023 and since then i think i didn't survive 2 months without buying at least one album or a photocard 😞 i fell bad,1,0,at://did:plc:pt3fpsymwn7gifmpxdu52frm/app.bsky.feed.post/3lnzskxiims2j
kpop photocard,2025-04-30T05:17:20.591Z,ossiconearts.bsky.social,"K-pop Photocard Holder INTEREST CHECK!

This is JUST an INTEREST CHECK. There are examples on the other slides.

If you'd be interested, the please take a look at the link in my bio!

#kpop #kpoppcholder #photocardholder #ateez #shinee #straykids #bts #zb1 #fanart",1,0,at://did:plc:sqg5b6b4saijh6qoqy6nrmem/app.bsky.feed.post/3lnz25gr37s2w
kpop photocard,2025-04-29T17:12:52.984Z,peiasleep.bsky.social,A mi me da gracia la gente que critica a los que escuchan kpop pero después andan como si nada con una photocard de su artista favorito colgada en algún lado jdjs,1,0,at://did:plc:c7w7iy7zthgi2ghx5mmhblhq/app.bsky.feed.post/3lnxronxqj22k
kpop photocard,2025-04-27T15:16:28.187Z,seisdefevereiro.bsky.social,eu amei que bebê reborn virou pros +40 o que photocard de kpop é pros sub 30,0,0,at://did:plc:jd2avhncezd36extpmahdk4d/app.bsky.feed.post/3lnskam4gpk26
kpop photocard,2025-04-27T00:30:52.286Z,ganqinghaver.bsky.social,being into hobbies w some overlap is funny bc i'll see ppl with their kpop photocard collections and i'm like OMG please get some penny sleeves!!! why are they bare in a binder or toploader,11,1,at://did:plc:ewev4nhevhw6npgck7dv2twr/app.bsky.feed.post/3lnqyr34u222y
kpop photocard,2025-04-26T14:38:10.986Z,hils.bsky.social,I’ve had to invest in a second cork board for all my keyrings and pc holders because the first one is full,8,0,at://did:plc:f63gs7wjckl365oqp5w4kvjq/app.bsky.feed.post/3lnpxn4qs322m
kpop photocard,2025-04-25T11:54:05.908Z,moeyah.bsky.social,"Ahí ya llegué yo para, al tiempo que la dependienta, soltar un ""la photocard!"" Como si fuese lo más obvio del mundo. 😂😂 Nos estuvimos riendo 3 días.
Nótese q para 2 señoras como nosotras, un PC es un ordenador de mesa, de toda la vida.
Hay que ir a los conciertos de kpop con el vocabulario estudiao!",0,0,at://did:plc:t34tsvk4hmii5l7kqq5on3gp/app.bsky.feed.post/3lnn5yt32w22a
kpop photocard,2025-04-25T08:37:06.378Z,conkdekpop.bsky.social,"¿Te estás adentrando en el #kpop o conoces a alguien que lo esté haciendo? 👀

Si andas un poco perdide con términos como photocard, bias, ult, wrecker o maknae, ¡no te preocupes que te ayudamos! 💜

👇🏻 ¡Os presentamos el Diccionario Kpoper! 👇🏻
conkdekpop.com/diccionario-...",2,0,at://did:plc:tn7737cvnrfxg5uz7y3aehw6/app.bsky.feed.post/3lnmsyjbzfk2x
kpop photocard,2025-04-24T22:27:26.585Z,hydrogenpink.bsky.social,"Hosting Majima's birthday event on May 10, 2025 @ Play Kpop Cafe in little tokyo! 

Gonna have artist alleys, cosplay meet ups, photocard gacha, stamp rally and MINIGAMES?!?

See ya there! 

#majimagoro #likeadragon #yakuza #yakuzapiratesinhawaii",58,21,at://did:plc:yj62q4jf6rzsaqxxf6q35lol/app.bsky.feed.post/3lnlqwepsl224
kpop photocard,2025-04-23T22:35:23.984Z,ptkorea.bsky.social,"photocard

https://www.ptkorea.com/411599/

Hi! I got my first kpop album and wanted to look up the pc’s but cant find the white yunjin one? Any help? 🙂 by Vaundysh",0,0,at://did:plc:hwozq3rgbq5yjow3jbmnphf7/app.bsky.feed.post/3lnjavbpiih2b
kpop photocard,2025-04-23T19:05:42.779Z,belpetit.bsky.social,500 reias em jogo? me desculpe mas eu sou adulta eu gasto 500 reais com photocard e álbum de kpop,10,0,at://did:plc:3bq4bmrzd3qqefjkaebr4brc/app.bsky.feed.post/3lniv6uemck23
kpop photocard,2025-04-23T17:27:24.581Z,lilytrainaauthor.bsky.social,"my desk, aka The ClutterZone. Featuring at least 5 kpop idols (more not pictured), my friend’s cats, and a couple hockey cards. also 800 pens and markers just off to the side. 

I always listen to music while writing, but something different every day!

#CRPDamselflies",11,0,at://did:plc:ehkkeiqgadsc5zkgo5odvjwq/app.bsky.feed.post/3lnipoxh5ns2i
kpop photocard,2025-04-22T19:24:22.279Z,thetiredclown.bsky.social,"I am currently trying to collect all of BTS albums because I now have adult money and I have no self control, but WHY HAS BASICALLY EVERY SINGLE PHOTOCARD IVE GOTTEN BEEN OF JUNGKOOK HELP I JUST WANT A TAEHYUNG PHOTOCARD V COME HOME THE KIDS MISS YOU 😭😭😭 #bts #kpop #btsalbums #photocards",3,0,at://did:plc:cn2ftiw7blcovmsfnz44fk4m/app.bsky.feed.post/3lngfr6ls6c23
kpop photocard,2025-04-19T23:25:52.078Z,horizonsports.bsky.social,"PYAJUU Stray Kids Laser Photocard 50pcs Stray Kids Laser Card Kpop Stray Kids LOMO Cards Kpop Straykids 5-Strar Album Card Stray Kids Photo Cards 5-Star Postcard Gift for Fans Daugher

amzn.to/4jsaWTB",0,0,at://did:plc:c337zpdxipxywbvvzvtzxjge/app.bsky.feed.post/3ln7bueqjns25
kpop photocard,2025-04-19T21:57:42.881Z,hils.bsky.social,"Kpop markets are dangerous, especially when they are being held in a kpop shop",7,0,at://did:plc:f63gs7wjckl365oqp5w4kvjq/app.bsky.feed.post/3ln74wnfo322m
kpop photocard,2025-04-19T01:46:10.284Z,orrery.bsky.social,"Kpop Nara:
KKOTI! Look who has a very special message just for you 🫶

Pre-order your copy of ‘Only cry in the rain’ now and get a random 1 of 3 KPOP NARA Exclusive CHUU photocard! ♥️ 

Visit 🔗http://shop.kpopnara.com now to check it out now!

#CHUU #Onlycryintherain 
#KPOPNARA",17,2,at://did:plc:pdgsl2l5ncwd2efdyqnopbl7/app.bsky.feed.post/3ln4zachydk2w
kpop photocard,2025-04-18T19:58:19.680Z,linebrawl.bsky.social,going to get a kpop photocard binder to store my hockey cards in,2,0,at://did:plc:yz3qghuoovtwvewl3utkapjt/app.bsky.feed.post/3ln4fsdmkx22w
kpop photocard,2025-04-16T18:01:18.183Z,withjetpacks.bsky.social,"Getting into kpop was one of the most expensive decisions for me. This is why I stayed away for as long as I did. I have no chill. 

*typing this as I wear my Lee Know shirt, on my phone with a Leebit pop socket, and Lee Know photocard in the case*",0,0,at://did:plc:sa6l7e6puwltrfjam55xyt77/app.bsky.feed.post/3lmx6dappe225
kpop photocard,2025-04-15T03:01:29.884Z,grossomondo.bsky.social,"hoje tava explicando pra uma mona do trabalho o que é um photocard de kpop aí tirei o meu da bolsa pra mostrar e ela finalizou assim ""ah então é um santinho de coreano que fica na sua carteira'",5,0,at://did:plc:56fuhztbhsqeq4eol4lhneth/app.bsky.feed.post/3lmt3lgmlrk2k
kpop photocard,2025-04-13T16:22:13.180Z,dunderella.bsky.social,"[ #ff16 #ffxvi #barnabastharmr #art ]

matching barney portrait for @/rallis-fatalis (tumblr) again! no candy heart for him tho bc he's too cool for it 🖤⚔️

#pals4pal #d4d",63,33,at://did:plc:ejewk6bjdznfm32vxrtuw2dn/app.bsky.feed.post/3lmphfaxb7k2n
kpop photocard,2025-04-12T19:34:47.585Z,dunderella.bsky.social,"[ #ff16 #ffxvi #joshuarosfield #art ]

pretty boi joshua doodles4donations request for @/rallis-fatalis (tumblr) 🔥❤️ drawn to match the cid and clive ones from valentines day!

#pals4pal #d4d",74,35,at://did:plc:ejewk6bjdznfm32vxrtuw2dn/app.bsky.feed.post/3lmnboodtu22i
kpop photocard,2025-04-10T00:18:39.383Z,heejinsoulyves.bsky.social,"Karina looks so good with pink hair, I'm speechless x.com/uchinagaey/s... #Karina #aespa #kpop",4,1,at://did:plc:d4epg3trz5gw4ozs2lcasiyh/app.bsky.feed.post/3lmga5guamc26
kpop photocard,2025-04-09T02:18:23.589Z,gabimanzano.bsky.social,"Gente como chama aquelas capinhas bonitas em que o pessoal coloca os photocard de kpop?? 

Tipo se for procurar pra comprar oq procura?",1,0,at://did:plc:cybfr2m2f32uvol62qngmwgy/app.bsky.feed.post/3lmdwepinc22z
kpop photocard,2025-04-08T21:14:18.383Z,exopclist.bsky.social,"XIUMIN INTERVIEW X  PHOTOCARD LIST
Full size in bio

+ POB, sign, video call, lucky draw: ktown4u, tower records, apple music, makestar, hello82, weverse, whosfan, beatroad, jump up, jj muze, withmuu, kpop together, fanplee, animate import, special stage, npop
+ Xtimes",2,1,at://did:plc:wqv3ycjlhl673td3ojyge2g7/app.bsky.feed.post/3lmdfelkbe22y
kpop photocard,2025-04-07T21:28:25.105Z,ivanist.bsky.social,I ended up buying a kpop album for the first time ever and ofcourse it had to zb1.. HANBIN LOOKS SO GOOD HERE 😭💜,13,0,at://did:plc:2lzd2wit75q7vb7x3eiz2thr/app.bsky.feed.post/3lmavoyjf5c2u
kpop photocard,2025-04-07T07:27:38.604Z,ryushoujo.bsky.social,"Ryu's CFXX Catalogue (3/3) 🧸🎀📚

Some kpop stuff like pouch, photocard holders, stickers are also available!

docs.google.com/forms/d/e/1F...

💦😏Fill up the form like how your fav oshi would fill you up",1,1,at://did:plc:hyyh23ykyjvcr6mez72pkqur/app.bsky.feed.post/3lm7gpow3h22s
kpop photocard,2025-04-05T22:29:05.203Z,keiririn.bsky.social,guess who made oshikatsu merch for one of her midterms (f/ace x wayv frequency design mashup) #tamonsbside #多聞くん今どっち,7,0,at://did:plc:sbrgthvpqjjik6jzzuz7uc7g/app.bsky.feed.post/3lm3y5tg2cc2h
kpop photocard,2025-04-05T21:16:59.497Z,amyelizabeth.bsky.social,"Me: I am going to make a Kpop photocard of Judith Butler.

Husband: Who is Judith Butler? What is a photocard?

Me: Oh my god, I get to tell you about Judith Butler and Kpop photocards???",7,0,at://did:plc:jxmrnxp7lrmgc7hswxlafygs/app.bsky.feed.post/3lm3u4zudls22
kpop photocard,2025-04-05T17:47:23.708Z,eosrose.bsky.social,Soon my kpop photocard collection is going to be worth more than my retirement account.,0,0,at://did:plc:5mjwxexj2mflrfsk43bcm7pf/app.bsky.feed.post/3lm3igaverc2s
kpop photocard,2025-04-04T18:53:56.411Z,brodes.bsky.social,kpop photocard and/or pokemon card gay,0,0,at://did:plc:lmhif3m7lfr5tjfluhin7ppq/app.bsky.feed.post/3llz3ocygbc2o
kpop photocard,2025-04-02T19:39:13.102Z,chantibom.bsky.social,a cartinha tal qual um photocard de kpop no cllr,1,0,at://did:plc:5omh3mg54kifpmukdp63bvda/app.bsky.feed.post/3llu5bggglk2l
kpop photocard,2025-04-01T14:38:04.602Z,yujinators.bsky.social,"[250401] Yujin - Superstar WakeOne Twitter update SSWO X Kep1er - Signed Photocard Event

#최유진 #유진 #Yujin #ChoiYujin #CHOI_YUJIN #ユジン #チェユジン #崔有真 #崔有眞 #Kep1erLeader #CLC #씨엘씨 #Kep1er #케플러 #Kep1erYujin #케플러유진 #Kep1er #케플러 #kpop",2,0,at://did:plc:lyq4zhsmt54m3zunb45ql57z/app.bsky.feed.post/3llr3xz3kas2j
kpop photocard,2025-03-30T07:57:50.600Z,winterwols.bsky.social,"apparently discord has a kpop photocard bot, just pulled dahyun",9,0,at://did:plc:oyjzr55omln4yug4ngf43pnv/app.bsky.feed.post/3llleojnakk2g
kpop photocard,2025-03-30T02:56:45.301Z,amyelizabeth.bsky.social,Tomorrow I’m making a KPop style photocard of Judith Butler.,4,0,at://did:plc:jxmrnxp7lrmgc7hswxlafygs/app.bsky.feed.post/3llktu5ahp22r
kpop photocard,2025-03-29T23:08:04.598Z,b3rryyyyy.bsky.social,"a coisa q eu mais amo no mundo é colecionar photocard/album de kpop, mt terapeutico",2,2,at://did:plc:wuo4q4tviasstssvdqd7yth2/app.bsky.feed.post/3llkh3764zk2l
kpop photocard,2025-03-29T20:25:56.199Z,reunilu-psd.bsky.social,"I’m so surprised that the Pokemon card collectors that like collecting the really cute cards haven’t looked towards kpop photocard collecting goods tbh

I know the ideal is toploader binders, but companies like Prism Platinum and Meow Cafe are so committed to better quality for pc collecting like",0,0,at://did:plc:yg674r4mvviuvuiropqdmzcr/app.bsky.feed.post/3llk5zbwek22p
kpop photocard,2025-03-29T16:22:34.604Z,hoseok-s.bsky.social,"been tidying my kpop room all morningggg ౨ৎ ˖ ࣪⊹ this is my le sserafim, enhypen, txt and photocard bookshelf :)",2,0,at://did:plc:y44umvlus2mjjz6xxtddpluj/app.bsky.feed.post/3lljqg2f6os24
kpop photocard,2025-03-28T00:24:53.801Z,eutedevoro.bsky.social,eu que ando com um photocard de kpop na capinha do celular do bandido pra ficar mais crível de que aquele realmente é meu único celular,1,0,at://did:plc:vubdnjw4763wxbuo5zips62q/app.bsky.feed.post/3llfkgqlpgc2h
kpop photocard,2025-03-27T17:52:35.902Z,xielianrkive.bsky.social,"ariel indo de ""nao gosto de grupo mais antigo de kpop"" p fazendo photocard do bambam 🤧",1,0,at://did:plc:s4lqgia5lo5binqhn2egbpkr/app.bsky.feed.post/3lleuja7lrk2w
kpop photocard,2025-03-27T17:09:39.715Z,motherofpigeons.bsky.social,"this grown ass adult with a kpop photocard and stickers on their phone, I know what you are",0,0,at://did:plc:ehuhqykt7zx5c25ftucfrwoj/app.bsky.feed.post/3lles4gijps24
kpop photocard,2025-03-27T01:54:40.905Z,haru2115.bsky.social,"Percebendo na TL que realmente é uma coisa muito humana a gente gostar de coisas de cartinha né, é gente trocando carta de Pokémon, ou coisas sobre Balatro, ou gente falando de arte das cartas de Magic ou photocard de kpop",1,0,at://did:plc:74rrybhha2lckwmgsnhjx4qw/app.bsky.feed.post/3lld6y3vtlk23
kpop photocard,2025-03-26T19:27:29.907Z,shannonmanorart.bsky.social,"My presents to myself: (G)I-DLE and GOT7 albums, EXID stickers and my Block B freebie (it’s even Yesterday 😭 that’s my favorite song)",4,0,at://did:plc:efssvhyx7tvqz5nk3xxhtuy6/app.bsky.feed.post/3llcjdvchuc2r
kpop photocard,2025-03-26T14:05:33.602Z,maih.bsky.social,someone was selling challia arsenal base card for rm50!!!!!!!!!!!!!!!!!!!!!!! and i thought what fuckery is this kpop photocard price. this is why i'll never be a card collector,0,0,at://did:plc:etpy5mzav2q3v2rdozbzyfq3/app.bsky.feed.post/3llbxedpims24
kpop photocard,2025-03-24T14:25:19.754Z,springchives.bsky.social,Übermensch acquired ✅️ I'm so confused about buying a kpop album that is regular CD sized?? wdym I don't need a special shelf just for this??? 😅 the taped photo card is also taking me out. in any case I'm delighted ☺️,5,0,at://did:plc:lcjsreran2fsbiu6atxrjrvw/app.bsky.feed.post/3ll4xjoj4uc2k
kpop photocard,2025-03-22T01:15:28.070Z,iatecivilization.xyz,being kpop photocard pilled for so long has sorta kinda transferred over to wrestling cards but i don't want to start a massive collection with these i just wanna have cute cards to make cute painted/deco toploaders for them,0,0,at://did:plc:2jxn46xzslbqm22gzuqqddam/app.bsky.feed.post/3lkwkhlf2is2n
kpop photocard,2025-03-21T09:19:31.848Z,saetbyeol.fyi,this one is sooo real. this + what boy paper im bringing. (kpop photocard),1,0,at://did:plc:n36p7pf7jjymnuzutirhygar/app.bsky.feed.post/3lkuv2chqvk2n
kpop photocard,2025-03-21T02:38:10.453Z,alssassin.bsky.social,i love engaging in my hobbies in very normal ways #mtg,1,0,at://did:plc:bldlqdcrruui3cnl5k65cumy/app.bsky.feed.post/3lku6mfwuqc2i
kpop photocard,2025-03-20T21:43:33.652Z,coldbrewclover.bsky.social,quick lil kpop post: my HoshixWoozi albums came in and I got a Woozi double horanghae photocard. My cuteness aggression wants to squeeze him so bad,0,0,at://did:plc:mudvox2h2sqbrkx6et72eijz/app.bsky.feed.post/3lkto5q5mhk2w
kpop photocard,2025-03-20T21:35:37.958Z,revolution.monster,os kpop chama isso de photocard,0,0,at://did:plc:slb33c4omyt6fd4bdzcaiadd/app.bsky.feed.post/3lktnpmahms23
kpop photocard,2025-03-19T18:22:26.049Z,cyberbird.bsky.social,Me for literally 15 years: I'm not a kpop photocard collector but what I got organically via album purchases is cute. Me now: But what if I collected the most expensive pc set that currently exists?? (it's Jonghyun),1,0,at://did:plc:cs7hndtrxyuhfb3ogs7d45uf/app.bsky.feed.post/3lkqshatdic2y
kpop photocard,2025-03-19T14:11:18.051Z,winterbunny.bsky.social,Fiquei rindo igual idiota na frente dos técnicos da Internet pq o @eumakino.bsky.social me mandou um reels de uma doida com um photocard do Djavan kkkkkk aí juro eu amo o mundinho kpop,3,0,at://did:plc:2faxqvnre7wcgeecicf6ifwo/app.bsky.feed.post/3lkqefp6hbs2f
kpop photocard,2025-03-18T22:45:24.463Z,pixelpeony.bsky.social,"My sparkly photocard sleeves arrived, I'm gonna go bonkers tonight doing test runs, ahhhhhhhhhh I understand the kpop girlies now, this is absolute joy for me (and I can still make a regular sized print out of them)

I'm almost done with my LaDS set aaaaaaaaaaa",4,0,at://did:plc:4gvazjzgrt3wdbdosrqigvvi/app.bsky.feed.post/3lkoqobqdl22o
kpop photocard,2025-03-18T01:15:37.649Z,daeaurora.bsky.social,was feeling very crafty tonight!,4,0,at://did:plc:4fqzqqyzivnvip3zupemlfod/app.bsky.feed.post/3lkmim5qhxk2j
kpop photocard,2025-03-16T22:21:09.455Z,fraktsiya200.bsky.social,"Pior que é 
Colocar photocard de idol de kpop na bolsa para verem que sou jovem e relatable",1,0,at://did:plc:qqqmxenfpqjrngpxy2dwy65h/app.bsky.feed.post/3lkjofdphhs2l
kpop photocard,2025-03-16T16:36:25.253Z,bloodyfawn.eurosky.social,"Me pasó con un trend de kpop que tuvieron un día de ponerse la photocard en el escote y vale, en mis fandoms lo puedo llegar a ""aceptar"" porque son para gente adulta, pero hay muchísimos fandoms que son mayoritariamente para menores y EUGH",1,0,at://did:plc:6zi5jkpm6msotl54inyvrqwa/app.bsky.feed.post/3lkj34v4pzs2m
kpop photocard,2025-03-14T20:42:40.149Z,lilscherries.bsky.social,"são bonequinhos pequenos, tem gente colecionadora doente, é tipo uma mafia igual as colecionadoras de photocard de kpop KSKSKSKSK",2,0,at://did:plc:hs644lfl5ml55syqizc456jq/app.bsky.feed.post/3lkehxey43k2f
kpop photocard,2025-03-14T19:44:54.145Z,zapgenius.bsky.social,"AY QUE AQUÍ NO HE PRESUMIDO MI ÁLBUM DE HOP.

Mi primerito álbum de kpop y es de mis perdidos que ilusión jo 🥺🥺",0,0,at://did:plc:sxiaf5k2irzu4bugqfz6a32t/app.bsky.feed.post/3lkeepsdhsc2q
kpop photocard,2025-03-13T23:06:05.561Z,basedbimbo.bsky.social,THE KPOP STORE HAS THE PHOTOCARD I WANT BUT I CANT GO TODAY WHAT IF ITS GONE BY TOMORROW 😭😭😭😭,0,0,at://did:plc:o45z5phc5yxividudbnqp6yj/app.bsky.feed.post/3lkc7iwnqic2w
kpop photocard,2025-03-13T15:13:00.954Z,lapin.bsky.social,but everyone hold my hands and manifest with me my kpop boy bleaching his hair please i need this so bad i think it might fix me i just want a blonde haired photocard omfggg,5,0,at://did:plc:pqpjet5kjc4prilfencljsrk/app.bsky.feed.post/3lkbf2zdnxs2c
kpop photocard,2025-03-12T20:37:50.959Z,jimjiikoo.bsky.social,share.temu.com/ctmbr0QhPzA,1,0,at://did:plc:azpcxbkmfzuiieqwn3yglk7u/app.bsky.feed.post/3lk7gqqpz3c26
kpop photocard,2025-03-12T17:10:20.554Z,mistonia.fairy.blue,oohh so they fit trading card size!! i didn’t even consider that bc all i saw was kpop photocard size and i was like “that will Not fit”,1,0,at://did:plc:rgghjhvicazhoacv5y7rjzlj/app.bsky.feed.post/3lk735v7tv22p
kpop photocard,2025-03-12T16:21:52.257Z,vminkooker.bsky.social,MADE ITTTTTT feat. this cute freebie I got :'),3,0,at://did:plc:ewh3e473hdnkrw2jtb7gumvz/app.bsky.feed.post/3lk6ygxux4c2n
kpop photocard,2025-03-11T05:15:10.051Z,trinidaddy.bsky.social,"Would it be weird to 
1. bring my kpop light stick to the nine inch nails concert?
2. Get a custom trent reznor photocard for my bag to bring to the nine inch nails concert?",0,0,at://did:plc:bbb36xk5dugtnx7ikus3nu3n/app.bsky.feed.post/3lk3cq5hp6c2l
kpop photocard,2025-03-10T13:18:57.749Z,vivelaraia.bsky.social,"The new glam is rlly cute wth HAHAHA 

its giving kpop photocard",21,4,at://did:plc:6xz4xapj5ma3oyaxhqmjnen7/app.bsky.feed.post/3ljznbxo7e22q
kpop photocard,2025-03-09T12:28:07.649Z,zezeni.bsky.social,"Um hábito que eu acho muito fofo é de andar com photocards pendurados na bolsa, é tipo andar com seu Pokémon na bolsa, cada um com seu kpop boy/girl de apoio emocional

Amo toda vez que tô na rua e vejo alguém com um na bolsa e fico 🫵 eu amei o SEU photocard 🥰 nós somos 👭 da mesma tribo 😎😜",0,0,at://did:plc:uktfi4e5vkprbebhbpdopy65/app.bsky.feed.post/3ljwzyglmg22m
kpop photocard,2025-03-06T15:01:29.757Z,mystsaphyr.art,"Gonna go to the local kpop shop today to 1) buy photocard holders and 2) consult about running cupsleeve events

Little do they know……….. I’m not a kpop fan",10,0,at://did:plc:jfuswkt5nhxyyx32a4bqjnik/app.bsky.feed.post/3ljpr5y4v6s2v
kpop photocard,2025-03-06T02:01:03.059Z,geekyglamorous.bsky.social,"This Saturday! Join us for our KPOP Market at the shop. Freebies, vendors (with both kpop and geeky goods), photocard deco station, and of course cool merch from GG!",0,1,at://did:plc:7b4ju727eabfl24clkpsjf4z/app.bsky.feed.post/3ljofkgkgs22a
kpop photocard,2025-03-03T07:10:16.352Z,endormoo.bsky.social,"My Kpop photocard collection crossed the 2,000 mark today. 😳",3,0,at://did:plc:v6wcs64ybz73hvkqviwgh262/app.bsky.feed.post/3ljhfglw76k2q
kpop photocard,2025-03-03T00:33:09.256Z,mingislucifer.bsky.social,& last but not least a BE Hobi and a JITB wv pob with his little frame,0,0,at://did:plc:sp2ipmckc3pvafegeqzd72j4/app.bsky.feed.post/3ljgp7g3pkk2x
kpop photocard,2025-03-02T22:03:17.949Z,hydrogenpink.bsky.social,"Hosting Majima's birthday event on May 10, 2025 @ Play Kpop Cafe in little tokyo! 

Gonna have artist alleys, photocard gacha, stamp rally and MINIGAMES?!?!

We are currently accepting Artist Alley/Swap Meet apps here!

docs.google.com/forms/d/e/1F...

See ya there! 

#majimagoro #likeadragon",30,10,at://did:plc:yj62q4jf6rzsaqxxf6q35lol/app.bsky.feed.post/3ljggugqhxc2q
kpop photocard,2025-03-02T19:34:51.863Z,middiedm.bsky.social,"The colour of the last drawing I uploaded you is horrible on my phone, so I readjusted it. Have a Han that doesn't hurt your eyes to compensate for that 🧡",2,0,at://did:plc:tckj4lmoqxq3vcbv5kt5mydh/app.bsky.feed.post/3ljg6l3ctas2m
kpop photocard,2025-03-01T09:15:40.251Z,cutesren.bsky.social,Pf.... Si te sirve de consuelo yo llevaba una photocard de kpop oficial en el bolso y una niña me la robo :( desde entonces la que llevo está con candado XD,0,0,at://did:plc:sbayj24nryzv7euce6vxqh7i/app.bsky.feed.post/3ljclixztj22z
kpop photocard,2025-03-01T01:59:04.350Z,handle.invalid,kpop idols will pose with anything for a photocard 🤦🏻‍♀️,7,1,at://did:plc:mgljypha3mcdw5jse5jenehp/app.bsky.feed.post/3ljbt44t65c2u
kpop photocard,2025-02-28T10:36:05.554Z,marianatwinkle.bsky.social,o photocard de kpop vsffffff,3,1,at://did:plc:6oxqii7engormxl7gcs6qh4b/app.bsky.feed.post/3lja7juwots2w
kpop photocard,2025-02-27T22:10:38.865Z,whosdriving.bsky.social,"Looking to trade Nine, Mill, and unit card of Rie and Junji for Yoojung, KB, and unit card of KB and Yoojung. 
#kpop #kpopsky #OnlyOneOf #photocards #fortrade",1,1,at://did:plc:bgluwjq72oxg3sivz3vplshg/app.bsky.feed.post/3lj6vuta5lk2g
kpop photocard,2025-02-27T02:05:15.453Z,everydayshea.bsky.social,our local kpop shop will replace your nct photocard if you pull jail from an album you bought from them & i think that's a beautiful way to promote a safe & loving community,15,3,at://did:plc:5jd6sch2d4jfgxuldfxmlxur/app.bsky.feed.post/3lj4sjj4h5k2f
kpop photocard,2025-02-26T09:03:32.753Z,hils.bsky.social,Aww bless my deputy chair of the LGBTQ+ network just messaged me and was like ‘I don’t know anything about kpop but the person next to me on the bus has this on their bag and I’ve seen you post similar things’,15,0,at://did:plc:f63gs7wjckl365oqp5w4kvjq/app.bsky.feed.post/3lj2zghthv22h
kpop photocard,2025-02-26T05:33:45.950Z,allegoriest.bsky.social,Got a holo Seifer card and I need to make one of those kpop photocard keychains from him for my car,1,0,at://did:plc:hmfmypyikg6l5curiajy23w2/app.bsky.feed.post/3lj2npdkwqk2a
kpop photocard,2025-02-23T18:02:37.156Z,dorklarue.bsky.social,"In case anyone was wondering, trading cards are slightly different dimensions than kpop photocards, but by a small enough amount that they will usually still fit into photocard holders. 
On a completely unrelated note, there are a lot of very lovely Star Trek trading cards on eBay.,.",3,0,at://did:plc:vnw7ddkaf7fhwzyok6cpecpa/app.bsky.feed.post/3liug5ptrs22w
kpop photocard,2025-02-21T17:50:09.848Z,theboralife613.bsky.social,"📣📣 [Photocard collector survey] if there are photocard collectors in my bubble who see this, please help- a survey on your experiences on collecting pcs. Thank y’all so much in advance and please spread it so we can get more inputs 💕💕
Link: app.youform.com/forms/1eqybzjc

#kpop #photocards",0,0,at://did:plc:uhcc3h6xb5rskuj6heh64yd6/app.bsky.feed.post/3lipejlrwss2j
kpop photocard,2025-02-21T13:08:20.949Z,handle.invalid,eu falando pra minha psicóloga que eu quero comprar álbum de kpop e photocard,1,0,at://did:plc:mb6aik4qjn7d4accd6bxfo3c/app.bsky.feed.post/3liouroljqc2j
kpop photocard,2025-02-20T03:06:27.153Z,nastr0nd.bsky.social,i need a kpop photocard of him,4,0,at://did:plc:iahunydqc4fxiutowx6rqo2a/app.bsky.feed.post/3lilcmlchjk2h
kpop photocard,2025-02-18T21:03:01.453Z,tlmuse.bsky.social,"Oh really? Then let me introduce the term because it delights me!

Boypaper: Photocards, posters, magazines, fanart featuring male pop idols. (There is also girlpaper as the photo indicates)",2,0,at://did:plc:rgkq5al6i2nhqq2qni4w36q4/app.bsky.feed.post/3lii5vlo4vk2m
kpop photocard,2025-02-18T20:16:16.061Z,geekyglamorous.bsky.social,"KPOP Market happening at GeekyGlamorous 3/8! 

Join us for:
💜Free BTS Cupsleeve 
💜Shop goodies from KPOP themed artists 
💜Free Photocard deco station 
💜Free BT21 Notebook with the password “RJ” 

📍13634 Burbank Blvd 
Sherman Oaks CA 91401",0,0,at://did:plc:7b4ju727eabfl24clkpsjf4z/app.bsky.feed.post/3lii3c2gy222a
kpop photocard,2025-02-18T19:49:10.757Z,floralchemies.etheirys.social,i hope all the emet fans put his mtg cards in lil photocard holders and bring him around the world like hes their kpop bias,19,0,at://did:plc:vz7eolbisqmg6t74cnklfmvz/app.bsky.feed.post/3lihzro4hr22o
kpop photocard,2025-02-17T05:21:38.353Z,bodyguardau.bsky.social,Todays haul >>>>,8,0,at://did:plc:7vckszoltop4umo4gfrgs7c6/app.bsky.feed.post/3lidytcmlps2a
kpop photocard,2025-02-16T21:41:37.552Z,hils.bsky.social,"I think I need another cork board for my bedroom

Sad potato Mingi is judging the pile of stuff that I don’t have space for",3,0,at://did:plc:f63gs7wjckl365oqp5w4kvjq/app.bsky.feed.post/3lid74rnd2k2r
kpop photocard,2025-02-16T07:46:32.249Z,effteeeye.bsky.social,"Describe yourself using 5 items that are in your bag at any given moment

- Silk Scrunchie
- Chapstick
- Power Bank
- Photocard of Kpop Idol Of Choice (Currently: Yves)
- Meet & Greet Cards of Setsuna Yuki (Coco Hayashi) and Rina Tennoji (Chiemi Tanaka)",2,0,at://did:plc:fivz75scobrjrb4brxxqnjei/app.bsky.feed.post/3libqhnnwuc2s
kpop photocard,2025-02-15T22:33:56.453Z,ksminah.bsky.social,these egg pcs and their hold on people… www.tiktok.com/t/ZT2DVwjMU/,0,0,at://did:plc:vifvgr6uditjufh5qepaagqr/app.bsky.feed.post/3liarlhommc22
kpop photocard,2025-02-15T20:32:08.957Z,fraktsiya200.bsky.social,Eu tô a um passo de fazer photocard dele como se ele fosse idol de kpop,1,0,at://did:plc:qqqmxenfpqjrngpxy2dwy65h/app.bsky.feed.post/3liakrpkkck2m
kpop photocard,2025-02-15T13:08:02.057Z,angelminyard.bsky.social,azazel andando por aí com photocard de kpop na capinha do celular,3,0,at://did:plc:z4viwhkq5drgv2dllrnidg5q/app.bsky.feed.post/3li7rxl63722f
kpop photocard,2025-02-15T08:19:48.549Z,florianna.bsky.social,"Yayyyy I finally received Yeri's photocard! The seller was kind enough to include this Irene pc too!
#redvelvet #kpop",0,0,at://did:plc:ub456ojbomt53qauyhilnaan/app.bsky.feed.post/3li7bty2xys2b
kpop photocard,2025-02-14T22:44:44.252Z,mayyuumei.bsky.social,"eu achava photocard de kpop uma besteira, mas hoje eu torraria meu dinheiro em chekki assinado/comigo junto 

a diferença é q oq sustenta o o kpop não são os photocard, que nem é com os chekki :p",3,0,at://did:plc:3q4p3xgniqdilvr66mmuiniy/app.bsky.feed.post/3li6bpv3jfs2z
kpop photocard,2025-02-14T17:49:34.956Z,miles-soong.bsky.social,Y’all rockin wit my Brent Spiner photocards??,26,3,at://did:plc:iopc6mb6oz5owzxlveyjjzi6/app.bsky.feed.post/3li5r7wtqdc2q
kpop photocard,2025-02-14T15:38:56.264Z,shliikawaii.bsky.social,Feb Drop SOON!! At noon (Eastern time). Handmade plush photocard holders will be p r e o r d e r / made upon o r d e r 💝 Limited slots available. | #kpoppc #kpopphotocards #pcholder #pokemoncards #kpop #pokemon,3,0,at://did:plc:6ki5ndf4rom5caltsqijqhjm/app.bsky.feed.post/3li5jwgc3qs2z
kpop photocard,2025-02-14T02:47:25.960Z,izzycraw.bsky.social,i need to date someone so i can send them my kpop-photocard-in-bra photos bc they’re Very Good,2,0,at://did:plc:aj7abbdxrcjdmprzzvgscpg6/app.bsky.feed.post/3li46sxjigs2d
kpop photocard,2025-02-13T10:31:04.955Z,tapiocawizard.bsky.social,Icon vs artist! 🥰,16,4,at://did:plc:jmihpfqsqkvrvvl4u7jfihvj/app.bsky.feed.post/3li2iay3ppk2a
kpop photocard,2025-02-11T03:53:27.561Z,cyreneswife.bsky.social,apparently somebody took a photo of their boobs with a photocard attached to it for jeongin (kpop boy from straykids) bday . and now everyones been doing it w their interests like kpop or anime,1,0,at://did:plc:fqyxeb54quc3u2txhkh6k6bu/app.bsky.feed.post/3lhur4b2nck2d
kpop photocard,2025-02-11T03:30:32.450Z,thirankills.bsky.social,awesome idea: that kpop photocard boob trend but im a boy so i put the card in the waistband of low rise pants,3,0,at://did:plc:lfebbdydgskmdlmbepiwsny2/app.bsky.feed.post/3lhuptbph222e
kpop photocard,2025-02-10T17:36:00.854Z,clovercoza.bsky.social,"why are tiktok kpop stans mad at the photocard trend as if they don’t comment “raw, next question” under every idol’s video 🤨 this trend is for grown people move",12,0,at://did:plc:i4grg56aqhjltlcgne436weo/app.bsky.feed.post/3lhtom6mvwk2y
kpop photocard,2025-02-10T14:20:15.650Z,rivnxm.bsky.social,are kpop fans doing the photocard trend on here too cause if so i may have to join,4,0,at://did:plc:ibvxoztkqtvdc2gbpec75ivu/app.bsky.feed.post/3lhtdo5js422s
kpop photocard,2025-02-10T14:01:22.458Z,korekawaii.com,"🌸 Keep your Kpop photocard collection organized and #kawaii with these binders! Perfect for fans of any group, these binders are sure to add a touch of quirkiness to your collection.

🛍️ www.KoreKawaii.com",1,0,at://did:plc:ycozirz2kil264ke5k47zg54/app.bsky.feed.post/3lhtcmc6res2j
kpop photocard,2025-02-10T09:00:36.453Z,rosedaughters.bsky.social,the kpop photocard in boobs trend on twitter is so fun i wanna join so badd!!!!!!!!! fuck my stupid baka modest muslim life,2,0,at://did:plc:4zl5zu7wgevad5vvzlrpcbwj/app.bsky.feed.post/3lhsrsk5j5k2z
kpop photocard,2025-02-10T06:59:55.051Z,florianna.bsky.social,"Waiting for Yeri photocard to ship from Red Velvet~

Will also buy Joy and Itzy's Yuna 😊

#kpop",0,0,at://did:plc:ub456ojbomt53qauyhilnaan/app.bsky.feed.post/3lhsl2r7ku22w
kpop photocard,2025-02-10T06:35:28.054Z,handle.invalid,would do kpop boob photocard trend but i have a cups…yall be easy tho…,2,0,at://did:plc:ckeaiff3qwlu2hlvt3qpix47/app.bsky.feed.post/3lhsjozsqjk22
kpop photocard,2025-02-09T02:51:17.053Z,calliemtg.bsky.social,Wait no wrong ones !! www.amazon.com/Photocard-Ba...,1,0,at://did:plc:4koawjvtbf44maazw7nsk5eg/app.bsky.feed.post/3lhpmpaaf7s2m
kpop photocard,2025-02-09T00:21:50.647Z,doiepics.bsky.social,made some kpop photocard sales today! YAY!,3,0,at://did:plc:5s37v54b5egeu35wlgo45pwc/app.bsky.feed.post/3lhpedzdfc22h
kpop photocard,2025-02-07T23:37:30.360Z,pixelpeony.bsky.social,"Anyone got any reccs on photocard printers, cause like......I'll make them, I'll do it, I'll draw everyone (trying to avoid the rainforest site) 

where the kpop girlies at, helllllllppp",0,0,at://did:plc:4gvazjzgrt3wdbdosrqigvvi/app.bsky.feed.post/3lhmrfsrd5k2n
kpop photocard,2025-02-07T23:12:10.349Z,shliikawaii.bsky.social,hello my friends. Who likes kpop? Who likes pokemon? Who likes photocards and pokemans cards? Lol okay for real tho I'm proud of this. 🤣 Made a plush pokedex photocard / poké card holder keychain!! First time sewing clear vinyl (for the lil window). It went well!!,2,0,at://did:plc:6ki5ndf4rom5caltsqijqhjm/app.bsky.feed.post/3lhmpyhktvk2g
kpop photocard,2025-02-07T22:31:40.858Z,feyrion.bsky.social,I’m going to print out Thegan and Feyrion to go in those photocard holders btw <person that owns a binder full of actual kpop ones,10,0,at://did:plc:otxfwa6nqsrc2252j6mqq6r5/app.bsky.feed.post/3lhmnq3vuhc27
kpop photocard,2025-02-07T17:15:22.955Z,skwiddo.bsky.social,I think that anyone playing #MTG Commander should decorate their commanders like photocard toploaders like the kpop girlies.,1,0,at://did:plc:tfw6brfu7fkgftsyjcdl6uy7/app.bsky.feed.post/3lhm42gy7t22r
kpop photocard,2025-02-06T11:57:04.456Z,somethingsometime.bsky.social,The OG,0,0,at://did:plc:fz7f76jbuuvyupozhpo5x5fh/app.bsky.feed.post/3lhizs7b2ts26
kpop photocard,2025-02-06T11:52:40.450Z,somethingsometime.bsky.social,#helloitsme #kpop #baekhyun I cannot tell you how unbelievably funny this is.,2,0,at://did:plc:fz7f76jbuuvyupozhpo5x5fh/app.bsky.feed.post/3lhizkdrnbc26
kpop photocard,2025-02-03T22:35:43.557Z,seolarlix.bsky.social,bingaurr,2,0,at://did:plc:2lnkijgxodcqqflakqupovqa/app.bsky.feed.post/3lhcm3lsr722n
kpop photocard,2025-02-02T19:05:57.665Z,wonhaed.bsky.social,"New video is live on the second channel now! I'm officially back in the Kpop photocard trade/sale game and I'm determined to complete my collection goals this year! Hope you enjoy~
🔗https://youtu.be/5KPNxJEpKxQ",8,0,at://did:plc:z5dkz64tgko3o2i635wcz5v3/app.bsky.feed.post/3lh7pvla7tk2t
kpop photocard,2025-02-02T18:41:42.147Z,kittyarcade.bsky.social,my little haul from a pc trading event yesterday.🥰,1,0,at://did:plc:mt7reycrqzshvnqsydf5puek/app.bsky.feed.post/3lh7ok73jwc2g
kpop photocard,2025-02-02T07:41:03.956Z,notpainttoolsai.bsky.social,I understand deranged kpop stans bringing their fav’s photocards everywhere they go and whenever they eat they take a pic of the food with the photocard. I understand y’all now,0,0,at://did:plc:ycefn42wecunwwc64qip7d7a/app.bsky.feed.post/3lh6jmwthw22v
kpop photocard,2025-02-02T02:54:52.349Z,thislittlecafe.bsky.social,"Hello, I'm Ally! ARMY since the 2013 💜 I make #bts fan merch and #art for my lil kpop shop!",12,4,at://did:plc:ei2o2eg7tlye35ijljmhqdwe/app.bsky.feed.post/3lh5zn5aatc2a
kpop photocard,2025-02-02T02:05:38.658Z,lailakaasik.bsky.social,3dprinteritwitter vms: ma pole liiga palju tarka sellega teind veel aga ma printisin just viimasel hetkel konsale minekuks kpop photocard holderi ja praegu prindin diy merchi sõpsidele 🙃🙃 selleks seda vaja ongi,6,0,at://did:plc:2euveuwlmdngnsahqmfw6si5/app.bsky.feed.post/3lh5wv5w52224
kpop photocard,2025-02-01T17:01:29.353Z,mainslayer.bsky.social,Yeah then you probs like music that creates a mood. You’d be surprised at the taste kpop fans have like I like aphex twin and there’s a guy who took his kyuhyun photocard to a slipknot concert 🤣 also kpop randomly has stuff like this as album openers open.spotify.com/track/4rGDcb...,0,0,at://did:plc:fyuxotc2bgedybb2gtiw4hi5/app.bsky.feed.post/3lh4yi4gsps24
kpop photocard,2025-02-01T14:21:35.157Z,rainbowgrden.bsky.social,finally 8 days later here are the photocard pulls for both the “jennie: solo” & “illit: i’ll like you (gillit - between ver)”,1,0,at://did:plc:uukybeu3uvnwcxzeaoqd5jzl/app.bsky.feed.post/3lh4pjub76s2z
kpop photocard,2025-02-01T07:45:59.448Z,roadkillrose.bsky.social,"Anybody have any recs for photocard holders? (Like kpop photocards). 

I have wayyy too many Vox ones and it’s time I organise em! I might make it into a video or stream 🤔",1,0,at://did:plc:hiuxbo7oeezuza2at4tvrge4/app.bsky.feed.post/3lh3zgtf5622z
kpop photocard,2025-02-01T04:35:32.357Z,kpopinthesouth.bsky.social,"📢 Exciting News! 📢

Kpop in the South is hosting our first non-K-pop event—a Heaven’s Official Blessing gathering!

Join us for a BL-filled day with cosplay, photocard trading, giveaways, and more! Don’t miss out on the fun! 

Stay tuned for details—see you there! ❤️👑 #TGCF #BLFans #KpopInTheSouth",1,0,at://did:plc:la5ejoiptul2r6fpcb3d54cw/app.bsky.feed.post/3lh3os6nnm226
kpop photocard,2025-02-01T01:00:03.251Z,paapersam.bsky.social,"about to go live on twitch sorting my kpop photocard collection !!!! expect skz, ateez, txt to appear :3 twitch.tv/paapersam",1,0,at://did:plc:6fbyw2p2tszpa4ujkwb7vf45/app.bsky.feed.post/3lh3cqxkxz22x
kpop photocard,2025-01-31T18:31:43.263Z,shannahbanana.bsky.social,There was a Plave photocard on the trading wall at the kpop store but I couldn't decide on any cards I could part with so it stayed there.  There was so a Changbin.  I felt bad I couldn't take him home.  🤣,1,0,at://did:plc:wildxkm7hzegrn4qbczg7vp4/app.bsky.feed.post/3lh2n2lmiks2j
kpop photocard,2025-01-31T15:36:19.251Z,gentleblahaj.bsky.social,"my friend got me into a digital kpop photocard collecting bot on discord. and it’s great because it’s instant gratification and doesn’t cost real money unlike physical photocards, but terrible because i’m addicted to it and also it has casino slots. I LOVE CASINO SLOTS.",1,0,at://did:plc:fxfmostmh7ndaufhwx6sskj3/app.bsky.feed.post/3lh2dawr3e22e
kpop photocard,2025-01-31T13:11:00.156Z,fraktsiya200.bsky.social,"Twitter sempre tem uns debates ridículos né 
Agora a da moda é que é feio namorar e colecionar photocard de idol de kpop
Eu nem coleciono, mas porra
Meu último ficante era um nerdola cujo sonho era dar pro Pedro Pascal e eu achava ele um divo",5,0,at://did:plc:qqqmxenfpqjrngpxy2dwy65h/app.bsky.feed.post/3lh2353lstk2g
kpop photocard,2025-01-30T18:27:39.164Z,mariahryaya.bsky.social,The beaus to keep me company during my birthday brunch and shopping until dinner tonight!💜 #kpop #bangchan #seonghwa #kpopsky #celebrate,0,0,at://did:plc:wytgwtnspld7mrwjvbqxt4hc/app.bsky.feed.post/3lgy4edbrt22j
kpop photocard,2025-01-30T17:16:39.757Z,iseeblueprints.bsky.social,kpop order from like two months ago FINALLY arrived :D preordered hop and ordered a couple other albums at the same time,3,0,at://did:plc:j5ellplvapbx6nuaixefnyod/app.bsky.feed.post/3lgxyephmps24
kpop photocard,2025-01-30T09:55:34.247Z,cursedy.bsky.social,The kpop experience is going to a concert and trying to figure out what photocard of your idol you want to take that’s super cute but not cute enough to be stolen,0,0,at://did:plc:n7wjgaqmtgc5qnfjz7qaom5m/app.bsky.feed.post/3lgx7qphsyc2j
kpop photocard,2025-01-30T00:00:03.755Z,tofuplusbeast.bsky.social,"Deco'd the Pikachu Ricky photocard I got with my PREZENT album--might add more small little stickers once I sort through my leftover supply

#ZEROBASEONE
#RICKY",5,0,at://did:plc:dk5qgps4r4a4p2m4rj2bzsm5/app.bsky.feed.post/3lgw6hqzpqk2l
kpop photocard,2025-01-29T16:28:31.747Z,riizuna.lgbtq.blue,"I need a cute photocard holder (⁠◍⁠•⁠ᴗ⁠•⁠◍⁠)⁠✧⁠*⁠。

#kpoptwt #gidle #kpop #promosky #promotwt #miyeon",4,0,at://did:plc:k2wjmgba5kquaupnto4kynyv/app.bsky.feed.post/3lgvfabdqus2n
kpop photocard,2025-01-28T22:10:19.551Z,acantha.etheirys.social,also all my kpop albums fit here not just nct!! the lowest shelf has all my toppdogg cclown and boys rep albums and the doors under it has that fuckass loveholic bear and my photocard albums,0,0,at://did:plc:rigmeyg2kinwyypyvdi6mc24/app.bsky.feed.post/3lgthupidqc2c
kpop photocard,2025-01-28T17:37:31.355Z,sadgeniuslab.bsky.social,I can imagine sanji having a keychain photocard holder with zoro's model face in it and pretends he is his own kpop idol,3,0,at://did:plc:fgiqeb5pyq2e3zilolv4ke6c/app.bsky.feed.post/3lgsymts2rs2s
kpop photocard,2025-01-28T17:35:27.755Z,wonhaed.bsky.social,"New video featuring Kpop Stationery is live now!! Today we’re going to be reviewing some of their new products and fixing my Stray Kids non album binder! Be sure to use code Carolyn10 at checkout to save $$$ on Kpop photocard products!
🔗 youtu.be/bcUXjUgykto",12,0,at://did:plc:z5dkz64tgko3o2i635wcz5v3/app.bsky.feed.post/3lgsyj57ptk2w
kpop photocard,2025-01-28T12:34:19.856Z,insidiousintent.bsky.social,Cupsleeve goodies in London! #wooyoung looks extra pretty in this holder,2,0,at://did:plc:ucdh3w46nykvqhwnwvqlivbg/app.bsky.feed.post/3lgsholsry22x
kpop photocard,2025-01-27T16:49:43.460Z,shortsinnamonroll.bsky.social,I love em so much djsjxb become a kpop stan for your wol have a photocard,1,0,at://did:plc:5gyqklobbqps7hut6uz526wm/app.bsky.feed.post/3lgqfij2tis2t
kpop photocard,2025-01-27T15:58:00.858Z,svenwyn.bsky.social,"Oh man, I might have to order a duplicate Emmrich to do this. My bff is a huge kpop fan and does cute photocard things and I always want to do one too. Perfect excuse! 😇",1,0,at://did:plc:mpk5aj5p5mumnx6rcxitjcil/app.bsky.feed.post/3lgqcm2ncp22y
kpop photocard,2025-01-26T19:35:37.551Z,amayugas.bsky.social,"My personal favorite are from meowcafe shop, they also have a heart holo & soft glow option! meowcafeshop.com/products/65x...",1,0,at://did:plc:spcdsseicsruben24m3ji4oy/app.bsky.feed.post/3lgo6c65nrc2x
kpop photocard,2025-01-26T15:22:43.250Z,gresiteisland.bsky.social,"Ayer me cruce con un grupo de amigas que iban charlando y riendose cada una con su photocard colgada del bolso.

aaa.... sentí mucha envidia.
Echo de menos tener amigas que les guste el kpop aqui en mi ciudad orz",3,0,at://did:plc:t7e3hnjh3jfkj4i2ipcs52vf/app.bsky.feed.post/3lgnq5ykhnk2p
kpop photocard,2025-01-25T01:22:21.954Z,chkchkbru.bsky.social,ensinando meu amigo que não entende nada de kpop sobre como funciona a venda de photocard,1,0,at://did:plc:ysmflyrfinfszrxssoqe34f5/app.bsky.feed.post/3lgjqqg44ck2s
kpop photocard,2025-01-24T04:53:30.151Z,mintsung.bsky.social,lol we’ve joked about that! we were saying their resume needs to include their photocard binders and they have to be able to get above 60% on a guess the kpop song video on youtube 😭😭,2,0,at://did:plc:7i2rixqseeopjzwjzbqpe52v/app.bsky.feed.post/3lghm32325c2s
kpop photocard,2025-01-23T03:26:55.859Z,aprilscherry.bsky.social,i wonder if there’s a kpop photocard selling/trading community yet on bluesky… the instagram algorithm is terrible now for trying to find or sell pcs 😩,2,1,at://did:plc:cgircmdz55czk3tfojkxxy5c/app.bsky.feed.post/3lgewrd2bvk23
kpop photocard,2025-01-22T19:12:02.171Z,hils.bsky.social,What I have learned since I started going to cupsleeves and making friends with other kpop fans is that I’m not particularly bothered about collecting photocards (beyond what comes in my albums) but I am rarher addicted to collecting photocard holders 😅,13,0,at://did:plc:f63gs7wjckl365oqp5w4kvjq/app.bsky.feed.post/3lge34fe3k22l
kpop photocard,2025-01-22T17:19:32.666Z,cowbpy.bsky.social,"It was like $30 in total 😓, now accepting donations to feed my Kpop photocard addiction 🤲",0,0,at://did:plc:tjshnc767t74gj73e3h5cghk/app.bsky.feed.post/3lgdutai55c2d
kpop photocard,2025-01-22T03:45:15.251Z,mollymaukery.bsky.social,ter que viver em sociedade e ler fã de kpop burro reclamando que tem POUCO photocard em merch. se quer entoxar o cu de ceo de dinheiro vai lá e faz isso pessoalmente sua anta para de encher o saco na internet,1,0,at://did:plc:hmrczytin6o7q2jg3zzjb3im/app.bsky.feed.post/3lgchd6etss2t
kpop photocard,2025-01-21T19:39:17.761Z,yunexa.bsky.social,naw not me having to make a burner PINTEREST account for wedding inspo to share w/ my future MIL bc my actual pinterest is full of kpop idol pics & photocard templates 💀 BURNER PINTEREST ACCOUNT...,2,0,at://did:plc:c64iz3jwvgi245cpylbwl6mm/app.bsky.feed.post/3lgbm67je6k26
kpop photocard,2025-01-21T03:26:31.867Z,shipyrds.bsky.social,wow this is HORRENDOUS. I need us to be designing box sets like kpop albums. I need a log lady photocard,1,0,at://did:plc:62yxrl4xec3azka3lkedonyi/app.bsky.feed.post/3lg7vsspuvs2w
kpop photocard,2025-01-20T17:17:19.863Z,wonhaed.bsky.social,"New video is live on the channel now!! Let’s hang out and package some Kpop Photocard trades and sales 🫶🏼 hope you enjoy!
🔗 youtu.be/xr4HTMg5yXE",11,1,at://did:plc:z5dkz64tgko3o2i635wcz5v3/app.bsky.feed.post/3lg6trf5fzk2n
kpop photocard,2025-01-19T23:59:50.257Z,nicolelarizza.bsky.social,"My #seventeen #mingyu Kpop photo card collection 

Water seventeen mingyu kpop photocard collection #kpop #mingyu #seventeen #shortsfeed #shorts #short
youtube.com/shorts/opj_1...",0,0,at://did:plc:6by44zbisxpgcoux2aqkn744/app.bsky.feed.post/3lg4zs6yask2p
kpop photocard,2025-01-19T23:59:04.060Z,nicolelarizza.bsky.social,"My #seventeen #mingyu Kpop photo card collection 

Water seventeen mingyu kpop photocard collection #kpop #mingyu #seventeen #shortsfeed #shorts #short
youtube.com/shorts/opj_1...",0,0,at://did:plc:6by44zbisxpgcoux2aqkn744/app.bsky.feed.post/3lg4zqrbddc2p
kpop photocard,2025-01-19T17:56:10.660Z,mtndewzerosugar.bsky.social,And what if I carried this around like a kpop photocard,1,0,at://did:plc:v7zc2zsqdskp2faktq4qwbir/app.bsky.feed.post/3lg4fhu7ggk2o
kpop photocard,2025-01-19T16:26:14.365Z,sexycurrygoat.bsky.social,"...the way it's always a BTS/kpop fan that ends up saving things. I NEED A LIGHTSTICK HOLDING, PHOTOCARD COLLECTOR TO SAVE US AGAIN 😭",0,0,at://did:plc:ymfqpspa6hf2wxqfw5rteyii/app.bsky.feed.post/3lg4ah5jvqs2y
kpop photocard,2025-01-18T15:50:20.456Z,economizaplay.bsky.social,"✅ 5 Unidades - Sleeve Holográfico para Photocard, Idol, Kpop, Pokémon, Magic, Holografico - SEM PVC 

😍 Por R$ 9,99 

🔗 Link: https://economizaplay.com.br/descontos/categoria/101399/outros 

",1,0,at://did:plc:gqndyzpbi3r3tyi3xyudtoff/app.bsky.feed.post/3lfzny2hy662w
kpop photocard,2025-01-17T17:27:23.151Z,heavenslilylover.bsky.social,just found these and i need to know which of your pc’s are going in the soju bottle pc holders?? 🤭,10,2,at://did:plc:g4242lk6gxplad7d5l5a6rqr/app.bsky.feed.post/3lfxcwloqok2r
kpop photocard,2025-01-17T16:52:54.846Z,aprilscherry.bsky.social,"mine is only for kpop photocard training so if flashes has a better algorithm for that because insta’s is SHIT, i will be Moving 🙂‍↕️",0,0,at://did:plc:cgircmdz55czk3tfojkxxy5c/app.bsky.feed.post/3lfxayz4hh22d
kpop photocard,2025-01-17T06:09:19.852Z,fleshverse.bsky.social,"kpop fans nowadays have no idea how good we have it, when i started being a kpop fan you would buy an album for a group with any number of members and it would literally have ONE SINGLE photocard in it. dark times",16,2,at://did:plc:t6kndnf5wtz7og6ggdibp5ih/app.bsky.feed.post/3lfw52adcfc26
kpop photocard,2025-01-16T22:54:52.555Z,handle.invalid,i got this one! www.amazon.co.uk/Photocard-Re...,1,0,at://did:plc:6qxjxaowqwinziywryuabwid/app.bsky.feed.post/3lfverdgkt22r
kpop photocard,2025-01-15T20:30:12.059Z,monbebepabo.bsky.social,"Show me the photocard that goes everywhere with you - in your phone case, in your bag or hanging from it in a cute holder 🥰 

I'll start: 

This I’m From promo pc of Monsta X Shownu lives in my bag, should really get him a better home than this scratched toploader tho 😅

#kpop #monstax #shownu",3,0,at://did:plc:xopm2ey6mehmm7qxx7nqb7h3/app.bsky.feed.post/3lfsm7klyvk2b
kpop photocard,2025-01-15T18:00:55.054Z,missglossart.bsky.social,"As a kpop stan who loves photocards.. this feels like a photocard.

#hazbinhotel #hazbinhotellucifer",1,0,at://did:plc:ijz3fkzacbwwcr5mygwtksq7/app.bsky.feed.post/3lfsduo4uks26
kpop photocard,2025-01-15T14:00:49.354Z,sunnysaegyo.bsky.social,ahhh eu comprei sem pob msm 😔 foi pra vc aprender a ser fiel!! kkk eu comprei o limited no kpop planet e o accordion no star photocard (eu te julgando sendo q nem eu msm sou fiel saio comprando em várias lojas diferentes 🤭,1,0,at://did:plc:m7lvbm5q6znxghmchdunc552/app.bsky.feed.post/3lfrwhgptwc23
kpop photocard,2025-01-14T21:01:50.263Z,gabjkook.bsky.social,omg eu achava que photocard era coisa de kpop e afins,1,0,at://did:plc:fpkw4qol7etm4vclmloyw33u/app.bsky.feed.post/3lfq5jdl4fc2l
kpop photocard,2025-01-14T14:42:43.954Z,naktern.bsky.social,meu primeiro photocard de kpop foi um da giselle em whiplash (ganhei de brinde comprando uma camisa da giselle em whiplash),2,0,at://did:plc:6ul7iuo62rvnvh2lnls2oa3a/app.bsky.feed.post/3lfpidh4cec2b
kpop photocard,2025-01-14T12:45:51.764Z,iseeblueprints.bsky.social,everyone here being queer and into kpop makes it impossible to tell for me whether this means a photocard collecting binder or a chest flattening binder lol,2,0,at://did:plc:j5ellplvapbx6nuaixefnyod/app.bsky.feed.post/3lfpbshmi7s2k
kpop photocard,2025-01-14T10:47:41.259Z,mochihells.bsky.social,Lojinhas pra fãs de kpop que decoram photocard costumam ter hehe eu gosto da yestodaystore e inbloomshop,2,0,at://did:plc:bj3x7c7sl4d7mdbpjb2ikb4t/app.bsky.feed.post/3lfp3762ies25
kpop photocard,2025-01-14T08:21:59.160Z,loveme2death.bsky.social,i feel like a new woman (just changed the kpop photocard in my case),7,0,at://did:plc:ytwgrzuyq7ynfccj4vraqbhu/app.bsky.feed.post/3lfot2n4mts2m
kpop photocard,2025-01-14T05:31:33.652Z,winterwoman112.bsky.social,"I wait for it to drop on YT music.  There's hype in fandom before the grand drop. Then I get home, do all my stuff and then sit down to finally listen to a song or watch an MV. 
For Kpop or Cpop albums, the most exciting part of opening a CD is to see what photocard it came with.",1,0,at://did:plc:idh32gsooe36g75ykaj6eoba/app.bsky.feed.post/3lfojjtwvxk2w
kpop photocard,2025-01-12T23:53:58.948Z,gentleblahaj.bsky.social,i put my transit pass in a cute photocard case and put a photocard in front of it so when i tap on to the streetcar it actually scans so it looks like i’m scanning with a kpop photocard i’m yellingfbfhfkgkfk I DIDNT THINK IT WOULD ACTUALLY WORK,13,0,at://did:plc:fxfmostmh7ndaufhwx6sskj3/app.bsky.feed.post/3lflg7d7wps2j
kpop photocard,2025-01-12T20:52:35.756Z,seaswallowsall.bsky.social,I need a cutesy kpop style deco photocard of him tbh,18,0,at://did:plc:o3ceufl4wmkuq75qmgmsvyx5/app.bsky.feed.post/3lfl42ykrp22a
kpop photocard,2025-01-12T03:34:10.457Z,migikun.bsky.social,"Friends: *celebrating MAL 😈*

Me: I just cleaned my phone and replaced its case AND Kpop photocard in it 😎",12,0,at://did:plc:6bxuueem5xcosuib7w2otls7/app.bsky.feed.post/3lfjbzzsu5c2z
kpop photocard,2025-01-11T20:59:08.957Z,ennokos.bsky.social,My coworker has this cure like change purse thing with a kpop boy photocard on the front and I’m like 🧍‍♂️ need something like that for my ship,3,0,at://did:plc:r3d5dj72mctjljpmtyzhnoao/app.bsky.feed.post/3lfilxs7f4k24
kpop photocard,2025-01-11T19:51:53.952Z,voidcrest.bsky.social,"🌹 YCH Valentine's Day Photocard commissions!

✦ inspired by kpop pocas and photobooths!
✦ portraits of one or two characters in a sketchy style.
✦ framed and clean versions.
✦ form will be open until 18th of january.

🔗⬇️ fill form below to apply!
forms.gle/QXaSsJAYsvSu...",209,119,at://did:plc:4hhszwlllj6uogivcuzr4no6/app.bsky.feed.post/3lfii6imruc2k
kpop photocard,2025-01-10T07:38:14.253Z,annateacheskorean.bsky.social,"Most popular Kpop related vocabulary (part 2):
📙 응원봉 - Lightstick
📙 히트곡 - Hit Song
📙 데뷔 - Debut
📙 음반 - Physical Album
📙 포카 - Photocard
📙 솔로 - Solo
📙 대기실 - Waiting Room
📙 타이틀곡 - Title Track
📙 음원 - Digital Track
📙 연기 - Acting

#korean #studykorean #kpop #learnkorean",4,0,at://did:plc:ihrzfoglkmav5a4gyfxfjzvj/app.bsky.feed.post/3lfeoqpxv2k2w
kpop photocard,2025-01-10T01:46:13.452Z,yuqii1.bsky.social,"Vey, domingo, vou p um evento de kpop, espero q lá tenha photocard 😭🙌🏻",1,0,at://did:plc:vcumdqwigyyqzetgifpjl634/app.bsky.feed.post/3lfe33abqgk2k
kpop photocard,2025-01-09T21:45:43.653Z,avnfeatherfault.vtubers.social,"I need a couple of those cutesy blinged-out KPop photocard holder thingies so I can carry around photos of my two babygirls

Zhongli and Luigi Mangione",3,0,at://did:plc:km2ex2dw6idshfzqpcpvug4w/app.bsky.feed.post/3lfdnn5q3vc2s
kpop photocard,2025-01-09T19:06:04.050Z,coffiell.bsky.social,"#HC | Also RE:Suzuno being into kpop, idk if she’d be a stan exactly, BUT I think it’d be funny if Aphrodi told her and Nagumo he was going back to Korea for a bit and wanted to know if they want him to get them anything so Suzuno just pulls up her phone and shows him a photocard she’s looking for……",3,0,at://did:plc:tjyyywenxij4zqimcii34fcl/app.bsky.feed.post/3lfdepq5hsk2l
kpop photocard,2025-01-09T17:29:50.761Z,eitaluthai.bsky.social,"pro azar da minha mãe, ela tem uma filha collector de photocard de kpop e uma outra q é a maluca dos livros 

essa vai era toda a herança q os netos dela vão ter",5,0,at://did:plc:ke2rjo6yau77mhyi24mvhvto/app.bsky.feed.post/3lfd7dmzzic2o
kpop photocard,2025-01-09T16:09:38.251Z,dominiqueuqinimod.bsky.social,OBASHATA ig niggas was capping,0,0,at://did:plc:s5mpz264vzuirtdi6q32s76k/app.bsky.feed.post/3lfd2u6v25k2a
kpop photocard,2025-01-09T10:04:22.152Z,bfencer.bsky.social,Me sinto trocando photocard de kpop,1,0,at://did:plc:r6gpcrr73map5vojpm3zovsd/app.bsky.feed.post/3lfcgh2v5hs2j
kpop photocard,2025-01-09T03:04:21.358Z,ninisprout.bsky.social,"….Anyways….can people show me their favorite photocard and why????? It doesn’t matter what group I’m just curious
#kpop #exo #shinee #ateez #nct #got7 #redvelvet #blackpink #aespa #straykids",3,0,at://did:plc:a7tk4om2dyxpmim3zb4jatka/app.bsky.feed.post/3lfboxyrb222g
kpop photocard,2025-01-08T15:40:49.470Z,lily33-369.bsky.social,"AÍ OS MEUS PAIS ESTRANHARAM, E VOCES SABEM PORQUE? PORQUE O VERSO DO PHOTOCARD ERA DIFERENTE 

OU SEJA, DE ACORDO COM O MEU SONHO, ESSE POVO AÍ QUE EU CITEI PARECE IDOL DE KPOP",5,0,at://did:plc:bsb2meeo4tsoyqchegqrsbyq/app.bsky.feed.post/3lfairs6dwc2r
kpop photocard,2025-01-07T15:53:41.848Z,kevgami.bsky.social,Girl gave me a kpop photocard after we introduced ourselves to each other what does this mean,1,0,at://did:plc:y44f63qdenqw6eg6uaq5lkhj/app.bsky.feed.post/3lf5yzwa7nk2x
kpop photocard,2025-01-07T13:37:48.147Z,floralchemies.etheirys.social,legit didnt think that gpose would get much in terms of like people seeing my vision bc i wasn’t so sure if i executed it properly. i wanted to go for the writing on the mirror/camera lens deal! and i like how it turned out looking like a photocard you’d get for your kpop bias LOL,31,0,at://did:plc:vz7eolbisqmg6t74cnklfmvz/app.bsky.feed.post/3lf5rgwdcb226
kpop photocard,2025-01-07T02:17:52.745Z,orrery.bsky.social,"#Chuu message for US store Kpop Nara
(Strawberry Rush exclusive photocard event)",18,1,at://did:plc:pdgsl2l5ncwd2efdyqnopbl7/app.bsky.feed.post/3lf4lh3fd522l
kpop photocard,2025-01-07T00:32:22.454Z,floralchemies.etheirys.social,her business card is just a kpop photocard,1,0,at://did:plc:vz7eolbisqmg6t74cnklfmvz/app.bsky.feed.post/3lf4fkia2ds2z
kpop photocard,2025-01-06T16:13:24.150Z,iseeblueprints.bsky.social,online kpop order 1/4 has finally arrived!,6,1,at://did:plc:j5ellplvapbx6nuaixefnyod/app.bsky.feed.post/3lf3jnxwias2y
kpop photocard,2025-01-06T00:45:18.948Z,pink-sky-lark.bsky.social,"Emotional support paper boys 🩷📎

#bangchan #hyunjin #kpop #skzfanart #Straykids #staytist #straykidsfanart",31,9,at://did:plc:hlepdlaryixi3vxractczsyw/app.bsky.feed.post/3lezvsk3qxc2k
kpop photocard,2025-01-05T18:53:25.159Z,iseeblueprints.bsky.social,went to sokollab 👍 twice and skz albums acquired,6,0,at://did:plc:j5ellplvapbx6nuaixefnyod/app.bsky.feed.post/3lezc54zpqc2b
kpop photocard,2025-01-03T16:59:38.055Z,transzag.bsky.social,hoje o namjoon vai pra piscina comigo,3,0,at://did:plc:4v33ybhcjdkb7iskxyz26ih7/app.bsky.feed.post/3leu2tz44os2c
kpop photocard,2025-01-02T17:47:47.846Z,hils.bsky.social,The thing I love about kpop merch is the sheer amount of stuff you get. Here’s everything that comes in the season’s greetings (@foxxcub.bsky.social) (1/3),3,0,at://did:plc:f63gs7wjckl365oqp5w4kvjq/app.bsky.feed.post/3lern3agnss2z
kpop photocard,2025-01-02T00:58:21.449Z,handle.invalid,4x4 pc binder,1,0,at://did:plc:ipeablzsoiuknh2ui5o72f4e/app.bsky.feed.post/3lepuobnawk2x
kpop photocard,2025-01-02T00:57:24.654Z,handle.invalid,pcv free sleeves,2,0,at://did:plc:ipeablzsoiuknh2ui5o72f4e/app.bsky.feed.post/3lepummjxy22x
kpop photocard,2025-01-01T23:02:38.651Z,meriby.bsky.social,"eyeing this for replies bc I also need to finish/update my ffxiv photocard art for printing… (I was considering etsy services that do kpop card prints for ppl + include a card back side too) 💃

rn I just have a badly printed edit of sesame saying ‘can you stop fucking around’ in a tiny frame 😭",1,0,at://did:plc:c2qp2ievptmxxzgohjkpupkr/app.bsky.feed.post/3lepo7fnxj22h
kpop photocard,2025-01-01T00:25:54.546Z,omiomipepperoni.bsky.social,robbed hi,25,0,at://did:plc:f5s6o6vcvnnkeis3sankz2m5/app.bsky.feed.post/3lences6gg22x
kpop photocard,2024-12-31T22:05:10.756Z,iatecivilization.xyz,this was the photocard challenge i've ever done like damn i really ate that,1,0,at://did:plc:2jxn46xzslbqm22gzuqqddam/app.bsky.feed.post/3len2jo2xsk2b
kpop photocard,2024-12-31T21:16:22.059Z,haedaldesigns.bsky.social,"✨ 🚨 Just launched! Our Photocard Holder Display Stand now comes in vibrant new colors! Perfect to elevate your K-pop collection. 

🌈 Shop now: www.haedaldesigns.com/product-page...

or 

💖 Learn more: wix.to/SGVaY7E 

#Kpop #HaedalDesign",0,0,at://did:plc:3azhcb4dnbzndycvpvmrinv6/app.bsky.feed.post/3lemxsg6tzc2j
kpop photocard,2024-12-30T22:24:38.148Z,pahskz.bsky.social,"Gente meu instagram tá cheio de gente postando foto de photocard e eventos que foram no ano todo, imagina a vergonha de gostar de Kpop e gastar dinheiro e ouvir essas coisas, tem gente q gastou uma fortuna em show,embarrassing, couldn’t be me, bem que o povo da igreja fala que esse mundo ta perdido",4,0,at://did:plc:lv3nltjjvrilaasxgwztciil/app.bsky.feed.post/3lekl5iu7622h
kpop photocard,2024-12-30T20:48:42.857Z,neonovanouveau.bsky.social,mtg bluesky I know you’re there. Do Magic the Gathering cards fit into those kpop photocard holders,0,0,at://did:plc:o35ztqp5oqbfh2au22ve6jpp/app.bsky.feed.post/3lekfs3l2kc2s
kpop photocard,2024-12-29T19:02:56.449Z,itsmetinaaaa.bsky.social,I get all my kpop binders and photocard sleeves on TikTok shop. They’ve had me since the beginning of the year just for certain things lmao,1,0,at://did:plc:k4kxtrfsas2um5ikg6gb43rq/app.bsky.feed.post/3lehpfzs5ck2p
kpop photocard,2024-12-29T06:33:01.648Z,le-tarragon.bsky.social,it was packaged like a kpop photocard 😂😂😂,1,0,at://did:plc:r5bh3lme5g4suxifzqhnyj5x/app.bsky.feed.post/3legfj2rjjc2w
kpop photocard,2024-12-28T15:48:03.352Z,hawkshadow.bsky.social,I very much believe in luck and karma. The universe is extremely powerful and things always circle back around. My kpop photocard luck is insane and I usually have great energy for that - I’m always spreading my energy to others too. So *maybe* the concert in Feb……….. 👁️👄👁️,1,0,at://did:plc:i4wuzlofusmskbzbtdrzysb7/app.bsky.feed.post/3leeu2mq34k27
kpop photocard,2024-12-28T12:42:06.450Z,rainbowgrden.bsky.social,photocard pulls!! #kpop,0,0,at://did:plc:uukybeu3uvnwcxzeaoqd5jzl/app.bsky.feed.post/3leejnj5d422o
kpop photocard,2024-12-27T11:28:23.251Z,rainbowgrden.bsky.social,my photocard pulls fron the kpop album!!,4,0,at://did:plc:uukybeu3uvnwcxzeaoqd5jzl/app.bsky.feed.post/3lebv32st7s25
kpop photocard,2024-12-26T14:04:40.847Z,danimeow.bsky.social,kpop photocard collector gf & pokemon and mtg card collector bf means immeasurable amounts of card sleeves and toploaders at each others place,3,0,at://did:plc:ks6igvow7qjpduz63awzviw4/app.bsky.feed.post/3le7ndwnnwk27
kpop photocard,2024-12-26T08:40:33.551Z,impfckr.bsky.social,"I know I've said this before, but I need stolitz photocards. Instead of kpop photocards. Just Blitzø and Stolas doing cute poses that I can carry around in the cute little photocard holders.",18,4,at://did:plc:iueqstp6woboeepmexkuqgiv/app.bsky.feed.post/3le73aevfic24
kpop photocard,2024-12-26T01:41:29.452Z,shagarbm.bsky.social,"Kpop Merch Photocard Binder Cute 400 Pockets Photocard Holder Book with Sleeves Photo Album for Lomo Cards

Large Capacity: 4-Slot for card binder with 50 pages of sleeves can hold up to 400 cards, providing plenty of space to get all your cards organized and protecting your loving cards Premium…",0,0,at://did:plc:fprctofpwabq5rmaatrrglog/app.bsky.feed.post/3le6dszc2lj2r
kpop photocard,2024-12-25T16:58:14.947Z,lapin.bsky.social,thinking abt what video to make next... if anyone has smtn theyd like to see let me know or else ill end up doing something like showing off my kpop babygirl photocard collection,1,0,at://did:plc:pqpjet5kjc4prilfencljsrk/app.bsky.feed.post/3le5glffh3c2q
kpop photocard,2024-12-23T20:37:12.550Z,bruchadeblair.bsky.social,amiga pior q eu não sei pq originalmente são fotos que vêm junto com os álbuns de kpop e aí a galera sempre cuidava mto pois eh CARO mas  e aí as pessoas começaram a fazer photocard de outras coisas tbm,1,0,at://did:plc:6wfg2qercdapp4ivaetjlrbn/app.bsky.feed.post/3ldyruzu37k2j
kpop photocard,2024-12-23T16:14:38.355Z,pixelpeony.bsky.social,"So one thing I noticed about artist alley this weekend -

Is that people really like photocard fanart prints (like what the kpop girlies use), definitely was looking up card holder manus on the flight home",7,0,at://did:plc:4gvazjzgrt3wdbdosrqigvvi/app.bsky.feed.post/3ldyd7jbjc22w
kpop photocard,2024-12-23T15:50:09.052Z,makar-ro.bsky.social,"okay so . i absolutely adore sticker spam aesthetics, especially that of kpop photocard types and adaptations of it for fictional charas

so . behold vore deco toploader feat. rare traditional art + my arcanine x jigglypuff oc

(tbh this would be the dream to do in artist alleys for folks,,)",25,4,at://did:plc:vczpkeh46uyz6hri22nqtxbg/app.bsky.feed.post/3ldybtn5pvs2c
kpop photocard,2024-12-21T21:04:34.146Z,paleatlantis.bsky.social,i already have the card so this one will be getting the kpop photocard treatment,1,0,at://did:plc:xf3nlsirqtdcftanzndyfdim/app.bsky.feed.post/3ldtsi5qbhk2a
kpop photocard,2024-12-19T15:00:09.155Z,guiamichelana.bsky.social,“É um photocard. De kpop. Você aceita foto da minha identidade? Aparentemente deixei em casa”,1,0,at://did:plc:jhiccrr4rzltvgeofq34647s/app.bsky.feed.post/3ldo56nq3ts2w
kpop photocard,2024-12-19T01:41:59.749Z,zgymorph.bsky.social,"Art train 💫
Artists show off your merch! Original or fanart, quote with something you made! 

#StrayKids #Ateez #AteezFanart #StrayKidsFanart #kpopfanart",12,2,at://did:plc:gqijc4taeyzjathyfcohmaso/app.bsky.feed.post/3ldmqldjtuk26
kpop photocard,2024-12-18T23:36:05.948Z,allkpop.com,Epik High's Tablo proposes a unique photocard idea as a good luck charm for students www.allkpop.com/article/2024...,1,0,at://did:plc:2qxlvo4iq45vggfnohi4zcd6/app.bsky.feed.post/3ldmjkd7yn22x
kpop photocard,2024-12-17T18:56:34.149Z,desustar.bsky.social,"A cotton candy bubblegum ball, a toploader with a pro wrestler card inside decorated like a kpop photocard, and an extra strength bottle of migraine relief.",1,0,at://did:plc:5ytnjv5dstnh7qsixtteb4bs/app.bsky.feed.post/3ldjjhl27uc2g
kpop photocard,2024-12-16T17:39:36.756Z,savemymind.bsky.social,"이집에서 샀어요. 내가 살 땐 9천5백원이었는데 세일하네.

방금 AliExpress에서 찾은 상품이에요: ₩13,717 | 수제 크리에이티브 아크릴 포토카드 거치대, Kpop 포토카드 슬리브, 만화 애니메이션 액자, 여아용 절묘한 선물, 3 인치
a.aliexpress.com/_oolL7Rz",0,0,at://did:plc:qwlxmhsbsiwqi2qbe2la4lwq/app.bsky.feed.post/3ldguoupgfs2m
kpop photocard,2024-12-16T00:05:02.054Z,brofisting.net,i passionately love decorating photocards as a way of expressing my feelings about a kpop boy. i think i really conveyef my specific emotions about mingyu with this one,10,0,at://did:plc:5prygfq3ftg35alks65amly2/app.bsky.feed.post/3ldezraztb22k
kpop photocard,2024-12-15T18:44:32.150Z,gatothecatto.bsky.social,"Currently not okay. Just received my XG albums. I got one of the random solo ones and the official group one, and omg I got my BABY COCONUT COCONA-CHAN and I got CHISA card, and my BIAS LINE PHOTOCARD AHHH I'm so so happy, this is the joy I needed right now 🥹🥹🥹 #xg #cocona #xpop #pop #kpop",6,0,at://did:plc:lxu7rjwb6hwi2ltuk5zgydc2/app.bsky.feed.post/3ldehu4jzak2l
kpop photocard,2024-12-15T17:57:32.950Z,shinesprite.bsky.social,18. I started getting into kpop about a year ago I wanna say.. twice is my fave group and tzuyu is my bias 🩷 I got this photocard & its holder in japan,0,0,at://did:plc:aeu7qlndx2bgupvrxjsqq47f/app.bsky.feed.post/3ldefa472ws2j
kpop photocard,2024-12-15T03:48:44.351Z,dyliciouss.bsky.social,also lmfao a new kpop store opened near me and I was the last one left inside after lingering too long and I felt guilty not getting anything so I just bought this photocard 😭,4,0,at://did:plc:uoxmlhgt2rcn27dq2gdjgnzg/app.bsky.feed.post/3ldcvsdew6s25
kpop photocard,2024-12-13T22:31:58.857Z,imkuciq.bsky.social,"anchorage, kpop photocard event tomorrow at 4 pm!!",1,0,at://did:plc:7oibs4o7hfnda26ceyqnfu3k/app.bsky.feed.post/3ld7tmzqixk2g
kpop photocard,2024-12-13T20:08:19.856Z,hollye83.bsky.social,I got a new phone and I’m looking at cases and I don’t really understand this MagSafe thing but it seems like it interferes with my ability to carry a photocard of my emotional support kpop boy at all times on the back of my phone,2,0,at://did:plc:ddv6grchescvjy54mhfdtdtf/app.bsky.feed.post/3ld7lm7wnsk2u
kpop photocard,2024-12-13T17:57:35.152Z,hyuninator.bsky.social,already bought the concert tickets.....everything else is kpop album and photocard budget!,1,0,at://did:plc:v34w5ivzijxvuxhzsaumwp7a/app.bsky.feed.post/3ld7ecgnpq22r
kpop photocard,2024-12-13T02:24:47.055Z,sokkasara.bsky.social,"Ready for the #KissofLife concert tonight! 
#KIOF #Kpop #JulieHan",2,0,at://did:plc:5b3oq7ays6kxwbd3u7dwgmwl/app.bsky.feed.post/3ld5q6gbers2m
kpop photocard,2024-12-12T23:43:22.760Z,infrequency.bsky.social,this is what being an adult kpop stan is all about,8,0,at://did:plc:64e2lo2kuo3e3umc4i7llra2/app.bsky.feed.post/3ld5h5scqo22l
kpop photocard,2024-12-12T19:52:29.154Z,realmofheavens.bsky.social,ryoheis the only one who understood the assignment tbh its giving kpop photocard his is my favourite too 🤩🤩🤩,2,0,at://did:plc:ajpfkygnmanzqtptpn5gzrzv/app.bsky.feed.post/3ld52axrrns2m
kpop photocard,2024-12-11T22:12:01.850Z,scrungly.bsky.social,i think it would be fun to get a kpop stan style photocard holder but put a pokemon card in it,1,0,at://did:plc:vachlas2zog3jlt4ufv22nn3/app.bsky.feed.post/3ld2rllaq2s2w
kpop photocard,2024-12-11T21:23:40.252Z,little-dismay.bsky.social,"Y'all aren't ready for my kpop hyper fixation 

We're going to do a photocard organizing stream in January....",1,0,at://did:plc:3nni64avdtaga3t5l4agrk5g/app.bsky.feed.post/3ld2ov4vumk24
kpop photocard,2024-12-11T20:15:04.160Z,cerejamagic.bsky.social,"Estou viciada em assistir vídeos de kpop collection, photocard,  não importa o grupo lá estou eu parando tudo para assistir.",2,0,at://did:plc:sxq74sefjt7ytwfev7joukjn/app.bsky.feed.post/3ld2l2ewfqc2i
kpop photocard,2024-12-11T17:26:22.548Z,guiamichelana.bsky.social,"Correto, date é em evento de troca de photocard de kpop ou no supermercado",2,0,at://did:plc:jhiccrr4rzltvgeofq34647s/app.bsky.feed.post/3ld2bmr73mk2c
kpop photocard,2024-12-11T08:47:28.858Z,motherofpigeons.bsky.social,"I feel you, I've never been much of a merch person (coming from a financially unstable family) so I haven't actually bought a kpop album yet, the only ones I have at the moment are gifts (2 versions of nct dojaenung's album). this photocard/fancall/etc. consumerism culture is crazy",0,0,at://did:plc:ehuhqykt7zx5c25ftucfrwoj/app.bsky.feed.post/3lczemwpizk2q
kpop photocard,2024-12-11T07:31:36.352Z,gamiexiv.bsky.social,"I would also just add that maybe don't buy that many albums to get one photocard.... I feel like kpop industry makes waste just on that alone :( 

Signed a person who has 25+ shinee albums in her garage because she tried to get into shinee's mttm fansigning",0,0,at://did:plc:52xccib4dnzv4cockvvacjer/app.bsky.feed.post/3lczafb5r322s
kpop photocard,2024-12-11T00:46:15.167Z,everydayshea.bsky.social,got off work early today and went to @korkstl.bsky.social  to get Ateez' new album :3,1,0,at://did:plc:5jd6sch2d4jfgxuldfxmlxur/app.bsky.feed.post/3lcyjqeuvrc26
kpop photocard,2024-12-10T03:09:02.259Z,angeljas.bsky.social,"i went to a kpop store event for twice and bought their newest album!!

my friend secretly took pics of me unboxing the album and finding a signed postcard from jeongyeon, and ive never seen myself look happier in my life LMAO",5,0,at://did:plc:frjqinwz434ve7arcf6ytyyw/app.bsky.feed.post/3lcwbaokq2s2y
kpop photocard,2024-12-09T14:55:47.603Z,korkstl.bsky.social,"[⭐️] PRE ORDER NOTICE‼️

☆BTS DICON N°24 ROYAL oriJIN

☆BLACKPINK THE GAME PHOTOCARD COLLECTION

☆ARTMS 2025 SEASON'S GREETINGS

☆ATEEZ 2025 SEASON'S GREETINGS

⏰️Early Access Open Now‼️
🏷 General Sale Open: 12.9.24 @ 1️⃣2️⃣pm CST

🛍🔗👇
korkstl.com/shop/pre-order…

#korkstl #kpopstore #kpop",1,0,at://did:plc:37k7gux7zukrugagkkjkxpcf/app.bsky.feed.post/3lcuybn3mls24
kpop photocard,2024-12-09T10:58:41.999Z,maitomioka.bsky.social,"any kpop photocard collectors, could you recommend some good a4 binders because want to invest in a better/secure one as mines just a standard plastic one 😭",0,0,at://did:plc:6vjvbaekblygvda3vvlubvx3/app.bsky.feed.post/3lcukzplmdc23
kpop photocard,2024-12-08T02:43:56.254Z,ophaeliea.bsky.social,my cranium is infected by the disease that is kpop photocard collecting i am so sorry friend,1,0,at://did:plc:b6u66uar7tw5p2nfldkacw7p/app.bsky.feed.post/3lcr6w3gg4s2r
kpop photocard,2024-12-07T04:00:55.460Z,lexssabangherr.bsky.social,I wanted to buy a target exclusive Strategy album (Twice) but they were all sold out????? I didn’t even know people in my area listened to kpop like that???? I just want a Megan photocard (and jihyo) 😭,1,0,at://did:plc:pr4wtl5yclretj335lw7xynw/app.bsky.feed.post/3lcosqsvbok2g
kpop photocard,2024-12-06T01:27:39.457Z,pahskz.bsky.social,"Ser fan de Kpop é vc estar na fila de Mortal Kombat e a pessoa te cutucar dizendo “por favor me diz de quem é esse photocard na sua bolsa pq toda hora tem alguém na frente, já vi suas pulseiras do SKZ e do Ateez e seu Wolfchan eu to morrendo de curiosidade deixa eu ver",5,0,at://did:plc:lv3nltjjvrilaasxgwztciil/app.bsky.feed.post/3lclzpqjfps2o
kpop photocard,2024-12-05T19:00:45.759Z,bebelyy.the-gay.cat,"E A MINHA PROF DO MEU CURSO DE INGLÊS QUE GOSTA DE KPOP E BG STAN KAKAKAKAKAKKA
E AINDA TEM UM MONTE. DE PHOTOCARD",1,0,at://did:plc:rpbkiuz3aiv3ixvctfoirs63/app.bsky.feed.post/3lcle3w2pik2f
kpop photocard,2024-12-04T23:58:02.749Z,tassitassi.bsky.social,"Tô aqui toda felizinha arrumando minhas coisas de kpop fazendo wishlist, atualizando os templates, procurando imagem de photocard, como é bom ter hobbies de novo.",6,0,at://did:plc:bt7jjwn5zfxwlturhx7kitjn/app.bsky.feed.post/3lcjeaoztrc24
kpop photocard,2024-12-04T11:58:09.258Z,yukiflake.bsky.social,"I GOT THE GOODS!!! (some)

the characters are much smaller but its still a long boi might change manus cause i dont like how some of the colours came out hh might ask manu to make the borders smaller next time too... but the stickers came out super cute... 🥺🥺🥺🥺 

#svt #miniteen #merch",12,1,at://did:plc:e7zyxxxygcdr4bsflpy7qor3/app.bsky.feed.post/3lci3z64sbk2m
kpop photocard,2024-12-03T04:05:24.957Z,xiumellow.bsky.social,"Vendo Album kpop sem photocard

bts, ikon , aoa, pentagon, monsta x, got7, bap , ilhoon, cosmic girl, Luna, q-ri , bigbang, stray kids

Cada por 80 + frete 

Interessados posso mandar mais fotos. 

Feedbacks na rede vizinha -instagram @xiu_mellow

#vendakpop #wtskpop #albumkpop #vendabts",0,0,at://did:plc:7ya46nnlu2ozwkdxmc726q42/app.bsky.feed.post/3lcer4zmhks2q
kpop photocard,2024-12-01T22:30:30.860Z,dompamina.bsky.social,"“Is somebody gonna match my freak?” 

E ai sou eu e meu namorado andando com photocard de kpop na carteira sendo que nenhum dos dois acompanha com frequência",0,0,at://did:plc:j56prtrwgeiminw5b27ovlie/app.bsky.feed.post/3lcbnxg7xtk2i
kpop photocard,2024-11-30T23:39:41.763Z,darlingcollecto.bsky.social,"VENDO/VENDA JUNG WOOYOUNG PHOTOCARD 

MINIRECORD 3.0 & MAKESTAR

⭐ Valor + frete (super frete)
💕LEVANDO OS DOIS FAÇO POR $100 + Frete
✨ Reservo com certeza de compra
⭐ Sem avarias 
🖤 Feedbacks: x.com/darlingcolle...

🏷 Ateez EP. Final Will boy group bg kpop kpopper collector",2,0,at://did:plc:ddrzueu37x233t2yvkubr6f7/app.bsky.feed.post/3lc7banyx6k2c
kpop photocard,2024-11-30T23:37:19.361Z,ddogplaysgames.bsky.social,"I once had a student of mine who knew that my bias from Stray Kids was Felix.

So they preceded to give me EVERY FELIX PHOTOCARD there was. 

As a gift for Teacher Appreciation.

I felt very appreciated. ❤️

#kpopsky #kpop #straykids",10,0,at://did:plc:2mndmrv2ac4asgoltcuwvyq5/app.bsky.feed.post/3lc7b7vjvks24
kpop photocard,2024-11-30T18:34:53.668Z,ocha-same.bsky.social,"Literally perfect for one of my writing notebooks!! (Story with a nun protagonist)
www.etsy.com/il-en/listin...",0,0,at://did:plc:4wgarrjchvtdstibm2754y3m/app.bsky.feed.post/3lc6qd2nrgc2v
kpop photocard,2024-11-30T01:20:50.268Z,daphned.bsky.social,Day 8: Ateez Aniteez photocard holder. Kpop groups have little mascots for each member and this frame holds the trading card/photocard for display,6,0,at://did:plc:6qdgqso66w5sz5o2kkmumeig/app.bsky.feed.post/3lc4wjvrzsc22
kpop photocard,2024-11-29T22:23:03.650Z,clubeoraculo.bsky.social,"✨ Oferta Shopee | #AcheiNaShopee

🛍️ KPOP 55pcs/box BTS JUNGKOOK I am Still - Photocard
🛒 s.shopee.com.br/1B5WVES7of

🛍️ PURPLE KISS - FESTA Main Ver / 1st Single Album
🛒 s.shopee.com.br/1g1n6B2rhi

🎟️ Resgate cupons da Black Friday Shopee:
s.shopee.com.br/1LM26vicUr",3,1,at://did:plc:f4zvbs3266gchxsvccryuetz/app.bsky.feed.post/3lc4mm4wxec2f
kpop photocard,2024-11-29T22:13:53.163Z,clubeoraculo.bsky.social,"✨ Oferta Shopee | #AcheiNaShopee

🛍️ Korea Cute 3 Inch Mini Álbum Fotográfico De 40 Slots Porta-Cartões Kpop Photocard
🛒 s.shopee.com.br/8zoNoynaBQ

🛍️ LINXX 55 Pcs BLACK Pink Kpop Photocards
🛒 s.shopee.com.br/9f44cF6VhS

🎟️ Resgate cupons da Black Friday Shopee:
s.shopee.com.br/1LM26vicUr",1,0,at://did:plc:f4zvbs3266gchxsvccryuetz/app.bsky.feed.post/3lc4m3qnt722e
kpop photocard,2024-11-29T05:17:12.857Z,hhayfever.bsky.social,I think for Christmas I’m gonna try and make a silly decorated photocard for a friend… but with her favorite non kpop band guy….,0,0,at://did:plc:ihbzouthenbynfidiifsxkw3/app.bsky.feed.post/3lc2tbv3cvs2s
kpop photocard,2024-11-29T04:01:21.658Z,haru2115.bsky.social,"Eu: Porque eu acho terrível esses fã de kpop que é tóxico com o próprio fandom
Also eu: Quem foi o FUDIDO, o DESGRAÇADO, o VERME que comprou o photocard que eu queria antes de mim eu vou desejar tudo de pior pra você e pra toda sua família",1,0,at://did:plc:74rrybhha2lckwmgsnhjx4qw/app.bsky.feed.post/3lc2p23sbl226
kpop photocard,2024-11-29T02:43:46.961Z,tlmuse.bsky.social,"I see a pin I recognize. <3 

That Kpop Accessory photocard holder continues to be perfect.",2,0,at://did:plc:rgkq5al6i2nhqq2qni4w36q4/app.bsky.feed.post/3lc2kpj6fss2m
kpop photocard,2024-11-29T02:02:09.258Z,callmecayce.bsky.social,"was secretly hoping pledis had a plan to release a season's greetings for minhyun, but it seems that's not going to happen. i can't decide if instead i want to buy this one www.kpopusaonline.com/product/shin...",0,0,at://did:plc:l26abwictmjtmit6qpqvhbvs/app.bsky.feed.post/3lc2if2mtds2b
kpop photocard,2024-11-27T22:05:48.954Z,brooklynny99.bsky.social,"hii im brooklynn !!! looking for new friends / mutuals 🤍
#promosky 

18+ please(im 25)

🧸 animal crossing
🖥️ the sims 4
🎤 bts le sserafim katseye ect
🐈 cats
💗 pink (the color lolol)
🇰🇷 kpop
👻 ghosts/paranormal 
🦖 jurassic Park 
🎫 concerts
👹 horror movies 
🎨 art 
🫧 anime
💿 photocard collecting (hiatus)",26,0,at://did:plc:i4kghrtfiu43h2jjjdo6v2fo/app.bsky.feed.post/3lbxkpl4xuk2v
kpop photocard,2024-11-27T20:01:02.550Z,handle.invalid,idk if this is insane behavior and idc it's fun to look at my photocard holders expecting a kpop boy and simply seeing pippin lotr,2,0,at://did:plc:nefn4kzs6joz5f2ocafl6snm/app.bsky.feed.post/3lbxdqgnnbs2j
kpop photocard,2024-11-27T11:27:51.456Z,plumpeachez.bsky.social,🥺🥺🥺 like I really hate how saturated these are... And the back design should showing through... Although that MAY be my fault,3,0,at://did:plc:3zbvand37ciw2teiahejh5mn/app.bsky.feed.post/3lbwh2pxwrc2t
kpop photocard,2024-11-27T03:36:52.927Z,mousieta.bsky.social,Giant album came in and I'm so winning with my pulls,7,0,at://did:plc:x6hewofanzpkyfegjtxarx6u/app.bsky.feed.post/3lbvmqliojs2h
kpop photocard,2024-11-26T20:52:08.655Z,clubeoraculo.bsky.social,"✨ OFERTA #ACHEINASHOPEE 

🛍️ [POB ONLY] ATEEZ - Golden hour Photobook POB Photocard - KQ SHOP 
🛒 s.shopee.com.br/7UzV9gyZ6X

🛍️ Blackpink Rosé | Photocards | KPOP
🛒 s.shopee.com.br/7AMelAOHWo

🎟️ Resgate cupons Shopee:
s.shopee.com.br/1LM26vicUr",0,0,at://did:plc:f4zvbs3266gchxsvccryuetz/app.bsky.feed.post/3lbuw4royyc2i
kpop photocard,2024-11-24T14:16:17.062Z,rainbowgrden.bsky.social,photocard pulls! #blackpink #kpop,1,0,at://did:plc:uukybeu3uvnwcxzeaoqd5jzl/app.bsky.feed.post/3lbp732q5lc2h
kpop photocard,2024-11-24T13:11:42.154Z,handle.invalid,"-33
-Kpop Multi (carrd in bio)
-Whovian
-Comic con lover
-Kdramas
-Photocard collector 
-Under 16 DNI 

#promosky #kpop #kdramas #doctorwho #comiccon",5,0,at://did:plc:v5242vjoovfhufc77vve3dfe/app.bsky.feed.post/3lbp3hq2bss23
kpop photocard,2024-11-24T12:35:09.650Z,tarynstrash.bsky.social,Have you ever felt like one of the members in your favorite kpop group just picks you and decides to be your bias. Bc almost every album I get from enhypen has a Jake photocard. I’m not complaining but I feel like the world is telling me he needs to be my bias or bias wrecker and I’m not fighting it,0,0,at://did:plc:43gmklonqtm4icgeu6lg7ngy/app.bsky.feed.post/3lbozgfpqqk2s
kpop photocard,2024-11-24T00:20:47.958Z,lostie.bsky.social,went to a kpop photocard deco event just to deco a photo of gerard way 🖤💥,8,1,at://did:plc:pbkmlkrjpgoyqt7elbgfxq5j/app.bsky.feed.post/3lbnqezntds2b
kpop photocard,2024-11-23T18:58:26.660Z,spideyidolslover.bsky.social,there’s a store by me that has a bunch of kpop stuff for no reason and they sell albums and photocard packs of 30 🙂‍↕️,1,0,at://did:plc:blxpbj5b46dtaqrqn27uivq5/app.bsky.feed.post/3lbn6etimn22w
kpop photocard,2024-11-22T18:21:03.073Z,binnieghost1.bsky.social,"a luna tá destruindo meu suporte do photocard do wonwoo ksksksksk essa gata odeia coreanos, toda hora ela tenta destruir algo meu de kpop",0,0,at://did:plc:wejui5msbtva7vzoy2plndse/app.bsky.feed.post/3lbklswg6522f
kpop photocard,2024-11-22T09:45:45.259Z,lettucepunch.bsky.social,my kpop photocard haul today bc i was literally miserable 😭 also got packed mercari purchases LOL,2,0,at://did:plc:zmexnyamuuc2ueeogqscx65t/app.bsky.feed.post/3lbjozkar3225
kpop photocard,2024-11-21T22:16:18.886Z,onryosblade.bsky.social,quero isso pra usar igual photocard de kpop em pc holder .,3,0,at://did:plc:txqslellxotyvf2umwa5jq2x/app.bsky.feed.post/3lbiiisc2522m
kpop photocard,2024-11-21T21:42:23.282Z,worldinhazel.bsky.social,"🇵🇷 | Welcome to World in Hazel

Introverted long-time kpop/kdrama fan content creator. On my YouTube channel you'll find kpop unboxings, concerts and cupsleeve event vlogs, dramas watched wrap-ups, photocard binder sessions, Puerto Rico's Kpop community and more. ☺️

youtube.com/@worldinhaze...",1,0,at://did:plc:5z45oioentk6rovmhrkinr5q/app.bsky.feed.post/3lbigm4h7qs23
kpop photocard,2024-11-21T14:23:44.698Z,lobofailure.bsky.social,Minha namorada devidamente na carteira (photocard de kpop,0,0,at://did:plc:kejaz55sz4rnbiajwu725d27/app.bsky.feed.post/3lbho3o5e3c2u
kpop photocard,2024-11-21T13:51:35.188Z,kalajn.bsky.social,"my viviz albums arrived today 🤗

i quite like the new packaging they did this time and i'm also glad that i bought every version of this album!!
super happy that i pulled ot3🧡 but very bummed that i didn't pull that one eunha postcard that i really wanted....

#viviz #voyage #kpop #kpopsky",3,0,at://did:plc:naq4mlfbo3qyv74xlck6hfzv/app.bsky.feed.post/3lbhmbthmes2o
kpop photocard,2024-11-20T20:04:14.738Z,k-up.bsky.social,"Photocard Trading Area is set up and ready for opening this weekend!! 

We are opening our 1st K-Pop store at the Oglethorpe Mall in Savannah, GA!!

Excited to see you all there!!

#savannah #kpop #k-pop #btsarmy #ateez #j-hope #seventeen #kup #k-up #viral #enhyphen",2,0,at://did:plc:eicgkx5ib7muhhrzmaao6l7r/app.bsky.feed.post/3lbfqnidtuc2d
kpop photocard,2024-11-20T13:46:29.090Z,lumenizampel.bsky.social,"#skyelock silly photocard 🫶
#ValorantArt #lumenizampel_art",21,10,at://did:plc:2t5lz6qrguhut6lfgdzyh5cb/app.bsky.feed.post/3lbf3k6wdz226
kpop photocard,2024-11-20T02:23:00.974Z,bibiacollector.bsky.social,"୨୧Caderno personalizados୨୧
45 com frete incluso
Produção do caderno de 1 a 2 dias
Envio em 1 semana 
Encomendas abertas!
🏷photocard vendo compro bts taehyung kpop personalizado",1,0,at://did:plc:575rco44sbdpp2ll2ebhpa53/app.bsky.feed.post/3lbdvdz6mz22f
kpop photocard,2024-11-19T20:26:23.073Z,likeicedcoffee.bsky.social,Is there a kpop photocard trading community on here yet? 👀,1,0,at://did:plc:mw4rqyry7bwcpp5hbnofvmwr/app.bsky.feed.post/3lbdbg6u3bk26
kpop photocard,2024-11-19T13:56:42.838Z,itsmetinaaaa.bsky.social,Any photocard collectors on bluesky yet? 👀 it’s very clear who I bias lmao #kpop,1,0,at://did:plc:k4kxtrfsas2um5ikg6gb43rq/app.bsky.feed.post/3lbclnke3qk2i
kpop photocard,2024-11-19T05:43:37.920Z,venibaek.bsky.social,Thinking about the time at a party when someone asked who was on the back of my phone (zhang hao photocard😭) and I told them it was a kpop idol and they were like “wow you really are a bottom”☠️,1,0,at://did:plc:3v7bdqv3iikshhmw6p3tt7ba/app.bsky.feed.post/3lbbq3wlyrs2a
kpop photocard,2024-11-19T01:40:33.228Z,racheloddment.bsky.social,"If you've never gotten mail from me before, I go a little bit uhhhhhh. well, this is one part of the form and there's a spot for custom requests, so",1,0,at://did:plc:w2bq7gk23gqbtwz4tinyhov4/app.bsky.feed.post/3lbbcjaqh742n
kpop photocard,2024-11-18T19:19:43.754Z,weristaggu.bsky.social,i saw one of him in a decorated kpop photocard toploader and i fucking SCREAMED,1,0,at://did:plc:j7tgvivkmaabl4us5e37fppo/app.bsky.feed.post/3lbanabjsas2v
kpop photocard,2024-11-18T03:04:25.146Z,economizaplay.bsky.social,"✅ Coreano 3 Polegadas Mini Álbum De Fotos Lovely Bear Photocard Holder Card Armazenamento KPOP Collection Book 

🔥 Desconto: 66% 
😍 Por R$ 9,02 

🔗 Link: https://economizaplay.com.br/descontos/categoria/100743/- 

",0,0,at://did:plc:gqndyzpbi3r3tyi3xyudtoff/app.bsky.feed.post/3lb6wqcydsd2n
kpop photocard,2024-11-17T21:39:27.476Z,amayugas.bsky.social,"Celebrated Jooheon, Kihyun, and Minhyuk's birthday yesterday with monstaxbayarea 🥹💖",16,0,at://did:plc:spcdsseicsruben24m3ji4oy/app.bsky.feed.post/3lb6ekzc64k2a
kpop photocard,2024-11-17T19:53:55.965Z,witchtickles.bsky.social,"scored some excellent albums at the Walmart in Mississippi!

#kpop #kpopalbums #seventeen #jaehyun #aespa",4,0,at://did:plc:lx4pszwqivprbl6hrjjypjem/app.bsky.feed.post/3lb66o7dhd22n
kpop photocard,2024-11-17T17:40:22.445Z,fleshverse.bsky.social,for ppl who don't know what i'm talking about triples basically sells really cheap albums that are just the photocard with a qr code for the digital music on the back—in regular kpop a lot of people buy 10s of full book-sized albums just for the pocas which is crazy!!!!,0,0,at://did:plc:t6kndnf5wtz7og6ggdibp5ih/app.bsky.feed.post/3lb5x7q43gs2y
kpop photocard,2024-11-17T14:41:03.051Z,hils.bsky.social,At some point I’m going to take this down and reorganise everything to better utilise the space. Probably take the pickets down to make more room for keyrings and photocards,9,0,at://did:plc:f63gs7wjckl365oqp5w4kvjq/app.bsky.feed.post/3lb5n6wffis22
kpop photocard,2024-11-16T20:45:16.083Z,yocyi.net,"i keep a dahyun photocard in my phone case, but i stay prepared in case a kpop person is weird to me about it. you start asking me trivia and shit, i will hit you with something like, ""i dunno man i just listen to music for the music""",3,0,at://did:plc:yqdhvbtdruyvbik74tm5ndis/app.bsky.feed.post/3lb3r3hoqp22b
kpop photocard,2024-11-16T17:47:03.409Z,youngsungjin.bsky.social,"I made a K-pop photocard holder. 
#kpop #svt #crochet",1,0,at://did:plc:w7iccckfalm4qi5eqic5b6th/app.bsky.feed.post/3lb3h4mrkhs27
kpop photocard,2024-11-16T11:35:55.075Z,outcasthallow.bsky.social,If any of my kpop moots can guess what photocard is in my phone case (guessing who is easy but if you find the exact one that would be cool) I will bow down to thee 🤭,2,0,at://did:plc:3obkvig4e22cmv24csjv7qlz/app.bsky.feed.post/3lb2sf3ksu22k
kpop photocard,2024-11-16T21:16:52.045Z,hwasutopia.bsky.social,"Hiii I’m Rin :) I’m brand new to this app, and looking for mutuals! Some of my interests include; 

• kpop 
• ateez (ult) 
• girl groups 
• aespa 
• billlie 
• kiss of life 
(and more I don’t have room to list) ^
• books 
• video games 
• kdramas 
• photocard collecting

#promosky #kpop",4,0,at://did:plc:u7t4avguwogthusvvwiajmcm/app.bsky.feed.post/3layydxdzlu2r
kpop photocard,2024-11-15T13:34:30.027Z,piprafasciicauda.bsky.social,"Comprei Golden Hour part.2!!! Meu primeiro álbum de kpop, espero que dê tudo certo. Sei que vai demorar a chegar, mas comprar photocard me treinou um pouco.",3,0,at://did:plc:gwptt4y3upxhu4f7eldsmcfy/app.bsky.feed.post/3layik6xbes2n
kpop photocard,2024-11-15T11:19:52.541Z,taennielink.bsky.social,"hi this is taennielink from twitter i like kpop, zelda, books and a bunch of other nerdy stuff xxx",2,0,at://did:plc:mmpheq2a45oeqjcigkju34eq/app.bsky.feed.post/3layazh5f6m2s
kpop photocard,2024-11-15T01:25:14.141Z,paulatechnic.bsky.social,I swapped purses post-weekend trip and still makes me chuckle how much cleaning out my purse always looks like a post-boss fight loot drop,1,0,at://did:plc:eeirstlggw32kjlw5hkknvlr/app.bsky.feed.post/3lax7s2mcgk2e
kpop photocard,2024-11-14T23:33:36.657Z,cecis130117.bsky.social,Pov: eu quando entrei nesse mundinho do kpop vendo o povo pagar mais de 500 reais em apenas 1 photocard 😶‍🌫️,0,0,at://did:plc:psbenk4rxsm5h2po7numjtj6/app.bsky.feed.post/3lawzki5nz22t
kpop photocard,2024-11-14T21:24:31.610Z,cgvv8452.bsky.social,"아이브 포카 양도 Ive Poca sell 
아이브 미니 위드뮤 위드뮤직 
I'VE MINE WITH Music 
안유진 가을 레이 장원영 리즈 이서 일레븐 마인 아이엠 애플뮤직 kms 2차 사웨 위드뮤 메이크스타  kms 팬미팅 팬싸  ive yujin gauel rei wonyoung liz leeseo photocard poca pobs pc sell wts kpop
#아이브",2,0,at://did:plc:r6iu2n4dlbqyu557uo6qhmb4/app.bsky.feed.post/3lawrzsdoqc2h
kpop photocard,2024-11-14T20:09:57.354Z,handle.invalid,ela sabe q a namorada é fa de kpop maluca e ainda com um “photocard” da NAMORADA DELA pelos cantos so quem é desse mundo saberia a importância disso vei,0,0,at://did:plc:rq2vhzlf35oahsi7hr4draiv/app.bsky.feed.post/3lawo6gjmac2w
kpop photocard,2024-11-14T16:05:33.628Z,mywinona.bsky.social,can I get your holiday card in the form of a photocard so I can put it in a decorated sleeve like a kpop idol,0,0,at://did:plc:5tidda7ddacr3bbpvpwk3q7x/app.bsky.feed.post/3lawajgtdkc2b
kpop photocard,2024-11-14T02:26:25.388Z,heejinsoulyves.bsky.social,"Ahyeon, Drip album photocard scan by verahsu1010 #Ahyeon #Babymonster #kpop",3,1,at://did:plc:d4epg3trz5gw4ozs2lcasiyh/app.bsky.feed.post/3lausqn2y4225
kpop photocard,2024-11-14T02:23:37.085Z,heejinsoulyves.bsky.social,"Pharita, Drip album photocard scans by verahsu1010 #Pharita #Babymonster #kpop",3,1,at://did:plc:d4epg3trz5gw4ozs2lcasiyh/app.bsky.feed.post/3lausllyjps25
kpop photocard,2024-11-14T01:46:43.176Z,tansanpetbottle.bsky.social,"Dad saw my kpop photocard binder earlier and he just laughed and I was like ""I know it's a lot of money"" and he just ""that's okay, if you enjoy it, why would I say anything"" (or that was the sentiment of it)",1,0,at://did:plc:acc5vnitoqvr3c7uu7bjijjv/app.bsky.feed.post/3lauqjo362k2v
kpop photocard,2024-11-14T00:54:04.206Z,gaystupidcat.bsky.social,"✩‧₊˚౨ৎ˚ kelly, 28, she/her. ˚౨ৎ˚₊‧✩

♡ kpop faves: stray kids, aespa, twice, kiss of life, g-idle, le sserafim, red velvet, ive, itzy, nmixx, nct 127, blackpink, & more!

♡ other interests: horror movies and games, j-fashion, sanrio, fighting games, & photocard collecting.

#promosky",190,2,at://did:plc:bf5qetzaa7dpcjuyerwdipw6/app.bsky.feed.post/3launlhmq7c2r
kpop photocard,2024-11-14T00:14:19.994Z,korrasami.bsky.social,as pessoas na minha sala preocupadas se elas vão ser pedidas em casamento e eu aqui comprando Photocard de kpop,10,0,at://did:plc:im3qmovaztx7iefwotdreg4s/app.bsky.feed.post/3laulegpidk26
kpop photocard,2024-11-13T20:52:17.982Z,heejinsoulyves.bsky.social,"Ahyeon, Drip album photocard scans by verahsu1010 #Ahyeon #Babymonster #kpop",2,0,at://did:plc:d4epg3trz5gw4ozs2lcasiyh/app.bsky.feed.post/3laua35t2q227
kpop photocard,2024-11-13T17:58:18.288Z,economizaplay.bsky.social,"✅ Coreano 3 Polegadas Mini Álbum De Fotos Lovely Bear Photocard Holder Card Armazenamento KPOP Collection Book 

🔥 Desconto: 66% 
😍 Por R$ 9,02 

🔗 Link: https://economizaplay.com.br/descontos/categoria/100743/- 

",0,0,at://did:plc:gqndyzpbi3r3tyi3xyudtoff/app.bsky.feed.post/3latwe3nivq2n
kpop photocard,2024-11-12T18:08:46.222Z,economizaplay.bsky.social,"✅ 5 Unidades - Sleeve Holográfico para Photocard, Idol, Kpop, Pokémon, Magic, Holografico - SEM PVC 

😍 Por R$ 9,99 

🔗 Link: https://economizaplay.com.br/descontos/categoria/101399/outros 

",0,0,at://did:plc:gqndyzpbi3r3tyi3xyudtoff/app.bsky.feed.post/3larghuwdbs2l
kpop photocard,2024-11-12T13:27:57.316Z,reneebee.bsky.social,"SIMMMM bokuto acaba virando kpopper mas ele n tem vergonha e usa photocard na capinha do celular, quando eles conhecem a yachi os 3 ficam conversando sobre kpop, ela apresentou o loona pra eles",0,0,at://did:plc:42hhh3xfryyoyqjo3ahccsas/app.bsky.feed.post/3laqwrqhkhk2p
kpop photocard,2024-11-11T14:51:48.289Z,aryluz.bsky.social,or a kpop photocard collection,1,0,at://did:plc:yy62sljne2gcqjhrgcuykk2a/app.bsky.feed.post/3laokyrj3cs2k
kpop photocard,2024-11-11T01:14:26.887Z,pyrares.bsky.social,you spedrun this kpop stan stuff. it took me years to even start carrying a photocard with me 😀,1,0,at://did:plc:mnwkfukkw4x2m6iybo3vibd6/app.bsky.feed.post/3lan5dal5o22v
kpop photocard,2024-11-11T00:59:47.791Z,gaystupidcat.bsky.social,"here is my #promosky i guess! 🧸

— 🤍 kpop (twice, skz, aespa, etc.)
— 🤍 j-fashion
— 🤍 horror movies and games
— 🤍 photocard collecting
— 🤍 fighting games
— 🤍 sanrio
— 🤍 anime (hxh, fma:b, jjba, etc.)
— 🤍 cats cats cats

i also talk a lot about nurse life!",20,4,at://did:plc:bf5qetzaa7dpcjuyerwdipw6/app.bsky.feed.post/3lan4ixwje22f
kpop photocard,2024-11-10T20:16:51.389Z,musroom-king.bsky.social,"Went to a photocard trading meetup on friday night and got all these lovely little guys (and girl). It’s hard to chat people up at meetups and trade but i did it, which is a big deal for me

#kpop #monstax #boynextdoor #tomorrowxtogether #p1harmony #ateez #seventeen #straykids #nayeon",0,0,at://did:plc:spfctz2cc3yzw3euk4dd4z5h/app.bsky.feed.post/3lammp2fip72z
kpop photocard,2024-11-10T20:02:32.685Z,achashoppe.bsky.social,Box photocard kpop ✨️ Será que tem o Box do seu/sua fav aqui? 🤩💖 - a thread,4,1,at://did:plc:hupxfjyocbqj3qljby2kl5s5/app.bsky.feed.post/3lamlveym3k2h
kpop photocard,2024-11-10T17:11:27.091Z,shannahbanana.bsky.social,"I think I am going to go to the kpop store today.  Maybe by some photocard sleeves and a holder to attach to my purse or something.

And albums if they have anything I am looking for.",1,0,at://did:plc:wildxkm7hzegrn4qbczg7vp4/app.bsky.feed.post/3lamcdk7g6226
kpop photocard,2024-11-08T19:43:16.384Z,evies2.bsky.social,"vou fazer que nem fã de kpop com photocard, comprar e fazer a entrega pra todos que moram longe",1,0,at://did:plc:akhamgskslmnmtaxysoeuyck/app.bsky.feed.post/3lahjv6uwll25
kpop photocard,2024-11-08T00:05:05.188Z,vicklita.swifties.social,Jurei que não ia colecionar photocard e cá estou eu novamente pagando um mimado de photocards em ceg pq me empolguei pra fazer minhas duplinhas 😔 meu 13o esse ano inteiro pro kpop meu deus,0,0,at://did:plc:r35pwuv2gy6uws6hgcq23ocg/app.bsky.feed.post/3lafi2gvfru2g
kpop photocard,2024-11-07T03:07:25.796Z,nasreensakumoto.bsky.social,"Thanks for coming! 🌟🪐

We finished the Rapunzel Quest and started Gaston! We also opened The Grove! 

But the game crashed...but it was still fun!

We raided @novaeos.bsky.social who was updating her AMAZING KPop photocard collection!

#VTuber #PNGTuber #ENVTuber #streamer",2,0,at://did:plc:2p4v2rhp3n77geg2e3h3ho3e/app.bsky.feed.post/3ladbrkzha72w
kpop photocard,2024-11-05T10:23:09.084Z,dagangkorea.bsky.social,"Dasell! Bubblewrap siap pakai utk packing Photocard PC Trading Card TC kpop

🏷️Rp599/pcs

Diskon sy0pi video ☑️
Ready🍊freeongkir XTRA ☑️²⁴",0,1,at://did:plc:dalnvwg5lej7rfo6reaaetmj/app.bsky.feed.post/3la6z6udk4g23
kpop photocard,2024-11-04T21:21:51.795Z,moxel.bsky.social,I'll put him into one of these kpop stanies deco photocard holders. A dark path has opened up!,1,0,at://did:plc:emoyntprtbfvv5inr3ufzcor/app.bsky.feed.post/3la5njsqnlt2y
kpop photocard,2024-11-04T19:25:03.284Z,studioren.bsky.social,"NCT KPOP PHOTOCARD HOLDER !! 

studioren.myshopify.com 

#kpop #kpopsmallbusiness #nct",0,0,at://did:plc:x5kmwisyrh6o44j5f6nlp3uz/app.bsky.feed.post/3la5gywfivs2q
kpop photocard,2024-11-03T16:12:22.982Z,mornings.bsky.social,going to the kpop photocard thing today and i forgot my (tachioda) photocards. well i brought my sticker book at least,3,0,at://did:plc:2kuapp4ithvcfercu3mrutbf/app.bsky.feed.post/3la2lrioeik2d
kpop photocard,2024-11-02T23:18:32.185Z,deathmaca.bsky.social,"não é a igreja católica que precisa de photocard,
são os fãs de kpop que colecionam santinhos",4,4,at://did:plc:jylpguvts7fathm5knuzzb5r/app.bsky.feed.post/3l7yt4luujv2f
kpop photocard,2024-11-01T21:18:27.184Z,mooni4.bsky.social,"e meu chefe que viu meu photocard do cheol de chaveiro na minha bolsa e soltou ""ela gosta de kpop"" e eu logo travei com medo de já sofrer bullying no primeiro dia",0,0,at://did:plc:5fpytijtc6psuvuo3xourfaz/app.bsky.feed.post/3l7w3wx6us52k
kpop photocard,2024-10-31T15:26:48.763Z,bexstupello.bsky.social,se eu vendesse photocard de kpop ia ficar rica KKKK,4,0,at://did:plc:33b72ranh6sqnxcp4ifpr2pf/app.bsky.feed.post/3l7sxtaynae2n
kpop photocard,2024-10-30T14:18:25.080Z,indigodisk.bsky.social,um perrengue que passei numa ceg de photocard se encaixando perfeitamente no use case do treinamento e dizem que kpop não dá futuro,0,0,at://did:plc:vldrfl4fnfejqv7x2yhodtz3/app.bsky.feed.post/3l7qdk266rs25
kpop photocard,2024-10-30T12:39:35.820Z,vampiricaos.bsky.social,EU COMO FÃ DE KPOP AFIRMO!! Ela seria muito fã do twice e a Mizi daria photocard para ela de presente no aniversário de namoro das duas,1,1,at://did:plc:h5a4zhei7jx7j54w4x2jxvlh/app.bsky.feed.post/3l7q5zd7eff25
kpop photocard,2024-10-30T02:55:08.350Z,luchan1001.bsky.social,Não me mandaram um sticker... Isso que eu considero irmã... Ou uma foto usando. Nossa mandei um álbum de kpop e nem o uma foto dos photocard...,0,0,at://did:plc:hcv45or4kxe55smg5degv6fk/app.bsky.feed.post/3l7p5eas5yo2x
kpop photocard,2024-10-30T02:02:30.197Z,hwasartz.bsky.social,"Em 8 anos de kpop nunca fui em show de kpop, numa ganhei ou comprei álbum, photocard, pelúcia, nada (principalmente em razão das pessoas não aceitarem >minha familia< e julgarem)",1,0,at://did:plc:srw2loi7pvdua4ppxyjvidg2/app.bsky.feed.post/3l7p2g56zxh2s
kpop photocard,2024-10-29T21:57:18.145Z,outcasthallow.bsky.social,"www.instagram.com/p/DBRjwspglu... this is the Halloween one, it’s more of like a sale/fun stuff in store. But there’s also cupsleeve events that include kpop photocard trading and fanmade merch stuff :). They have a cafe upstairs it’s a fairly big shop now since moving :D",1,0,at://did:plc:3obkvig4e22cmv24csjv7qlz/app.bsky.feed.post/3l7ompo5gjo2z
kpop photocard,2024-10-29T12:32:36.720Z,lavndrmails.bsky.social,# wts lfb willing to looking for wtb lfs lf oopsday collect book retro disc romanticism collbook cd photocard holder poca polaroid mini disc bns buy and sell twt twitter photo album kpop buy and sell #anitwt #kpoptwt bsky pink,0,0,at://did:plc:tkavreuxdmep5djbltkpfj3e/app.bsky.feed.post/3l7nn5vxuhk2s
kpop photocard,2024-10-28T15:37:54.054Z,straylize.starlost.cc,"A little more about me (music edition):

- My claim to fame is a brief appearance in Fall Out Boy's ""Dance, Dance"" MV
- I listen to a lot of pop-punk, emo, ska, 90s pop, and 2nd/4th gen kpop
- I collect Stray Kids and SKZoo merch and well as... my precious photocards",7,0,at://did:plc:7iacutsol3o2l4mo4d2odyzm/app.bsky.feed.post/3l7lh2dko6k2t
kpop photocard,2024-10-27T20:16:36.114Z,pahskz.bsky.social,"Meus amores amantes de Kpop! Ontem foi dia de balada Kpop, isso significa OPEN DE PHOTOCARD, então peguei de pessoas desconhecidas, se alguém souber identificar todos da primeira foto por favor me digam,grupo,os dois sozinhos 🙏🏻 Na segunda meus amores do SKZ e Ateez que consegui pegar antes de acabar",2,0,at://did:plc:lv3nltjjvrilaasxgwztciil/app.bsky.feed.post/3l7jg5r2d7s2y
kpop photocard,2024-10-27T19:15:27.840Z,armamenter.bsky.social,ta tendo evento de cupsleeve e photocard na kpop nara,1,0,at://did:plc:rtoavpfjn2tzfggsrifd7dbb/app.bsky.feed.post/3l7jcqgncjw2r
kpop photocard,2024-10-27T15:40:47.422Z,pigeon-grip.bsky.social,"It’s a whole thing in the kpop world! And meanwhile, kpop people keep their photocard collections in baseball card binders.
(And I call my photocards “boy trading cards”)",1,0,at://did:plc:vv6a2425po6ybnaozfuqk4k2/app.bsky.feed.post/3l7iwqkwn3u2k
kpop photocard,2024-10-27T02:28:11.698Z,ursuscorde.bsky.social,"i’m losing my fucking MIND. THE ATE ALBUM PULLS????? DOUBLE CHAN????? today was so. so good.
(4th pic are loose photocards i bought at the kpop market)",1,0,at://did:plc:azy6bptzsprifnrolpvjs5mq/app.bsky.feed.post/3l7hkhcbfux27
kpop photocard,2024-10-26T23:58:19.609Z,hawkshadow.bsky.social,"Went to the ATEEZ anniversary event at my kpop store and it was fun, I’m glad I did, I got a bunch of awesome photocard trades (parting with some tough cards in the process lol) but I’m exhausted and overstimulated and hungry bc I’ve barely eaten today.

But might post my new-to-me cards later",6,0,at://did:plc:i4wuzlofusmskbzbtdrzysb7/app.bsky.feed.post/3l7hc3cuxdt2h
kpop photocard,2024-10-26T14:55:50.000Z,dagangkorea.bsky.social,"Dasell! Yellow Board & Grey Board YB murah utk packing Photocard PC Trading Card TC Kpop — tanpa toploader

💰Rp240 / LEMBAR

Diskon sh0pee vide0☑️

Ready🍊freeong XTRA ☑️¹⁵",0,0,at://did:plc:dalnvwg5lej7rfo6reaaetmj/app.bsky.feed.post/3l7gdrcdfjf27
kpop photocard,2024-10-26T02:28:58.697Z,mazdmeduz.bsky.social,"""vcs tem q parar de tratar metal igual kpop"" NAO agora aguente meu photocard do dave mustaine",0,0,at://did:plc:iaud456bcqldxy4p3pb2a62h/app.bsky.feed.post/3l7ezzrm43d2f
kpop photocard,2024-10-25T09:00:51.307Z,kuroooooo-art.bsky.social,"📸Viewfinder Photocard Holder📸

Is the camera in focus? Yes, it is!

Able to fit up to 9 x 5.9cm cards
🔺Kpop photocards
🔺Chekis
🔺Transportation cards
🔺Bank Cards 

Listing will be up on Et*y Store, 8PM SST today!",0,0,at://did:plc:h5acagq4waoizgimhiyxkyjd/app.bsky.feed.post/3l7d7hlus7s22
kpop photocard,2024-10-25T08:00:40.955Z,kuroooooo-art.bsky.social,"📱Mobile Phone Photocard Holder📱

Tapping on your phone to see your bias is a hustle, hang this holder instead on your bag!

Able to fit up to 9 x 5.9cm cards
🔺Kpop photocards
🔺Chekis
🔺Transportation cards
🔺Bank Cards 

Listing will be up on Et*y Store, 8PM SST today!",0,0,at://did:plc:h5acagq4waoizgimhiyxkyjd/app.bsky.feed.post/3l7d43yrjm62u
kpop photocard,2024-10-25T07:09:04.563Z,kuroooooo-art.bsky.social,"💡Vanity Mirror Photocard Holder💡

Is your bias the STAR of YOUR Life? 

Able to fit up to 9 x 5.9cm cards
🔺Kpop photocards
🔺Chekis
🔺Transportation cards
🔺Bank Cards 

Listing will be up on Et*y Store, 8PM SST today!",0,0,at://did:plc:h5acagq4waoizgimhiyxkyjd/app.bsky.feed.post/3l7cz7pt7ju2z
kpop photocard,2024-10-24T20:59:24.380Z,rj-anderson.com,"I was feeling sad because I didn’t get my package of #kpop albums today, but it turned out it was just left at the neighbour’s by accident. Look at the delightful bonus snacks K-Towns sent me!",10,0,at://did:plc:7lyiki7rny47wupg2jq3qc3a/app.bsky.feed.post/3l7bx5jwsqb2a
kpop photocard,2024-10-24T17:58:46.191Z,caelkami.bsky.social,"Guess which Plli had a great evening today :3
(Even tho I asked my uncle for the debut album, not the two photocard sets of the debut and the newest album... I'M NOT COMPLAINING!!! FR!!!!)
This is so good omfg
AND THE MOABONG!
#kpop #plave #txt #tomorrowxtogether #moa #plli #army #fan #merch",7,1,at://did:plc:d7xetgux7sw7lpdj5t6cepqg/app.bsky.feed.post/3l7bn2jfckp2h
kpop photocard,2024-10-23T15:13:14.324Z,loserallegations.bsky.social,"you have to touch the lesbian icons of every universe and hope she knows atleast one 😭 (e.g. games, kpop, dramas, manga, pop music)

my poisons are my chaewon photocard and elysia wallpaper. all the sapphics come out of hiding just to point them out",2,0,at://did:plc:wkqsdgibmf3kaoyzpjknhzsr/app.bsky.feed.post/3l76tdmmpz52c
kpop photocard,2024-10-23T02:52:58.650Z,txtunofficial.bsky.social,"▶️WeverseUS (Exclusive Photocard)
TOMORROWXTOGETHER.lnk.to/SANCTUARY/Weve…

▶️Hello82 (Exclusive Photocard)
TOMORROWXTOGETHER.lnk.to/SANCTUARY/hell 

▶️KPOP NARA (Exclusive Photocard)
TOMORROWXTOGETHER.lnk.to/SANCTUARY/k-po ",0,0,at://did:plc:o3m4mgtlgzhogg7whk3ii3cp/app.bsky.feed.post/3l75jxwgrak2h
kpop photocard,2024-10-23T01:31:36.260Z,mayflyswill.bsky.social,"uhh shopi lol i just look at the reviews and picked one i use kpop photocard sizes bc they can only print with that size i think if you want custom you have to go to a regular printing place and cut them by yourself...oh i googled ""ffxiv job icon png"" and someone made them on kofi",0,0,at://did:plc:hvprudfgepb2sdsevjso6wyz/app.bsky.feed.post/3l75fgiaepr2r
kpop photocard,2024-10-22T04:53:03.512Z,blackwizardclub.bsky.social,"Since Bluesky seems chiller than muskland, I'm gonna share my Seventeen album and ep rankings. Just my opinion, I just wanna share. I want to do a full YT video on my carat journey and feelings one day, this is a preview of sorts. Second chance club = I need to re-listen in full. #seventeen",1,0,at://did:plc:2jzflq37icrjb3iik3euulps/app.bsky.feed.post/3l73a7pfnz72u
kpop photocard,2024-10-21T23:35:51.460Z,slvrrrmoon.bsky.social,"#yeonjun ‘s photocard ✨ one of my favs

#tomorrowxtogether #txt #kpop #kpopsky #music #musicsky",0,0,at://did:plc:hu5f3vt4lpd4esl2gzkz4irc/app.bsky.feed.post/3l72oik6llc2p
kpop photocard,2024-10-21T22:46:54.983Z,shibbybibby.bsky.social,"Question: Would u have a pim photocard with a glep pic in it🧐 I’m tryna see something 
#smilingfriends
#pim
#glep
#fanart
#kpop",1,0,at://did:plc:sod5o7dmrgxdbtecj2pwyajk/app.bsky.feed.post/3l72lqzbf352s
kpop photocard,2024-10-21T21:23:25.816Z,studioren.bsky.social,"seventeen going carat photocard holders now available 🛒 
studioren.myshopify.com 

#seventeen #kpop #graphicdesign",1,0,at://did:plc:x5kmwisyrh6o44j5f6nlp3uz/app.bsky.feed.post/3l72h3q6imj23
kpop photocard,2024-10-21T08:57:32.263Z,kpoppie.bsky.social,"espa ‘Whiplash’ Countdown Live UNBOXING EVENT

오직 24시간 동안만 진행되는 aespa ‘Whiplash’ Countdown Live UNBOXING EVENT! 아래 SMTOWN &STORE 온라인 링크를 통해 앨범 구매 시 단독 미공개 컷 포토카드 특전을 만나실 수 있습니다! 

#aespa #Whiplash #에스파 #æspa #aespaWhiplash @aespa_official",0,0,at://did:plc:herside4plv7allen2vrwhh4/app.bsky.feed.post/3l6z5fyx7ii2z
kpop photocard,2024-10-20T17:47:55.419Z,seoribite.bsky.social,Should finish my kpop style photocard sheet today tho hehe,3,0,at://did:plc:v62agqah2ouetcx4ptfsc7oh/app.bsky.feed.post/3l6xklhjkj22a
kpop photocard,2024-10-19T05:16:15.768Z,am-estudio.bsky.social,"Uno de mis tantos hobbies es colecionar merch de #Kpop que me guste y photocard de mi ulti. 

Mini #vlog de merch que me llegó en Marzo🫰✨

youtu.be/v3-Ez1ppk4o?...",0,0,at://did:plc:n4cqbq2ejakbe5jg364ah3py/app.bsky.feed.post/3l6tq4hlskj27
kpop photocard,2024-12-02T12:26:17.750Z,wigeony.bsky.social,normalize taking selfies like a kpop photocard,0,0,at://did:plc:qsk4t3z4pqmq4x7za32euuah/app.bsky.feed.post/3lcd4nwa66225
kpop photocard,2024-10-18T14:16:59.231Z,seapandamako.bsky.social,"Been a while since i posted something on here! My photocard holders are up in my Kofi shop! 
Link in my bio 

#kpop #photocardholder #straykids #ateez #bts",2,0,at://did:plc:jzpbmf64e2tz2iwio7gm23dv/app.bsky.feed.post/3l6s5uh4xjv2p
kpop photocard,2024-10-18T10:44:17.322Z,hotpinkeuhotpack.bsky.social,"WTS LFB 
EXO Sehun Chanyeol poca
Ww shipping 
Dm for prices 

wts lfb kpop exo poca photocard exopoca xiumin chen suho lay baekhyun chanyeol kai sehun d.o orgel lamp",0,0,at://did:plc:bqdp7hfgcaklrdlt5dlhkrpm/app.bsky.feed.post/3l6rry4p5ih2h
kpop photocard,2024-10-18T10:43:20.722Z,hotpinkeuhotpack.bsky.social,"WTS LFB 
EXO D.O poca
Dm for prices 
Ww shipping 

wts lfb kpop exo poca photocard exopoca xiumin chen suho lay baekhyun chanyeol kai sehun d.o exordium dot",0,0,at://did:plc:bqdp7hfgcaklrdlt5dlhkrpm/app.bsky.feed.post/3l6rrwgps432i
kpop photocard,2024-10-18T10:42:24.480Z,hotpinkeuhotpack.bsky.social,"WTS LFB
EXO Baekhyun poca
Ww shipping, dm for prices

wts lfb kpop exo poca photocard exopoca xiumin chen suho lay baekhyun chanyeol kai sehun d.o",0,0,at://did:plc:bqdp7hfgcaklrdlt5dlhkrpm/app.bsky.feed.post/3l6rrur3cgu2b
kpop photocard,2024-10-18T10:41:19.654Z,hotpinkeuhotpack.bsky.social,"WTS LFB 
EXO photocards
dm for price 
WW shipping 

wts lfb kpop exo poca photocard exopoca xiumin chen suho lay baekhyun chanyeol kai sehun d.o",0,0,at://did:plc:bqdp7hfgcaklrdlt5dlhkrpm/app.bsky.feed.post/3l6rrstbale2j
kpop photocard,2024-10-18T10:40:12.382Z,hotpinkeuhotpack.bsky.social,"WTS LFB 
EXO Xiumin photocards
WW shipping 
Between 3-7 USD each
Please dm! Proof hotpinkeuhotpack on IG

wts lfb kpop exo poca photocard exopoca xiumin chen suho lay baekhyun chanyeol kai sehun d.o",0,0,at://did:plc:bqdp7hfgcaklrdlt5dlhkrpm/app.bsky.feed.post/3l6rrqt46fb24
kpop photocard,2024-10-17T23:30:37.661Z,snoozeatdawn.bsky.social,moço do trabalhado me mandou um vídeo do binder de photocard de kpop da filha dele e no meio de um monte de outros cards eu vi um yoongi e dei um gritinho pq sou perturbada,1,0,at://did:plc:yq4xny5twerdvosre454ecew/app.bsky.feed.post/3l6qmdj2y222e
kpop photocard,2024-10-17T14:44:06.438Z,roll4cha.bsky.social,"Mornin y'all 
Have a photocard style of myself. Print him out, carry me around with your Kpop boys. Lemme be one of the pookies. 

🎨 @plexthm on X",0,0,at://did:plc:oh36sz6bz4ptgrz4gefndjzu/app.bsky.feed.post/3l6povz3svo2j
kpop photocard,2024-10-17T01:20:41.072Z,oddlyawkward.shop,"hi i'm mel and i make cute and silly art~
i like maplestory, turning red, kpop, and memes 💞",12,2,at://did:plc:zcpnfg5ocogcocigzk7p5bst/app.bsky.feed.post/3l6obzengq324
kpop photocard,2024-10-17T00:06:40.114Z,lelebs.bsky.social,"assim, eu não ligo de pagar se eu tiver dinheiro sobrando, ainda mais que não era um valor alto, mas eu não tenho, recebi migalhas esse mês. O foda é que ela nunca tem dinheiro pra coisa que ela precisa, mas tá sempre comprando photocard de kpop sabe.",1,0,at://did:plc:tokhxo3genx2zulayv5k7ais/app.bsky.feed.post/3l6o5uzamjj2a
kpop photocard,2024-10-16T05:16:53.810Z,converseenth.bsky.social,que é tipo meio kpop (comportamento de comprar check de honmei é PRATICAMENGE PROTÓTIPO DOS ESQUEMAS DE COMPRAR PHOTOCARD),0,0,at://did:plc:6tfreeayiktceo3s5t7josbi/app.bsky.feed.post/3l6m6qsph7d2y
kpop photocard,2024-10-15T22:58:38.592Z,loveygzb.bsky.social,"VENDA/VENDO Red Velvet Cosmic Set Seulgi card smini + postcard Cosmie

68 reais

- Frete a calcular pelo SuperFrete
- Pagamento via pix. Não reservo.
- Possuo feedbacks positivos em loveygzb no Instagram

🏷 girlgroup kpop pc wts photocard procuro compro rv reveluv",1,3,at://did:plc:z2hvzgxdeoa6egakkfy67mto/app.bsky.feed.post/3l6ljmhqlaj2o
kpop photocard,2024-10-15T19:17:50.460Z,darlingcollecto.bsky.social,"VENDO/VENDA JUNG WOOYOUNG PHOTOCARD 

MINIRECORD 3.0 & MAKESTAR

⭐ Valor + frete (super frete)
✨ Reservo com certeza de compra
⭐ Sem avarias 
🖤 Feedbacks: bsky.app/profile/darl...

🏷 Ateez EP. Final Will boy group bg kpop kpopper collector",1,3,at://did:plc:ddrzueu37x233t2yvkubr6f7/app.bsky.feed.post/3l6l5bmq7dv22
kpop photocard,2024-10-15T18:06:30.336Z,nahyuckmeus.bsky.social,"PROCURO — COMPRO JUNGKOOK PVC

- pagamento imediato, sem ceg por favor. 

🖇️ jungkook bts vendo venda bicudo pc photocard kpop card collector jk jeon frete incluso",0,1,at://did:plc:wsu3ruu3ogjc7qt33xmuanmj/app.bsky.feed.post/3l6kzc3ewmw2x
kpop photocard,2024-10-14T21:38:33.264Z,tdogui.bsky.social,"queria ser bilhões de reais na conta pra gastar dinheiro com pokémon tcg, photocard e album de kpop, eu seria mais feliz assim",0,0,at://did:plc:7wf34xpesl3hopyyuuyffzdo/app.bsky.feed.post/3l6iuoqxzoj23
kpop photocard,2024-10-14T15:56:16.081Z,maruaba.bsky.social,photocard de kpop,0,0,at://did:plc:djirm73de5lfl5jtniuzgtrg/app.bsky.feed.post/3l6ibkbkws72x
kpop photocard,2024-10-14T12:31:50.000Z,dagangkorea.bsky.social,"Dasell! Yellow Board Grey Board A6 untuk packing Photocard PC Trading Card TC Kpop

💰Rp480 per LEMBAR

Diskon sy0pi vide0 ✔️

Muat toploader ✅
Ready🍊freeongkir xtra ✅³⁴",0,0,at://did:plc:dalnvwg5lej7rfo6reaaetmj/app.bsky.feed.post/3l6hw4qpbfn22
kpop photocard,2024-10-13T18:05:10.313Z,mehddakzricecake.bsky.social,"Eu AMO o conceito photocard de gente que não tem nada a ver com kpop acho hilário 
Ainda faço uns do LSDunes e do CNCO",5,0,at://did:plc:co4aqk3lai4db4pjtqho7agk/app.bsky.feed.post/3l6fybttrbr2b
kpop photocard,2024-10-11T16:38:42.425Z,keepitaya.bsky.social,"eu tinha um certo receio de comentar qualquer coisa sobre kpop com o pessoal da minha empresa, mas agora, vira e mexe eu ganho photocard/pôsteres de alguns colegas, me sinto uma criancinha ganhando mimo dos familiareskkk é mt fofo esse tipo de harmonia no ambiente de trabalho",0,0,at://did:plc:pmfe6tam5gtqc5e77ylr2zeg/app.bsky.feed.post/3l6asjfzpyb2k
kpop photocard,2024-10-11T14:24:21.000Z,sellkpopfess.bsky.social,"Kuy- Yellow Board Grey Board ukuran A6 utk packing Photocard PC Trading Card TC Kpop

🏷️ Rp580 / lembar

Muat toploader☑️

Sh0pee Video ✅
Tokoped1a ✅ ²⁹",0,0,at://did:plc:qal2cp7onjffhoxgeomohb47/app.bsky.feed.post/3l6akz6p5zm23
kpop photocard,2024-10-11T14:24:13.000Z,dagangkorea.bsky.social,"Dasell! Yellow Board Grey Board ukuran A6 utk packing Photocard PC Trading Card TC Kpop

🏷️ Rp580 / lembar

Muat toploader☑️

Sh0pee Video ✅
Tokoped1a ✅ ²⁹",0,0,at://did:plc:dalnvwg5lej7rfo6reaaetmj/app.bsky.feed.post/3l6akywlndg2v
kpop photocard,2024-10-11T12:56:11.248Z,consumixta.bsky.social,"PROMOÇÃO 🚨🚨

Chaveiro porta photocard kpop sleeve fofo gatinho caixa de leite por R$22,00 - R$35,00. Compre na Shopee agora! s.shopee.com.br/3L8kIcaWQl",1,0,at://did:plc:dbp3ec5ueqsucqssap26kqye/app.bsky.feed.post/3l6ag3ixbbp2c
kpop photocard,2024-10-11T12:24:25.000Z,sellkpopfess.bsky.social,"Kuy- Yellow Board Grey Board ukuran A6 untuk packing Photocard PC Trading Card TC Kpop

Muat toploader☑️

Sh0pee Video ✅
Tokoped1a ✅²⁸",0,0,at://did:plc:qal2cp7onjffhoxgeomohb47/app.bsky.feed.post/3l6aecpnr6u23
kpop photocard,2024-10-11T12:24:17.000Z,dagangkorea.bsky.social,"Dasell! Yellow Board Grey Board ukuran A6 untuk packing Photocard PC Trading Card TC Kpop

Muat toploader☑️

Sh0pee Video ✅
Tokoped1a ✅²⁸",0,0,at://did:plc:dalnvwg5lej7rfo6reaaetmj/app.bsky.feed.post/3l6aechzf7k24
kpop photocard,2024-10-10T22:01:51.036Z,pewucias.bsky.social,o lurang nao entende muito de kpop mas comprou um photocard da chuu pra zaizai e ela faltou morrer,0,0,at://did:plc:76t6sur3ollvndlaqpdq2tps/app.bsky.feed.post/3l66u4d35kw2e
kpop photocard,2024-10-10T02:59:10.000Z,dagangkorea.bsky.social,"Dasell! Plastik OPP Sleeve Seal untuk packing/pelindung Photocard Trading Card PC TC Kpop

Tebal 30 micron 

💰Rp130 / pcs

Disc0unt sy0pi vide0✔️

Ready🍊freeong xtra ☑️²⁵",0,0,at://did:plc:dalnvwg5lej7rfo6reaaetmj/app.bsky.feed.post/3l64ub2weap24
kpop photocard,2024-10-10T02:59:03.000Z,sellkpopfess.bsky.social,"Kuy- Plastik OPP Sleeve Seal untuk packing/pelindung Photocard Trading Card PC TC Kpop

Tebal 30 micron 

💰Rp130 / pcs

Disc0unt sy0pi vide0✔️

Ready🍊freeong xtra ☑️²⁵",0,0,at://did:plc:qal2cp7onjffhoxgeomohb47/app.bsky.feed.post/3l64uatotum23
kpop photocard,2024-10-09T23:05:01.000Z,sellkpopfess.bsky.social,"Kuy- Bubblewrap siap pakai utk packing Photocard PC Trading Card TC kpop

🏷️Rp599/pcs

Diskon sy0pi video ☑️
Ready🍊freeongkir XTRA ☑️²⁴",0,0,at://did:plc:qal2cp7onjffhoxgeomohb47/app.bsky.feed.post/3l64h6edyas2w
kpop photocard,2024-10-09T21:27:48.984Z,ghwstprincess.bsky.social,ser fã é mt bom mas estar na idade de baby fever é muito ruim pois estou chorando emocionada por um photocard do meu kpop boy ao mesmo tempo que choro de desespero pois ele não é meu filho e não saiu do meu utero .,1,0,at://did:plc:sarws4tq4a4wmazpttnifcwi/app.bsky.feed.post/3l64bqk23oo2r
kpop photocard,2024-10-09T17:23:33.000Z,dagangkorea.bsky.social,"Dasell! Bubblewrap siap pakai utk packing Photocard PC Trading Card TC kpop

🏷️Rp599/pcs

Diskon sy0pi video ☑️
Ready🍊freeongkir XTRA ☑️²⁴",0,0,at://did:plc:dalnvwg5lej7rfo6reaaetmj/app.bsky.feed.post/3l63u3rjqsi2v
kpop photocard,2024-10-09T15:43:12.320Z,rosiefilm.woke.cat,tenho muita vontade de começar a tratar o luke hemmings igual idol de kpop e ate fazer photocard dele,0,0,at://did:plc:u5jep4heyq6u2lvjgvhwkp5c/app.bsky.feed.post/3l63oidhawy2o
kpop photocard,2024-10-09T02:21:51.572Z,collectbru.bsky.social,"VENDO/VENDA 🍭

- Valores na imagem com frete incluso 
- Tenho feedbacks no ig @collectbru_
- Mando vídeos na dm
- *=avaria

🏷 vendo venda twice jihyo tzuyu kpop photocard",0,0,at://did:plc:rbto2begdenlvcncl7udoqzh/app.bsky.feed.post/3l62bpfmlvj2b
kpop photocard,2024-10-08T22:56:44.675Z,gregmayafanpage.bsky.social,nunca imaginei q eu iria atrás de comprar photocard de um grupo de kpop,0,0,at://did:plc:ftzvdqzv3lbepvhysa4ghb2f/app.bsky.feed.post/3l5zwanht3a2a
kpop photocard,2024-10-08T17:05:39.209Z,marcomagnum.bsky.social,"s.shopee.com.br/4pxTZp5Xff
50pcs Popcorn Sleeve Porta-cartões de manga de pipoca Kpop Photocard Binder Protetor de mangas Nct Bts Enhypen Toploader Itens colecionáveis ​​Todos os tipos",0,0,at://did:plc:dlsqy4so7kr2yxaiy6wvgty2/app.bsky.feed.post/3l5zcmswrvx2c
kpop photocard,2024-10-08T17:04:14.085Z,marcomagnum.bsky.social,"s.shopee.com.br/701y9coXRM
50pcs sleeves Popcorn Sleeve Porta-cartões de manga de pipoca Kpop for blackpink photocard Binder Protetor de mangas Itens colecionáveis ​​Todos os tipos sleeve photocard",0,0,at://did:plc:dlsqy4so7kr2yxaiy6wvgty2/app.bsky.feed.post/3l5zckbqs672c
kpop photocard,2024-10-08T13:51:34.934Z,uarmykidult.bsky.social,eu amo a presença do kpop em qualquer lugar por meios de: photocard,2,0,at://did:plc:bf265imue6ngs67ja4wgnx6w/app.bsky.feed.post/3l5yxrsovgb2b
kpop photocard,2024-10-08T13:40:40.930Z,cshanna55.bsky.social,afe como eu queria amigas que gostassem de kpop pra ouvir música juntas e sair com photocard pra passear💔,0,0,at://did:plc:333r6da4m6vgk22ihmghxjvt/app.bsky.feed.post/3l5yx6dm4ys2j
kpop photocard,2024-10-08T13:25:05.648Z,curolacartman.bsky.social,a bosta da kpop merch me mandando 2 pobs e elas sendo Aquele photocard do jeongin e Aquele photocard do bangchan cabelo de passarinho pqp me odiou mto,1,0,at://did:plc:is4pvgd5mwyekw7ua5rxwiql/app.bsky.feed.post/3l5ywchgxj72r
kpop photocard,2024-10-08T11:23:20.898Z,wangirl.bsky.social,🏷️ photocard card bts Namjoon pc RM rpwp right person wrong place procuro compro kpop trocas,0,0,at://did:plc:h3roco6t6i72hftqakkp6n4i/app.bsky.feed.post/3l5ypiqigkc2v
kpop photocard,2024-10-08T01:58:15.538Z,pyodz.bsky.social,"VENDO/VENDA
han seungwoo fame álbum incompleto

› R$60 + frete via superfrete
› inclui tudo da foto
› feedbacks estavam no x, tenho arquivo, se quiser conferir só chamar pv!
› envio vídeo no chat
› posso fazer via shopee

🏷 kpop boygroup x1 victon procuro compro photocard postcard",1,0,at://did:plc:zqm44a2q3sfy43foahcqv4vt/app.bsky.feed.post/3l5xpwbpf3l24
kpop photocard,2024-10-08T01:02:26.278Z,handle.invalid,"as vezes entro na pira de querer cd e vinil mas sla, sinto que o entretenimento de colecionar álbum de kpop é pelos brindes. já álbuns ocidentais acho que, se realmente fosse começar a comprar, antes teria que ter um dvd pq em cd e vinil não vêm photocard, postcard pra ser so coleção de decoração",1,1,at://did:plc:fke7pmej6q3jufvyi7gmjkt3/app.bsky.feed.post/3l5xmshiy6a2p
kpop photocard,2024-10-07T20:59:04.772Z,lumpofwhitesuga.bsky.social,"me racho com o pessoal que fica batendo na tecla do xg não é kpop, katseye não é kpop... meu critério sendo: TEM PHOTOCARD NO ALBUM? FAZ FANCAM? RELAY DANCE? TEM PARTICIPAÇÃO NO WEEKLY IDOL? mesmo se não for kpop, promove num modelo kpop então separar é tão ???",12,0,at://did:plc:yyte7qrqdmagefy6onh64ogg/app.bsky.feed.post/3l5x77de5ax2z
kpop photocard,2024-10-07T16:17:18.178Z,collectbru.bsky.social,🏷 vendo venda tzuyu twice photocard kpop ceg repasse,0,0,at://did:plc:rbto2begdenlvcncl7udoqzh/app.bsky.feed.post/3l5wphh56ka2j
kpop photocard,2024-10-07T14:37:04.006Z,deliioncourt.bsky.social,sim é isso mesmo eu faço photocard e n conheço nenhum grupo de kpop e n conheço nenhuma música também,0,0,at://did:plc:kb6xx6m6sltzryzuhikzyqul/app.bsky.feed.post/3l5wjube5yg2x
kpop photocard,2024-10-07T14:26:10.284Z,channievel.bsky.social,"amigo no mundinho kpop pc é sempre photocard KKKKKKKKKK

vou te ensinar os termos 🫶🏻",1,0,at://did:plc:clpipnfftiwc5cmn6htc5iyp/app.bsky.feed.post/3l5wjaq23yu2i
kpop photocard,2024-10-07T13:42:30.854Z,virtualboygabs.bsky.social,"photocard se enquadra em trading cards (tipo, YGO, Pokémon) kkkkkkkkmas os CDs de kpop, apesar de ter livro, se tiver algum CD no meio eles taxam igual 💀💀💀 mas os mangás q comprei, como vieram só mangás, foi de boa e n tive taxa, mas foi entregue pelos correios
minha preocupação são as taxas da DHL",0,0,at://did:plc:2eshlra4zyr56rhj2igp2azr/app.bsky.feed.post/3l5wgso47oy23
kpop photocard,2024-10-07T01:16:16.229Z,btsjournals.bsky.social,passo mal com o pessoal de recife fazendo unboxing dos santinhos do joão campos e surtando tal qual um fã de kpop recebdo photocard,0,0,at://did:plc:iqkfggwz7nhnpfmlcwlxdxnb/app.bsky.feed.post/3l5v54bwjsx2x
kpop photocard,2024-10-06T19:56:43.430Z,bllckwo.bsky.social,"na minha seção tinha uma idosa com um photocard de kpop no celular kkk nada contra, achei interessante apenas",8,0,at://did:plc:h6lwmvmhzyjq2lujtnsc4hmo/app.bsky.feed.post/3l5ulavuezt2g
kpop photocard,2024-10-06T17:57:54.258Z,ahcamis.bsky.social,"Amiga do céu... Só se for 1g de Kpop, um pack de photocard no peso, photocards raríssimas do Yuta e do Minho pirateadas 🤣🤣",1,0,at://did:plc:5rx6skn2nb2vr3jqeynxhopq/app.bsky.feed.post/3l5uemgdnxu2i
kpop photocard,2024-10-06T16:12:06.746Z,jongseob.shy.cat,qnd o twitter voltar primeira coisa q eu vou fazer é pedir commission de uma fanart do eren todo idolo de kpop (talvez c um card do leehan de ref mas abafe) p eu fazerr um photocard dele ai to doente,2,0,at://did:plc:crvfbvbs36bsmovf64n5drqa/app.bsky.feed.post/3l5u6pejujy24
kpop photocard,2024-10-06T14:03:36.789Z,casvlany.bsky.social,"dia de eleição é aquele dia que você precisa ir ao antigo colégio e reencontrar acidentalmente pessoas que estudaram com você e que não vê a anos, onde agora elas tem 3 filhos, 2 casamentos e um emprego duvidoso enquanto você tem um Pegeout que vive na oficina e photocard de kpop preso na bolsa.",0,0,at://did:plc:remhfgynojqlb2g4leld2qo3/app.bsky.feed.post/3l5txjhomse2c
kpop photocard,2024-10-06T12:52:09.366Z,eizymoon.bsky.social,vendo venda troco troca stayc seeun yoon J sumin isa sieun pob photocard photocards pc kpop teenfresh staydom asap young luv teddy bear we need love,0,0,at://did:plc:y4iggvglbpavoh64ejuuiw5q/app.bsky.feed.post/3l5ttjoxllo25
kpop photocard,2024-10-06T01:15:47.132Z,ilhadesafos.bsky.social,p isso vou precisar passar um bom tempo sem comprar coisas desnecessarias (tipo photocard do gun e album de kpop k),0,0,at://did:plc:5aavss5dlgjvhxrfvhx3uyva/app.bsky.feed.post/3l5smmiespd2i
kpop photocard,2024-10-05T23:59:56.278Z,jullythvs.bsky.social,"TROCO/TROCA ENHYPEN 

• Sunoo inceptio, arcanum ou concessio por qualquer sunghoon inceptio 
• cada um paga seu frete
• feedbacks no ig jullythvs
• mando vídeo e fotos dos cards

🏷️ vendo venda enha pc photocard kpop romance untold",2,2,at://did:plc:lruw3eixq75mfzyuexfdjnmo/app.bsky.feed.post/3l5sieu7i742m
kpop photocard,2024-10-05T21:12:30.729Z,marcomagnum.bsky.social,"Olá, tudo bem? Posso ajudar sugerindo uns  excelentes vendedores desses produtos pela shoppe. Caso não encontre. Preço bom
Link  : s.shopee.com.br/5AaFScXvMp
NEEDWAY a5 Kpop Photocard Binder Collect Book , Álbum Grid Idol Photo Album , Baffle Jacket Folha Solta a5 Porta-Cartões Fotográfico",0,0,at://did:plc:dlsqy4so7kr2yxaiy6wvgty2/app.bsky.feed.post/3l5s6zieiuc26
kpop photocard,2024-10-05T18:12:53.052Z,meupaunoseuouvido.bsky.social,queria comprar photocard de kpop dai baixei pra ver se acho alguém vendendo,0,0,at://did:plc:hdkyh4fohzchumvonlak73j3/app.bsky.feed.post/3l5ruybqdq32a
kpop photocard,2024-10-05T17:55:13.816Z,starlightmix.bsky.social,"E agr adulta eu torro meu salário em álbum de kpop e photocard de idol, mds é tudo um ciclo repetitivo 😦",1,0,at://did:plc:3qs7bzam663lbvq6xsd6ohcr/app.bsky.feed.post/3l5rtypta2h2b
kpop photocard,2024-10-05T15:32:12.354Z,bahiyyihgrl.bsky.social,"VENDA/VENDO ILLIT

ILLIT
- pcs originais illit 
- ⁠R$ 5 cada - pagamento imediato 
- ⁠sem frete incluso 
- ⁠sem avarias!! 
- ⁠entrego em mãos ou uber flash no rj

🏷️ venda vendo illit moka wonhee iroha minju yunah pc photocard kpop",6,0,at://did:plc:oeo6izbswugnoq7ftslycltr/app.bsky.feed.post/3l5rlyzhrso2x
kpop photocard,2024-10-05T15:31:18.002Z,bahiyyihgrl.bsky.social,"VENDA/VENDO BTS

BTS
• LY TEAR ( ver R ) 
• R$80 + frete
• entrego em mãos ou uber flash no rj
• vem com o the notes dentro
• sem avarias!!

🏷️ venda vendo bts illit love yourself tear taehyung pc photocard kpop album",1,0,at://did:plc:oeo6izbswugnoq7ftslycltr/app.bsky.feed.post/3l5rlxfmoyg2x
kpop photocard,2024-10-05T14:51:32.992Z,collectbru.bsky.social,"Repasse de vaga tzuyu 💙

- 18,80 cada pra mim + frete pra gom
- Já estão com a gom, só pedir o envio
- Tenho feedbacks positivos no tt @collectbru_
- Gom: @369daylightt

🏷 vendo venda tzuyu twice photocard kpop ceg repasse between 1&2",2,0,at://did:plc:rbto2begdenlvcncl7udoqzh/app.bsky.feed.post/3l5rjqbetol2c
kpop photocard,2024-10-05T12:17:17.519Z,rosefocused.bsky.social,"pre-order rosie thru this link to get up to 29% discount and additional photocard🌹

PRE-SAVE ROSIE #ROSIEBYROSÉ #ROSÉ 
www.ktown4u.com/eventsub?eve...",8,1,at://did:plc:cjrud2iunsy5rfdrmsif32ed/app.bsky.feed.post/3l5rb4gleo726
kpop photocard,2024-10-05T02:32:44.017Z,suicideseason.bsky.social,onze e meia e eu criando um PHOTOCARD do OLIVER SYKES igualzinho os de kpop no canva,0,0,at://did:plc:jlrxtdoy2flubvsuir5c242k/app.bsky.feed.post/3l5qah665wd2y
kpop photocard,2024-10-05T00:34:35.029Z,wooyavirus.woke.cat,"o toploader de photocard de kpop, divaram!!!",1,0,at://did:plc:4udkyarbxkrclqcima6utdx4/app.bsky.feed.post/3l5pztvstbk2e
kpop photocard,2024-10-04T22:00:46.167Z,hanniestuff.bsky.social,A dominação do kpop está realmente acontecendo hj na clinica vi um moço com uma blusa do twice e uma menina com um photocard na bolsa mas n identifiquei qm era e tocou AOA no líder como pode isso,1,0,at://did:plc:l4myweqrupis5u7xzurnfo5m/app.bsky.feed.post/3l5praukjyd2j
kpop photocard,2024-10-04T17:47:25.661Z,chaespice.bsky.social,"quando eu percebo o quanto ja gastei com kpop o arrependimento vem e eu penso ""vou parar de comprar coisas desnecessária"" ai no dia seguinte eu to comprando album, poster, Polaroid, photocard, bichinho deles e chaveiro",0,0,at://did:plc:dqv5biwteoeaqsqrddkyvnzb/app.bsky.feed.post/3l5pd6ja7w32u
kpop photocard,2024-10-04T15:05:58.862Z,jullythvs.bsky.social,"VENDA/VENDO ENHYPEN 

• Album Orange Blood Kalpa 
• R$95 + frete
• Com todas as inclusões exceto pc
• feedbacks no ig jullythvs
• mando vídeo e fotos do album 

🏷️ troca troco enha sunghoon jake jungwon niki jay heeseung sunoo pc photocard kpop",6,3,at://did:plc:lruw3eixq75mfzyuexfdjnmo/app.bsky.feed.post/3l5p235mkpy2t
kpop photocard,2024-10-04T00:30:14.614Z,uaisosui.bsky.social,guardaria uma carta do ramemes igual photocard de kpop,6,0,at://did:plc:6vhtxekgjfvlekjqvemqerrv/app.bsky.feed.post/3l5nj57anv32a
kpop photocard,2024-10-03T22:53:54.751Z,hutaoempreendedora.bsky.social,amiga vc está vendendo os móveis da sua família pra comprar photocard de kpop?,0,0,at://did:plc:id2nbsu52xmwteakfvfutxcu/app.bsky.feed.post/3l5ndqy53bd23
kpop photocard,2024-10-03T17:24:20.472Z,svtriz.bsky.social,maju onde vc compra as cartinhas de one piece quero começar a colecionar tal qual photocard de idol de kpop,1,0,at://did:plc:kdcmnrhh6ovfh7diluqxhxi7/app.bsky.feed.post/3l5mrdnmcy32k
kpop photocard,2024-10-03T12:16:09.892Z,rkivewonu.17-carat.club,"coisas que me fazem ser quem eu sou:

como treinar o seu dragão, por do sol, percy jackson, livros de romance, area restrita, criminal minds, animes, kpop, meu quarto, photocard, jeon wonwoo, huang renjun, margaridas, ecobags, gostar de gente que não presta e lilás.",0,0,at://did:plc:yd4za2ygf4vrqhxpceba6lot/app.bsky.feed.post/3l5ma4lfcqe2y
kpop photocard,2024-10-03T11:15:07.933Z,asahicearence.bsky.social,"1 PHOTOCARD 
omgg Felipe Neto idol de kpop",3,0,at://did:plc:lkmidrhxfhor7pmf73nenfqp/app.bsky.feed.post/3l5m4pifzil2b
kpop photocard,2024-10-03T00:26:25.312Z,umbrenaena.bsky.social,apenas photocard de kpop mesmo,0,0,at://did:plc:7t3scsjt2kqah4namxexvt33/app.bsky.feed.post/3l5kyhh35wf24
kpop photocard,2024-10-02T16:14:06.336Z,littleana11.bsky.social,"eu amo essa mistura de estética de kpop com lol que as divas lá fazem, vamos adotar isso pf!! quero sair com meu photocard do titan na rua em pazzz",4,0,at://did:plc:lsfywaytb7hxgjxrey3im6zw/app.bsky.feed.post/3l5k4x4xy7k22
kpop photocard,2024-10-02T15:01:50.544Z,avtaejin.bsky.social,"Pela minha visão e comparativo, teve um aumentou de 10x de restaurantes dedicados a comida coreana na cidade, muitas lojas de kpop, inclusive lojas enormes dedicadas apenas a fanmade e a cada esquina você encontra alguma fã com photocard pendurado na mochila.",2,0,at://did:plc:tw7xyaldvuz4a7vmjezwwe5e/app.bsky.feed.post/3l5jyvvsu6u2u
kpop photocard,2024-10-02T03:05:31.166Z,pjmblr.bsky.social,cara as pessoas levando a cultura do photocard pra fora do kpop 🤢🤢🤢,1,0,at://did:plc:p36gnk4dhwfgwgxip357ueqp/app.bsky.feed.post/3l5iquzygj525
kpop photocard,2024-10-01T20:25:56.292Z,mornings.bsky.social,there's a kpop photocard trading event nearby next month and i'm gonna go there and see if anyone's gonna wanna trade sticker sheets. i'm not a kpoppie at all but i feel like they'll be open to it,3,0,at://did:plc:2kuapp4ithvcfercu3mrutbf/app.bsky.feed.post/3l5i2kjkskk2p
kpop photocard,2024-10-01T19:28:31.557Z,aurorainblues.bsky.social,photocard de kpop sksbwksb,0,0,at://did:plc:cqqwfaiqpp46bwkp7p7azcom/app.bsky.feed.post/3l5hxdu65y62v
kpop photocard,2024-10-01T16:38:46.140Z,kaibaboy.bsky.social,"Chegaram meus manhwas!!
Veio com tanta coisinha (photocard, postcard, acrílico, adesivos, marca-página) dentronde uma caixa, igual álbum de kpop.",3,0,at://did:plc:j5vgarbpbupq4ejae4wymuwz/app.bsky.feed.post/3l5hnud4hym2k
kpop photocard,2024-10-01T12:16:09.524Z,dazesoojin.bsky.social,"CEG INTER KAZUHA

- valores na imagem + freteS
- ⁠prazo de pagamento: 05/10

‼️ desistência apenas com repasse de vaga

fbs no link da bio

🏷️ venda vendo photocard lesserafim kpop pc pob",0,4,at://did:plc:qsmh7hdqwes7bdi64j5g5kxb/app.bsky.feed.post/3l5h76pvibs2o
kpop photocard,2024-10-01T09:56:13.116Z,rendezvousmari.bsky.social,🏷️ venda vendo loona loossemble hyunjin vivi gowon hyeju one of a kind sensitive photocard card kpop pob,0,0,at://did:plc:kowk3cm32din2bopy7s6dffe/app.bsky.feed.post/3l5gxeigngt2l
kpop photocard,2024-10-01T02:17:01.890Z,julibbxx.bsky.social,"No caso é minha loja q eu já tenho só q só de kpop e com fanmade, com photocard, polaroid, photo strip, adesivo, chaveiro e uns outros trem aí, daí tô fazendo templates dos 10 grupos q eu tô querendo iniciar, vou colocar em Janeiro",1,0,at://did:plc:wtxdunmqbdvr47aogrut2lhb/app.bsky.feed.post/3l5g5pfdrl32l
kpop photocard,2024-09-30T23:07:03.455Z,kickickback.bsky.social,legal que eu passei o dia morrendo de cama mas agora to aqui toda felizinha embalando uma photocard kpop salva vidas mesmo,1,0,at://did:plc:qx2qraaja5fnii2oikpyovoo/app.bsky.feed.post/3l5ft3p72a52q
kpop photocard,2024-09-30T21:49:45.989Z,victorlira.bsky.social,"não tankei que joão campos fex photocard dele igual grupo de kpop, o idol de recife",0,0,at://did:plc:7frtrmacnpyvi2dygtpn3qqh/app.bsky.feed.post/3l5foriu3ik2p
kpop photocard,2024-09-30T18:46:06.711Z,thadeusbelmont.bsky.social,"É tão bom poder ver que a Jennie está trabalhando a sua carreira solo do jeito que ela sempre quis, com controle sobre o projeto 

Eu realmente queria que venha todo o kit de um álbum de kpop, desde um photobook, photocard, algum brinde criativo, essas coisas",0,0,at://did:plc:cyru5ycj5pgrduvzgk3zcmob/app.bsky.feed.post/3l5fej3hd5n2o
kpop photocard,2024-09-30T16:53:34.473Z,sweetminji.bsky.social,"se um dia a one direction voltasse queria q eles se comportassem igual grupos de kpop com álbuns bem feitos, photocard",1,0,at://did:plc:26abonrqxgt5cp5yvml6wbzf/app.bsky.feed.post/3l5f67ubuex27
kpop photocard,2024-09-30T16:47:30.202Z,piprafasciicauda.bsky.social,Preciso de um toploader.,7,0,at://did:plc:gwptt4y3upxhu4f7eldsmcfy/app.bsky.feed.post/3l5f5uz5c3u2u
kpop photocard,2024-09-30T15:28:29.775Z,theodoseung.bsky.social,"preciso de amigos que escutam AM e TLSP urgente, preciso de gnt pra chora cmg pensando na volts do My Chemical Romance, e gente pra poder chora ouvindo Alexandra Savior comigo, enquanto escutam Baco e trocando photocard de kpop💔",0,0,at://did:plc:vrjjqfn5lyrhzdikhnqwve6v/app.bsky.feed.post/3l5ezhqtnvp2i
kpop photocard,2024-09-29T16:35:58.355Z,vrhaejin.bsky.social,"REPASSE JUNGKOOK LD BUTTER

• Valor + frete nacional diretamente para a gom 

🏷️ #vendabts bts namjoon jin yoongi hoseok taehyung jungkook ceg venda troca vendo procuro compro photocard kpop",3,2,at://did:plc:cnhcdkm4ydvzd4mocx2dwdxd/app.bsky.feed.post/3l5cmrhnxdh2j
kpop photocard,2024-09-29T11:59:05.748Z,tapiocawizard.bsky.social,I'm Felix and this is my art 🥰,19,6,at://did:plc:jmihpfqsqkvrvvl4u7jfihvj/app.bsky.feed.post/3l5c5cem2tj27
kpop photocard,2024-09-29T11:16:00.491Z,handle.invalid,"o mais engraçado pra mim é q o  homem pode gostar de futebol uma vida toda, participar de torcida organizada, comprar camisa cara pra um
kct, e ai ele vir encrencar cmg pq eu escuto kpop e coleciono photocard???? ai honestamente kkk",1,0,at://did:plc:h2hkckaqzzsrvohlsxrcjsnz/app.bsky.feed.post/3l5c2vdqquq2n
kpop photocard,2024-09-29T02:08:29.312Z,akchan61.bsky.social,"Além disso tinha várias barracas de anime/kpop e fui procurar algo do exo e não tinha nada, nem um simples photocard 😠",0,0,at://did:plc:23ntjd57knert7oeliex55a6/app.bsky.feed.post/3l5b4cblu2e2g
kpop photocard,2024-09-29T01:51:16.430Z,giswgukk.bsky.social,7 anos no kpop e nao tenho NADA NENHUM produto de kpop album photocard camisa etc como pode,0,0,at://did:plc:veeuenw6jcze4fbmu6q7vm3x/app.bsky.feed.post/3l5b3dscghf22
kpop photocard,2024-09-28T19:49:56.318Z,miwaisu.bsky.social,"🏷 nexz tomoya so geon photocard
pc photocards pcs kpop venda vendo ride the vibe coleção",0,0,at://did:plc:ei6zu5m3dmnda72hc26zyzmp/app.bsky.feed.post/3l5ah5fk5wb2x
kpop photocard,2024-09-28T19:44:45.544Z,julibbxx.bsky.social,"Gente, tô querendo expandir minha loja pra ser só trem de kpop e vender coisinhas fanmade como photocard, adesivo, polaroid e esses trem, acho q talvez seja uma boa",4,0,at://did:plc:wtxdunmqbdvr47aogrut2lhb/app.bsky.feed.post/3l5agu4ufak2u
kpop photocard,2024-09-28T17:54:19.002Z,hesguccy.bsky.social,"REPASSE DE VAGA - Yoongi love yourself answer ver. E

40 reais + freteS, detalhes na foto

A maioria dos ly tem press mark, levem por favooor

bts/photocard/suga/yoongi/collector/collection/kpop/procuro/photocard/venda/vendo",7,4,at://did:plc:dzkzpopvrfrp4jdyow63kvt6/app.bsky.feed.post/3l5aaon5q5i22
kpop photocard,2024-09-28T16:50:09.544Z,gay-strawberry.bsky.social,eu tava pensando isso esses dias em relação a vip de show nao so do dreamcatcher mas no kpop em geral la fora recebem a porra toda eh camisa eh photocard tudo q tem direito e aqui..............,3,0,at://did:plc:op6c2ifbosg2co7wxq7tiypj/app.bsky.feed.post/3l5a53wmpz32p
kpop photocard,2024-09-28T15:40:28.588Z,i0starries.bsky.social,"🍒💬 vendo/venda minji get up

— R$9 + frete fixo de R$15 (módico)
— mando vídeo no pv
— pagamento via pix
— envio em até 10 dias úteis
— sem avarias
— fbs no ig @hyunccat

• levem ela por favor 🥲🥲
🏷 minji newjeans photocard venda vendo get up pc kpop",3,0,at://did:plc:vhwvmnpe66pv7tzfgsuegomz/app.bsky.feed.post/3l57z7cvrxc2e
kpop photocard,2024-09-28T14:55:20.000Z,dagangkorea.bsky.social,"Dasell! Yellow Board & Grey Board YB murah utk packing Photocard PC Trading Card TC Kpop — tanpa toploader

💰Rp240 / LEMBAR

Diskon sh0pee vide0☑️

Ready🍊freeong XTRA ☑️¹⁵",0,0,at://did:plc:dalnvwg5lej7rfo6reaaetmj/app.bsky.feed.post/3l57wom53zi2j
kpop photocard,2024-09-28T14:55:16.000Z,sellkpopfess.bsky.social,"Kuy- Yellow Board & Grey Board YB murah utk packing Photocard PC Trading Card TC Kpop — tanpa toploader

💰Rp240 / LEMBAR

Diskon sh0pee vide0☑️

Ready🍊freeong XTRA ☑️¹⁵",0,0,at://did:plc:qal2cp7onjffhoxgeomohb47/app.bsky.feed.post/3l57woikz2b2o
kpop photocard,2024-09-28T13:10:56.614Z,xielianrkive.bsky.social,revelando pra prof do mandarim q ia no correio p trocar photocard de kpop,1,0,at://did:plc:s4lqgia5lo5binqhn2egbpkr/app.bsky.feed.post/3l57qtw335v2e
kpop photocard,2024-09-28T13:04:50.482Z,dokjautismo.bsky.social,A coisa mais engraçada de comprar photocard é que eu ganho umas imagens de idol de kpop que eu não faço ideia de quem são,32,0,at://did:plc:ob673qush7x4hklg24rb3xg7/app.bsky.feed.post/3l57qj2m2a32i
kpop photocard,2024-09-28T00:39:10.118Z,yizhuovhs.bsky.social,"PROCURO/COMPRO
- não pago over
- precisa ter feedback
- pagamento imediato por pix
- Sou do RJ

tags: aespa ningning venda e troca photocard compra kpop collector feedback giselle karina winter",6,3,at://did:plc:ddoa2fnpyrsajwnk3rdileab/app.bsky.feed.post/3l56gtnemdi2j
kpop photocard,2024-09-28T00:35:25.010Z,itsmemimi.bsky.social,"VENDA/VENDO NACIONAL
Itens para collector de photocard

• 10 folhas A5 com 4 bolsos frente e verso; 2 pacotes disponíveis
• binder A5 macaron; 1 rosa e 1 roxo
• preços na imagem + frete
• produtos novos e em mãos

Tags: Papelaria, collector, nacional, kpop, photocard",0,0,at://did:plc:br57f3w7dggzrb2txgdz7owr/app.bsky.feed.post/3l56gmx7y2p2i
kpop photocard,2024-09-28T00:03:38.610Z,kdramaticaa.bsky.social,"vivo pensando em postar uma foto minha com a música da afreekassia, tipo ""eu amo ser negona"", mas com icon de hello kitty e photocard de idol fica difícil não colocar kpop",1,0,at://did:plc:qkconzqkuaf23cvc57zfqwuf/app.bsky.feed.post/3l56eu4eazv23
kpop photocard,2024-09-27T20:51:15.357Z,vernonmamind.bsky.social,"*um menino vê o photocard do dokyeom na minha bolsa.
ele: é kpop?
eu: é sim
ele: credo, odeio esse lixo 
eu: eu gosto. oq tu escuta?
ele: música eletrônica, mil vezes melhor 

😊😊😊☺️☺️☺️",1,0,at://did:plc:ofmpgzp4ltwhilsd3norjxqk/app.bsky.feed.post/3l56244r3u62q
kpop photocard,2024-09-27T18:46:36.097Z,liceluvswony.bsky.social,tags: aespa giselle vendo venda winter karina ningning giselle armageddon photocard ceg gom repasse de vaga ae kpop pc,1,0,at://did:plc:bw6m34lwdq2op3ynzk6rew67/app.bsky.feed.post/3l55t57kpno2h
kpop photocard,2024-09-27T18:23:52.747Z,bttarello.bsky.social,gente transformei a leticia em um photocard de kpop,4,1,at://did:plc:bpakdg6lzk2p2xo7cpoovdxc/app.bsky.feed.post/3l55rul5l7z2d
kpop photocard,2024-09-27T18:00:59.753Z,ghoulnwjns.bsky.social,"a min heejin é a mãe do kpop gente pq vcs acham que a coreia ama tanto ela? olha o histórico da mulher, ela ajudou a construir o kpop, trouxe o photocard pro kpop, criou conceitos icônicos, álbuns icônicos, a forma de fazer marketing, o design etc. Gostando dela ou não ela é uma lenda da indústria",96,8,at://did:plc:p23mgtt3kv527i35dojnv2zj/app.bsky.feed.post/3l55qlohs2l2p
kpop photocard,2024-09-27T16:42:47.446Z,stupidgal.bsky.social,"eu não consigo entender quem vende álbum de kpop incompleto, a maior graça é você ter o pull do photocard… mas ok né, quem sou eu pra saber de alguma coisa rs",0,0,at://did:plc:2cvni5bcu7pfxyiqhisadvay/app.bsky.feed.post/3l55m7ssm5c2h
kpop photocard,2024-09-27T16:10:39.048Z,gyuhae.bsky.social,vou carregar um photocard todos os dias durante o resto da minha vida pra quando eu morrer eu estar acompanhada de meu kpop boy,1,0,at://did:plc:mribhqvufd55lfbpz7ugmx2d/app.bsky.feed.post/3l55kgehzhg2x
kpop photocard,2024-09-27T02:15:09.719Z,thvvvoir.bsky.social,"eu fico muito em choque pq tipo eu tenho fc no twitter pra grupo de kpop e “trabalho” pra ter dinheiro pra comprar álbum, photocard e jogo na steam e tem alguém da minha idade, q estudou comigo a vida toda juntando dinheiro comprar fralda e pra conseguir educar e criar outro ser humano tipo mds",1,0,at://did:plc:d5dpgvkkvbshlcxgg7w7d5m4/app.bsky.feed.post/3l543qeod2d2q
kpop photocard,2024-09-26T23:53:38.717Z,spidernb.bsky.social,"tá tudo bem amgg, eu gosto de falar sobre!!
é que eu coleciono e vendo itens de kpop oficiais (principalmente photocard), e sempre que vou enviar o pacotinho de alguem gosto de botar docinhos de brinde pq acho uma coisa legal e que pode deixar a pessoa que comprou cmg feliz (eu pelo menos fico)",1,0,at://did:plc:ongnsr2chzgjk5tyiz3i5myr/app.bsky.feed.post/3l53ttcx6bl27
kpop photocard,2024-09-26T21:34:09.119Z,kzuxs.bsky.social,"uma coisa muito legal que eu gosto no menino que eu to afim é que ele simplesmente não liga pro meu gosto musical, tipo, geralmente o povo eh chato e julga quem gosta de kpop e esses caralho, mas ele não se importa. tipo, eu deixo photocard do txt na minha capinha e ele só vai perguntando quem é",1,0,at://did:plc:hjnqkticciqoihuk5kqf5sgc/app.bsky.feed.post/3l53lzvcicw2r
kpop photocard,2024-09-26T01:11:52.391Z,handle.invalid,"vamo todo mundo evitar falar a palavra brasil perto dos grupos de kpop, acabei de gastar todo o meu dinheiro em photocard",16,3,at://did:plc:yyuqffwenxsxsspxqpwd5ide/app.bsky.feed.post/3l4zhqbtgtt2k
kpop photocard,2024-09-26T00:12:11.493Z,pyodz.bsky.social,"VENDO/VENDA
photocard amber f(x) pink tape

› R$32 com frete incluso
› em perfeitas condições 
› feedbacks estavam no x, tenho arquivo, se quiser conferir só chamar pv!
› envio vídeo no chat

🏷 kpop girlgroup procuro compro",0,0,at://did:plc:zqm44a2q3sfy43foahcqv4vt/app.bsky.feed.post/3l4zefktq3n23
kpop photocard,2024-09-25T22:09:59.020Z,wooyoung.atiny.social,minha amg no kpop vendo vídeo de collector no TikTok que furou a bolha e descobrindo o pq não pode usar pvc e pq photocard é caro tô morrendo ela aprendendo td,0,0,at://did:plc:6mgpi75okjv22f6d24mcowli/app.bsky.feed.post/3l4z5l2nyjh2b
kpop photocard,2024-09-25T20:29:49.926Z,jaknooe.bsky.social,"ODEIO a shopee, fui comprar minhas coisinhas de kpop (photocard, binder etc) e sla várias coisinhas, minha compra tinha dado 150 pila, ai com os frete deu fucking 375 reais AAAAAAAA",1,0,at://did:plc:iackvhzwlfvuve5ek6jvw6wn/app.bsky.feed.post/3l4yxxxw3k42e
kpop photocard,2024-09-25T20:24:49.538Z,sunnyfyre.bsky.social,"Meio que o mundinho da fórmula 1 nas redes sociais é oq eu estava esperando de fandom de kpop lá em 2018 quando eu fiz minha conta no Twitter, e olha que eu vivo em uma bolha onde eu sigo poucas pessoas 

A única kpopficacao desse esporte que eu queria era photocard dos pilotos, e não crimes",0,0,at://did:plc:mddwoor25tziugipwdcpevom/app.bsky.feed.post/3l4yxoywcgx23
kpop photocard,2024-09-25T19:04:11.177Z,jiminsyoonhobi.bsky.social,"Acabei de encontrar este item incrível no AliExpress. Dá uma olhada! 
R$9,82 | A5 caderno fichário de couro do plutônio álbum de fotos recarregável 6 anel orçamento pasta capa kpop photocard titular cartão de jogo coletar livro
a.aliexpress.com/_mrGQVJE",1,0,at://did:plc:plr33e6fpmnorentrmcaa4j7/app.bsky.feed.post/3l4yt6szsdq2x
kpop photocard,2024-09-25T18:54:15.435Z,ghwstprincess.bsky.social,"e a cachorra do licas não quer me dar um photocard de kpop de 250 reais pra passar minha vontade, o cuie n ajuda em nada, então tem q ser vc pra fazer algo por mim",0,0,at://did:plc:sarws4tq4a4wmazpttnifcwi/app.bsky.feed.post/3l4yspa4k242d
kpop photocard,2024-09-25T15:57:50.021Z,guilhermendanha.bsky.social,"puts não tenho. tenho carta de uno, baralho e um photocard de um cara de kpop que eu não faço a mímima ideia de quem seja",0,0,at://did:plc:e6htftdozvkttdldbm7jtipe/app.bsky.feed.post/3l4yirlfsuy2j
kpop photocard,2024-09-25T15:52:32.614Z,rainbowgrden.bsky.social,New kpop album added to my collection & my photocard pulls!!!,2,0,at://did:plc:uukybeu3uvnwcxzeaoqd5jzl/app.bsky.feed.post/3l4yii4xiio27
kpop photocard,2024-09-25T02:11:58.950Z,oliviono.bsky.social,Pensando que tenho blusa photocard chaveiro e até capinha de celular do taeyong pra ir ver ty track mas n vou usar nada pq quero passar despercebido igual no do riize (uma bicha de 30 anos no show de kpop no meio de um monte de menina adolescente),0,0,at://did:plc:4zrv6ogwnsc7ylibdmgrbztp/app.bsky.feed.post/3l4x2mtouxo23
kpop photocard,2024-09-25T00:40:53.006Z,aquaticcattus.bsky.social,"Sorry that was a lame first post. Look at this toploader i decod!!! While I was making it I wasn't feeling great about the color combos but i think it def came together at the end 👌👌 
#hanjisung #straykids",4,0,at://did:plc:uillz6qxdaxv7dvtj4zllp3n/app.bsky.feed.post/3l4wvjxdewh22
kpop photocard,2024-09-24T23:24:29.885Z,taycaeres.bsky.social,"It's funny that as long as you don't buy any kpop albums you don't care much about PC etc, but you just get a single photocard and that's it. The pyramid scheme is there.",0,0,at://did:plc:m6dm4byufp3ga2cpt47vz4qx/app.bsky.feed.post/3l4wrbe55hv2s
kpop photocard,2024-09-24T23:24:23.894Z,taycaeres.bsky.social,"Engraçado que enquanto você não compra nenhum álbum de kpop você não se importa muito com os pc, mas é você conseguir um único photocard e pronto. O esquema de pirâmide está aí.",0,0,at://did:plc:m6dm4byufp3ga2cpt47vz4qx/app.bsky.feed.post/3l4wrb6uktb2n
kpop photocard,2024-09-24T20:13:07.611Z,hils.bsky.social,I was so brave today. I used some of my stickers!,13,0,at://did:plc:f63gs7wjckl365oqp5w4kvjq/app.bsky.feed.post/3l4wgl5yk3a2f
kpop photocard,2024-09-24T13:38:54.382Z,killustar.bsky.social,"eu escuto kpop, jogo rpg de mesa, sofro por banda morta e uso photocard de coreano na capinha COMO QUE EU TO TRANSANDO PORRA",0,0,at://did:plc:ypodw7iddwauzrcekgfevm5y/app.bsky.feed.post/3l4vqkazn3i27
kpop photocard,2024-09-24T03:37:52.711Z,ttbr.bsky.social,"Dá uma olhada aqui, amig, aqui tem vários modelos originais ^^

amzn.to/3TEzJZG",0,0,at://did:plc:aq46j22nv2jlryq47b3smhbz/app.bsky.feed.post/3l4uoxkjyi325
kpop photocard,2024-09-23T22:50:41.755Z,carnage117.bsky.social,VAI SE FODER QUE JOAO CAMPOS FEZ DOS SANTINHOS DELE UMA ESPÉCIE DE PHOTOCARD COLECIONAVEL EU TO ME MIJANDO QUE HOMEM DEMONIACO KKKKKKKKKKKKKKKKKKKKKKKKKK prefeito do recife virou idol de kpop,0,0,at://did:plc:cdt6vl53n4kt6c55agdpxfij/app.bsky.feed.post/3l4u6vymt5x2e
kpop photocard,2024-09-23T22:46:12.104Z,bunniedoor.bsky.social,nao me canso de dizer como mesmo anos acompanhando kpop acho incrível como foi o bonedo que me fez KPOPPER no sentido mais intrínseco da palavra. nunca liguei pra photocard lightstick colecionar album e por causa deles queria ter dinheiro pra tudo isso. arrombadinhos sou POBRE me deixem em paz,1,0,at://did:plc:tfg7ld2uhnwbqmz2ybkx7y4j/app.bsky.feed.post/3l4u6nybuuq2p
kpop photocard,2024-09-23T05:31:40.192Z,cryptidlovemail.bsky.social,Pra mim photocard caro de kpop  é uma das coisas que eu fico???? porque eu pagaria 100 conto numa foto que eu posso imprimir ????????,2,0,at://did:plc:n4lic3h5zsidlwbwoad6oyvk/app.bsky.feed.post/3l4seu3jby22r
kpop photocard,2024-09-23T00:36:02.087Z,iyuuycollet.bsky.social,"💗Vendo💗

✨photocards variados
Preço na imagem + frete kangu

Feedbacks @iyuuycollet tt, @hi.polaroids ig e vboo_tv

( kai bts tx jin jeongyeon tzuyu fol photocard pob kpop brasil Collector drop ceg binder )",1,0,at://did:plc:lvg7af4cncxxlhyfrjpjvj65/app.bsky.feed.post/3l4rudgdibq2b
kpop photocard,2024-09-22T18:27:03.089Z,muqingsgf.bsky.social,🔖vendo venda kpop newjeans hanni minji danielle haerin hyein card collector photocard pc,0,0,at://did:plc:hklotbj7emlurtcjbowm273o/app.bsky.feed.post/3l4r7pns6hj2b
kpop photocard,2024-09-22T16:18:56.487Z,gcfbeatles.bsky.social,"se existisse redes sociais na época da beatlemania e o fandom fosse igual ao de kpop iam chamar as apple scruffs de sasaengs, as q tinham um beatle favorito de solo stan e td álbum ia vir com um photocard de um deles.",3,0,at://did:plc:3ra4g4r7pfgsdl42skwse7h4/app.bsky.feed.post/3l4qyklf64q2q
kpop photocard,2024-09-22T16:15:04.357Z,larygasaii.bsky.social,aposto que o donatello de caos mutante iria para um evento de kpop aonde eu tô pra pegar photocard,1,0,at://did:plc:cxckqf73bdz6bpo4itn4z3m7/app.bsky.feed.post/3l4qydnwmol2v
kpop photocard,2024-09-22T06:13:01.475Z,scoups127.bsky.social,"to numa festa de kpop e perguntei NOSSA QUEM É ESSE NO PHOTOCARD e era o mingyu,.,,..,.,.,.,.,, além de estar ficando surda estou ficando cega",1,0,at://did:plc:o25mp4thdrax22c6tqsawpy2/app.bsky.feed.post/3l4pwp5adre2s
kpop photocard,2024-09-22T03:09:25.344Z,lefdias.bsky.social,"Eu lancei tendência comprando e colecionando photocard de santo,  igual os photocards de kpop!",0,0,at://did:plc:upzlg6gnq6sgn233psr3hdrz/app.bsky.feed.post/3l4pmgsvodc2a
kpop photocard,2024-09-22T02:09:33.316Z,debys.bsky.social,"@pagesoobingf.bsky.social me disse algo, critiquei tanto kpop, mas agr ando com casaco do SKZ, meu @ é ""deby loves Bang Chan"", papel de parede do PC do IN assim como a figurinha colada atrás, no celular photocard e papel de parede do Jimin, agr tem um Chimmy no meu quarto e uso metadinha do Enhypen",0,0,at://did:plc:qphbwxslpjxgnadl6m4omsz7/app.bsky.feed.post/3l4pj3qfl3r2v
kpop photocard,2024-09-22T00:42:13.013Z,cypherl1ne.bsky.social,"aí não aguento com essa foto o tanto de celular com photocard, deus abençoe o kpop",0,0,at://did:plc:53jafu6ppzqaaahfjzodz47c/app.bsky.feed.post/3l4pe7k5us42l
kpop photocard,2024-09-21T22:16:30.430Z,naynayning.bsky.social,"Divulgando minha comunidade de V&T do ILLIT! 
chat.whatsapp.com/KTuXZUxmKSzL...

Tags:ILLIT venda troca yunah wonhee minju moka iroha kpop photocard",0,0,at://did:plc:kse6soguaujugjz7bihg2iyv/app.bsky.feed.post/3l4p42zot2h2x
kpop photocard,2024-09-21T20:51:18.706Z,dalilacosta23.bsky.social,"A diferença entre um show de kpop e um de Pop americano é exorbitante, não tem um cacareco, chaveiro, adesivo, bottom, photocard  👎👎👎",0,0,at://did:plc:mralbam5ajnnoxpxzbxkrtfo/app.bsky.feed.post/3l4oxcoqejd2j
kpop photocard,2024-09-21T15:17:54.900Z,jinnieontrack.bsky.social,nunca vou perdoar a kpop merch por ter me roubado o meu unit photocard ano passado eu lembro q eu fui reclamar com eles e eles disseram que pra enviar eu tinha que fazer uma nova compra k ladrões,1,0,at://did:plc:kczdfyg6vxo5lf4azodrrbqv/app.bsky.feed.post/3l4oeojoakr2g
kpop photocard,2024-09-21T01:21:23.491Z,imnotrubiej.bsky.social,TEM UMA BOLSONARA DO KPOP ME FUZILANDO POR CAUSA DO PHOTOCARD DA JENNIE NA MINHA MOCHILA. KKKKKKKKKKKKKKKKKKKKKKKKKKKKKK,1,0,at://did:plc:263a752fe7q3o34g5r2fxhvi/app.bsky.feed.post/3l4mvwqa2jq2p
kpop photocard,2024-09-20T23:42:20.766Z,kpossibles.bsky.social,Got vaxxed for COVID-19 (Novavax) and flu at Target and got a $5 coupon to use on a kpop CD & demon slayer gatcha💪,2,0,at://did:plc:rzdmz4nu75viplcp6d6qvi6a/app.bsky.feed.post/3l4mqfluad52d
kpop photocard,2024-09-20T21:12:46.686Z,lesserafimvt.bsky.social,"olá! somos uma conta destinada a divulgação de vendas, trocas e cegs de itens do grupo #LE_SSERAFIM. nos siga e reposte esse tweet para ajudar a divulgar! 

🏷️ photocard kpop collector álbum venda troca procuro compro le sserafim sakura chaewon yunjin kazuha eunchae",58,19,at://did:plc:n2xf4tcrq6bqwam6mwo44apn/app.bsky.feed.post/3l4mi24vgsq2f
kpop photocard,2024-09-20T17:29:36.340Z,hyunzpa.bsky.social,"🏷:: vendo, venda, skz, stray kids, bangchan, lee know, minho, changbin, hyunjin, han jisung, felix, seungmin, I.N, jeongin, compro, compra, kpop, ATE, Stray Kids, álbum, photocard",0,0,at://did:plc:zm4wpt67537yxwoptoyzj2bc/app.bsky.feed.post/3l4m3l3swak2s
kpop photocard,2024-09-20T15:29:21.664Z,luvglow.bsky.social,"metas pro ano que vem:

Conseguir colecionar photocard do Jimin, Yuna & Sihyeon/Yiren 
Conseguir ter meu próprio dinheiro
Começar a fazer aula de dança (jazz ou kpop, ja tem o lugar só falta dinheiro pra matrícula)
consegui uma namorada aff",1,0,at://did:plc:f7s44wmsp7cw7q5kzdtc2r4n/app.bsky.feed.post/3l4luu5nual2x
kpop photocard,2024-09-20T11:30:49.079Z,amzgcollector.bsky.social,🏷 procuro compro jeongyeon twice Pinóquio fantasia momo nayeon mina sana jyp troco troca venda vendo photocard kpop,0,0,at://did:plc:bg4qh4df6umvaumimqctifq3/app.bsky.feed.post/3l4lhjjht2c2v
kpop photocard,2024-09-20T01:17:52.958Z,tsukiruishiro.bsky.social,"Eu adoro decorar, minhas capinhas foram sempre decoradas depois que comprei capinhas transparentes de plástico 

Aí eu queria tentar fazer em toploader. Pior que eu até tenho photocard de kpop, mas nunca fiz 😭😭😭",1,0,at://did:plc:brcbe5kb5achhgd5rjfbk4wr/app.bsky.feed.post/3l4kfbje2hh2t
kpop photocard,2024-09-19T20:59:53.984Z,geckoholic.bsky.social,"I really like the pretty editions and the extras that come with physical kpop albums but I don’t really care abut that whole photocard thing, kinda thinking about just selling those. 🤔",1,0,at://did:plc:swa6gicfepdjipyt6ojjwfi6/app.bsky.feed.post/3l4jwu7mlfy2x
kpop photocard,2024-09-19T11:47:48.930Z,hynjjsoo.the-gay.cat,"meu maior choque quando eu entrei no mundinho do kpop foi a abreviação de photocard. eu ficava tipo: ""como caralhos esse miserável tem uma coleção de pc?""",1,1,at://did:plc:776xbbgbwwiarer5qkyj2bzr/app.bsky.feed.post/3l4ixyzdfmf23
kpop photocard,2024-09-18T22:46:49.647Z,luvsvt.bsky.social,e ele não achou esquisito e nem me chamou de louca por gostar de kpop e colecionar photocard. acho que vou casar.,0,0,at://did:plc:fm2yezb7kq2jpjmer76zvxqd/app.bsky.feed.post/3l4hmeias3t2r
kpop photocard,2024-09-18T22:30:45.014Z,ningnyaring.bsky.social,"vendo/venda taehyun dream week 2024

- 30 conjunto + frete (a calcular por super frete)
- mando vídeo e foto no pv
- feedback positivo no ig: @ningning_c2
- não reservo/pgmto imediato

vendo venda txt taehyun hueningkai soobin yeonjun beomgyu kpop photocard troco troca tomorrow by together",0,1,at://did:plc:o5tsvwcgpeywo6ml6teuzh4u/app.bsky.feed.post/3l4hlhpeezh2f
kpop photocard,2024-09-18T20:46:56.613Z,ningnyaring.bsky.social,"vendo/venda sieun digipack pc

- 30 + frete (a calcular por super frete)
- mando foto e video no pv 
- não reservo, pgmto imediato

vendo venda stayc sumin sieun j isa seeun yoon troco troca kpop photocard",0,1,at://did:plc:o5tsvwcgpeywo6ml6teuzh4u/app.bsky.feed.post/3l4hfo3gepc2p
kpop photocard,2024-09-18T20:41:15.426Z,psiujoaninha.bsky.social,"feedback positivo para @sakyando.bsky.social que me vendeu o photocard unit da hyujin e yeojin e de brinde ainda mandou as maiores saficas do kpop 😭 compra muito tranquila e veio tudo muito bem embalado, obg mo 💜💜",2,1,at://did:plc:za56yvjlzchc3bwqr3rtrkph/app.bsky.feed.post/3l4hfdwxws42p
kpop photocard,2024-09-18T20:20:33.018Z,p1eceofmoa.bsky.social,"virei stan de kpop e jurava de pé junto que nunca ia ter nem um photocard fanmade 
5 anos dps estou eu morrendo de ansiedade pra comprar a versão da sana do álbum novo das misamo e o novo do piwon pq ter 7 álbuns do p1h e o lightstick nao basta",3,0,at://did:plc:4d4xvxpzqgy2v22ydrh2sngc/app.bsky.feed.post/3l4he6wfov625
kpop photocard,2024-09-18T13:17:10.948Z,kei-dreampage.bsky.social,"Meu primeiro photocard em anos como fã de kpop 😍😍
Valeu, choerry brasil",2,0,at://did:plc:g2dv72bor4yinv6i5r3rlxrg/app.bsky.feed.post/3l4gmjuosc42r
kpop photocard,2024-09-18T07:28:22.241Z,bishonen.gay,descobri que em vkei eles chamam chekis e photocard eh termo de kpop. errei fui mlk,1,0,at://did:plc:3ape3bstoxjhwfho6p43vsug/app.bsky.feed.post/3l4fz2674vk2g
kpop photocard,2024-09-18T01:24:32.922Z,ttbr.bsky.social,"Ah simm amiga, se vc quiser achei photocards originais, dá uma olhada aqui^^ﾉ♡

amzn.to/3XwFARR",0,0,at://did:plc:aq46j22nv2jlryq47b3smhbz/app.bsky.feed.post/3l4feply7mw2d
kpop photocard,2024-09-18T00:50:35.142Z,hentaidemoto.bsky.social,"MANO AMIGOS QUERO PEDIR UMA COISA A VCS

qm quise aparecer na minha coleção de photocard me mandem fotos de vcs q parecem photocard de kpop pra eu imprimir e usar como photcard e colecionar photocard dos meus friendos",1,0,at://did:plc:3j7kbuot5i7bhtmmd5nez76s/app.bsky.feed.post/3l4fcsul4cr27
kpop photocard,2024-09-17T23:09:06.713Z,pumpkimstay.bsky.social,"Gente eu tô desesperada, alguém tem grupo de venda e troca do skz?? Só achei um mas o grupo tá cheio 😭😭
#skz#straykids#photocard#collector#preciso#ajuda#kpop#han",3,2,at://did:plc:h6ecmvidvdpmn3m2tmovnzj7/app.bsky.feed.post/3l4f55f63q32z
kpop photocard,2024-09-17T20:03:50.831Z,ellatkes.bsky.social,"conversar com mulher hetero que gosta de kpop eh uma experiencia mesmo elas falam ""esse aqui é meu fofinho"" e procede pra te mostrar o photocard do homem mais feio que voce ja viu o croatoan coreano",2,1,at://did:plc:lfmbpwblcq43rauzxvant4nc/app.bsky.feed.post/3l4ess5ah7v26
kpop photocard,2024-09-17T00:27:33.242Z,haechanbfr.bsky.social,venda vendo nct 127 jungwoo treasure doyoung kpop photocard,1,0,at://did:plc:deizng67e6ruob3kfz2iv6cn/app.bsky.feed.post/3l4cr2s5izq2a
kpop photocard,2024-09-16T19:42:55.801Z,tinyzzzita.bsky.social,nós fans de kpop que coleciona photocard e é meio irresponsável com dinheiro mas temos empregos ou somos estudantes,0,0,at://did:plc:f64xz5xfs574me5ruunam2dt/app.bsky.feed.post/3l4cb5sqori2m
kpop photocard,2024-09-16T18:10:22.331Z,infolaiscollector.bsky.social,"Lais collector adicionou uma publicação! Hoje faz 2 anos que nossa lala posta unboxings! Parabéns 🥹💞
www.tiktok.com/t/ZMh8V6dJU/",1,1,at://did:plc:os5zfcr46cqesvccujqhk5z6/app.bsky.feed.post/3l4c3yct52g22
kpop photocard,2024-09-16T16:58:21.834Z,abcix.bsky.social,8. photocard é uma das piores coisas do kpop é um MONSTRO terrível que foi capaz de transformar uma veterana 14 anos sendo fã que se orgulhava de não gastar >NADA< com kpop em alguém que compra papel de 10+ idols diferentes 🤠,1,0,at://did:plc:kcqeajt2newm77s5nk423pec/app.bsky.feed.post/3l4bxxkb2au2p
kpop photocard,2024-09-16T16:04:04.979Z,pastelmuse.bsky.social,"Made some freebies for when I go see ""I Am Still"" this weekend! 💜

Giving out freebies is one of my fav things to do for kpop events. I love seeing fellow fans smile.",18,0,at://did:plc:z4qwewfcwd4mfmwjaky4jcua/app.bsky.feed.post/3l4buwhu3yz23
kpop photocard,2024-09-16T12:35:48.114Z,exocollector.exol.social,"VENDO/VENDA PHOTOCARD BTS ISLAND IN THE SEOM JIN

> R$70,00
> Frete incluso

#bts #jin #army #kpop",1,1,at://did:plc:se6efyr2twl3z5ckhv6vxmtk/app.bsky.feed.post/3l4bjbz6sct24
kpop photocard,2024-09-15T19:59:04.992Z,euteamojoshua.bsky.social,nao aguento mais a cafonice envolvida em ser uma molier solteira eu vou apenas focar em trabalhar e colecionar photocard de kpop,21,4,at://did:plc:v3r5z3275uejdmnf2o3dl242/app.bsky.feed.post/3l47rlrn3i52f
kpop photocard,2024-09-15T18:58:55.232Z,kaidounshun.bsky.social,acho garotas q gostam de kpop e andam com photocard tão green flag,1,0,at://did:plc:5fpxi6fkyzt6un4nkl3bump5/app.bsky.feed.post/3l47oa6o53q2n
kpop photocard,2024-09-15T15:37:43.159Z,leninhaskz.bsky.social,"Deus, que vontade de comprar álbum de kpop e photocard 😮‍💨",2,0,at://did:plc:frt5zpedg4uqw2tz6h3ktvwh/app.bsky.feed.post/3l47cygidz72z
kpop photocard,2024-09-15T13:13:04.236Z,korkive.bsky.social,"Eu apenas mandando no chat do Aquiles ""me ajuda a crochetar um CARD HOLDER PRA PHOTOCARD DE KPOP"" (ele aceitou me ajudar na cafeteria mês que vem)",0,0,at://did:plc:i6qrtavp6bbashlg72uxl5yx/app.bsky.feed.post/3l472vrkfzy2z
kpop photocard,2024-09-15T02:53:09.393Z,lewislut.bsky.social,"meu vício de assistir unboxing de photocard de kpop continua deveria ter um desses de bookstan, de f1, super colecionaria",0,0,at://did:plc:l6czpgxrxckiwr6vvuzq4q2u/app.bsky.feed.post/3l45ybb5gnf2h
kpop photocard,2024-09-14T21:41:24.212Z,cohenhacker.tripazeada.club,eu queria fazer um chaveiro photocard tipo aqueles de kpop todos decorados e bonitinhos mas com uma foto do hannibal ensanguentado,0,0,at://did:plc:vp3f63l7ez3xnfbizglhthkj/app.bsky.feed.post/3l45gtsyxkl2f
kpop photocard,2024-09-14T21:24:21.623Z,portalrukabrasil.bsky.social,"
ℹ️ | Pacote de photocard do Ruka ver. está ESGOTADO na loja oficial do Weverse.

#BABYMONSTER #RUKA #루카 #RukaBR #BABYMONSTER #RukaSugimoto #YGRuka #Kpop #KpopFanbase #KpopNews #RukaUpdates #BABYMONSTERFandom #RukaLovers #RukaFans #YGEntertainment #KpopBrasil #RukaDaily #RukaFan #BABYMONSTERUpdates",0,0,at://did:plc:5gsgdvsvdktaxt4xpf6oyyvg/app.bsky.feed.post/3l45fvduls72m
kpop photocard,2024-09-14T20:46:33.032Z,515chaeryeong.bsky.social,"[DROP CHAERYEONG] estou dropando toda a minha coleção da chaeryeong

a ceg do set esta sendo organizada pela @fefs83.bsky.social

feedbacks positivos da gom no perfil dela do bluesky e os meus no ig @515chaeryeong

valores + freteS

🏷️ venda vendo itzy photocard inclusoes postcard kpop album",2,3,at://did:plc:2wvziugdo27b7zxwqcfswtv2/app.bsky.feed.post/3l45drq32gv2t
kpop photocard,2024-09-14T16:02:12.310Z,handle.invalid,"Minha mãe que imprimiu os Photocard pra mim ontem né 
Daí eu coloquei um doutor no meio (pra colocar na toploader) 
Ela disse que ficou ""quem que é esse cara e oq ele tem a ver com kpop?""",2,0,at://did:plc:y6h7b6z5txsnoekaa7nf7vhn/app.bsky.feed.post/3l44tvbcegc2v
kpop photocard,2024-09-14T01:21:24.484Z,marcomagnum.bsky.social,"
Olá, tudo bem? Posso ajudar sugerindo uns  excelentes vendedores desses produtos pela shoppe. Caso não encontre
Link: s.shopee.com.br/3AocGVHfd2
seventeen photocard 2 kpop original",1,0,at://did:plc:dlsqy4so7kr2yxaiy6wvgty2/app.bsky.feed.post/3l43codz4um2g
kpop photocard,2024-09-13T16:38:07.199Z,gyarucosta.bsky.social,Agora que eu entrei na minha era collector de álbum de kpop uma coisa que eu percebi é que meio que não me importo com photocard kkkkkk ligo mais pro photobook,1,0,at://did:plc:jdrpdsyp3nrx2nqzvcvsq3wi/app.bsky.feed.post/3l42fgtmrv22c
kpop photocard,2024-09-13T15:43:41.152Z,ayysthe.bsky.social,"a figure do yeonjun de ggum mais de 100 reais 
eu querendo comprar sendo q a única coisa de kpop q tenho é um photocard q paguei 1 pila",0,0,at://did:plc:mhbecvpt4tdfnzkuoprifct2/app.bsky.feed.post/3l42cfbrdin23
kpop photocard,2024-09-13T15:24:01.960Z,sharkrato.bsky.social,"eu to mto perdida no kpop pq eu sempre acompanhei tudo pelas fanbases no twt de kpop
sei nem mais quem tem comeback pra vir o que ta acontecendo onde comprar photocard",1,0,at://did:plc:u7y3xk5pxvy2dvv5c4sfr6dn/app.bsky.feed.post/3l42bc4ttdw2w
kpop photocard,2024-09-13T15:00:51.645Z,fknfag.bsky.social,o álbum vai ter photocard tal qual qualquer álbum de kpop vey,4,0,at://did:plc:cri4idsd4ojpmtxmqhog6w3u/app.bsky.feed.post/3l427yoqv4n2u
kpop photocard,2024-09-13T14:57:37.056Z,hyuckutted.bsky.social,"FOLLOW TRICK - SDV 🐇ㅤ𓈒ㅤׂㅤ𓇼 ࣪

Red velvet 
Itzy 
Aespa
Nct 
Babymonster 
Ateez
Meovv 
Nmixx
Stray Kids
Monsta X
Photocard 
Collector
Kpop em geral
Desing",19,1,at://did:plc:bds5qqz525jc2rmvjketv5jn/app.bsky.feed.post/3l427su2mwj2r
kpop photocard,2024-09-13T02:18:51.301Z,chuumibear.bsky.social,EU NÃO ACEITO QUE AS CRIANÇAS DE 9 ANOS TÃO PERDENDO MASSA ENCEFÁLICA COLECIONANDO PHOTOCARD DE KPOP EU BRINCAVA COM BOLINHA DE GUDE QUANDO EU TINHA 9 ANOS 💔💔💔💔💔💔,1,0,at://did:plc:lxikbadnsnazgfnkrfdi4k2w/app.bsky.feed.post/3l3yvg3lagp2q
kpop photocard,2024-09-13T01:57:23.461Z,handle.invalid,"Sim, eu vou fazer um Photocard do doutor e irei andar com ele pra todo lado igual eu ando com os de kpop",4,0,at://did:plc:y6h7b6z5txsnoekaa7nf7vhn/app.bsky.feed.post/3l3yu7owx4i2i
kpop photocard,2024-09-13T00:52:11.419Z,changbshesh.bsky.social,Amg obg pela intenção mas nesse caso PC é photocard de kpop. Mas obg 🥲,1,0,at://did:plc:33lynssvzhwt3ema4le5evoi/app.bsky.feed.post/3l3yql4d33r2l
kpop photocard,2024-09-12T16:48:21.745Z,hellzbtch.bsky.social,acho mt engracado o fenomeno gente branca fazendo pose de photocard de idol de kpop,6,0,at://did:plc:locbxek3u44sehly3cooikwz/app.bsky.feed.post/3l3xvjybxfc2u
kpop photocard,2024-09-12T11:48:10.205Z,xiumellow.bsky.social,"Vendo Album kpop sem photocard

bts, ikon , aoa, pentagon, monsta x, got7, bap , ilhoon, cosmic girl, Luna, q-ri , bigbang, stray kids

Cada por 80 + frete 

Interessados posso mandar mais fotos. 

Feedbacks na rede vizinha -instagram @xiu_mellow

#vendakpop #wtskpop #albumkpop #vendabts",1,0,at://did:plc:7ya46nnlu2ozwkdxmc726q42/app.bsky.feed.post/3l3xer6mrki2s
kpop photocard,2024-09-12T09:26:08.601Z,venicesanji.bsky.social,"eu falo q não gosto de kpop mas a real é q gosto sim de algumas músicas, só não vou atrás pq não quero cair em esquema de pirâmide e ficar viciada em photocard pq eu me conheço e sou pobre",5,0,at://did:plc:gzv2avxvgsdamjhueb2uqaty/app.bsky.feed.post/3l3x4tae2nl2i
kpop photocard,2024-09-12T01:49:49.697Z,tearsfromkpop.bsky.social,"Oi!! Você está atrás de uma wishlist personalizada ou uma capa pro seu binder que seja do seu jeitinho?

Meu nome é Giulia e eu faço designs para coleção de photocard! Os valores estão na imagem, quem tiver interesse me chama no privado!

#wishlist #kpop #kpopbinder",9,8,at://did:plc:uirlv77cilzwuzbmvhnxh2dq/app.bsky.feed.post/3l3wddattxa2p
kpop photocard,2024-09-12T00:14:13.250Z,gwuobas.bsky.social,"@seasonsofme.bsky.social porfavor vamos sair juntas e conversar sobre kpop, eu quero levar meus photocard pra passearem 😫",0,0,at://did:plc:jrlveojf3u2zv3slzhqvucwu/app.bsky.feed.post/3l3w5ydx6dj2x
kpop photocard,2024-09-11T23:21:13.510Z,reisgirl.bsky.social,"VENDO/TROCO- TWICE, BABYMONTER E IVE
🩷 set por 16
❤️ set por 40
💚 set por 50
•Troco por cards da Rei (ive) ou Winter (aespa) - prio para Rei
tags: ive venda, babymonster venda, photocard venda, gg venda, kpop photocard, twice venda, leeseo, rora, chaeyoung, jeonyoung
@vendaetrocakpop.bsky.social",1,4,at://did:plc:4knyaba4463l7pbo2slgwkek/app.bsky.feed.post/3l3w2zkbqq523
kpop photocard,2024-09-11T23:16:27.384Z,pyodz.bsky.social,"VENDA/VENDO

› álbum cravity the new day we step into - 60 com frete incluso
› incluso todos os itens EXCETO PHOTOCARD
› feedbacks positivos, estavam no meu x e estou repostando no drive, mando vídeo no pv

💰 pagamento por pix
x1 kpop boygroup",0,2,at://did:plc:zqm44a2q3sfy43foahcqv4vt/app.bsky.feed.post/3l3w2qz25s32r
kpop photocard,2024-09-11T23:14:01.671Z,pyodz.bsky.social,"VENDA/VENDO

› photocard han seungwoo fame -  30 com frete incluso
› mando vídeo no pv

feedbacks positivos, estavam no meu x e estou repostando no drive

💰 pagamento por pix
victon x1 boygroup kpop",2,2,at://did:plc:zqm44a2q3sfy43foahcqv4vt/app.bsky.feed.post/3l3w2mo3a472f
kpop photocard,2024-09-11T20:15:05.200Z,sriyacolors.bsky.social,"V&T BLACKSWAN #BLACKSWAN #블랙스완

chat.whatsapp.com/IkbU1BVOuFj5...

🏷️ venda vendo grupo troca troco bs kpop fatou gabi nvee sriya gg girl group individual individuais photocard pc photo card álbum collection collector produto oficial",2,1,at://did:plc:xqutokbpg6zeooaih2uocfgl/app.bsky.feed.post/3l3vqmp64el2h
kpop photocard,2024-09-11T19:51:44.832Z,muqingsgf.bsky.social,"NEWJEANS VENDO VENDA • ATUALIZAÇÃO 

• Envio sexta
• Não reservo sem pagamento de sinal
• Fotos e vídeos no PV 

> feedbacks e termos no insta: @glitteryhnn

🔖vendo venda kpop newjeans hanni minji danielle haerin hyein card collector photocard pc",13,3,at://did:plc:hklotbj7emlurtcjbowm273o/app.bsky.feed.post/3l3vpcz723m2y
kpop photocard,2024-09-11T19:03:22.075Z,mertiilo.bsky.social,14. pessoas que gastam dinheiro com álbum de kpop só por causa dos photocard,1,0,at://did:plc:mixyj7cj73inl7wp7oif6qor/app.bsky.feed.post/3l3vmmhgarb27
kpop photocard,2024-09-11T17:29:20.386Z,blinkinourarea.bsky.social,"E o irmão da minha amiga que nem gosta de kpop apareceu com o photocard do taehyun com a camisa do galo, certeza que é por causa de mulher kkkkk eu preciso de um desse 😭 icônico dms vey",0,0,at://did:plc:sberxaxvoypchzmqqv5kryuo/app.bsky.feed.post/3l3vhedeh5b2u
kpop photocard,2024-09-11T16:44:56.517Z,minhoxo.bsky.social,"✨️VENDA/VENDO✨️
Nct dream, txt photocards
-valores na imagem + frete (cr)
-não possui avarias 
-mando foto e vídeo no pv
-feedback no ig 
(Faço o envio no dia seguinte)

📌 jeno, renjun, soobin, jaehyun, taehyun, kpop, photocard, kpop, nct, txt",3,3,at://did:plc:3hwb7oa4q7wvt2lrurto5vay/app.bsky.feed.post/3l3veuwmjer2f
kpop photocard,2024-09-11T16:19:25.144Z,mahlove3.bsky.social,"Vendo álbum the war the power of music 120 + frete 
Álbum + photocard 
#exo #kpop 
Sou do RJ",0,0,at://did:plc:7se3u5r7cxue2cyn3snobtn2/app.bsky.feed.post/3l3vdhc4j2t2h
kpop photocard,2024-09-11T15:23:11.862Z,xiumellow.bsky.social,"Vendo Album kpop sem photocard

bts, ikon , aoa, pentagon, monsta x, got7, bap , ilhoon, cosmic girl, Luna, q-ri , bigbang, stray kids

Cada por 80 + frete 

Interessados posso mandar mais fotos. 

Feedbacks na rede vizinha -instagram @xiu_mellow",0,0,at://did:plc:7ya46nnlu2ozwkdxmc726q42/app.bsky.feed.post/3l3vacr3ajw2g
kpop photocard,2024-09-11T14:46:29.623Z,yur1nhoo.bsky.social,tá igual a um photocard de kpop,0,0,at://did:plc:xmaq5v53v6dfy2egb7d7cv3l/app.bsky.feed.post/3l3v6b4wim42m
kpop photocard,2024-09-11T11:40:39.735Z,winkar.bsky.social,Winkar.carrd.co,0,0,at://did:plc:wc7cqbd5szqdd2biq4hcsh6u/app.bsky.feed.post/3l3ututkw7n2a
kpop photocard,2024-09-10T23:48:06.736Z,vouparaacoreia.bsky.social,"Quando me falaram no início de 2016 que eu tinha cara de quem curtia kpop, achei um ultraje. Mas uns meses depois apareceu o MV de Dope como sugestão no YT, e hoje me encontro com 6 tattoos dedicadas aos meninos e carregando photocard pendurado na bolsa ._.",1,0,at://did:plc:cery3g7ma7uwhujiq6resa7v/app.bsky.feed.post/3l3tm2pewcq2x
kpop photocard,2024-09-10T23:31:20.170Z,sakkuchan.bsky.social,o alencar me mandou audio oferecendo os albuns de kpop dele pra eu trocar por photocard agora que eu sou new collector…. amigos q apoiam os seus vicios piores que crack 🥰🥰,1,1,at://did:plc:dyyisdsxwh4z5dndqgjle6jl/app.bsky.feed.post/3l3tl4posqy27
kpop photocard,2024-09-10T17:31:02.422Z,zhanghaoprincess.bsky.social,7- álbum de kpop que custa um rim e vem uma unidade de photocard e uns 2 stickers pra não dizer que não veio nada 👎 sou muito hater,3,0,at://did:plc:qf7eyd5ralf2fk5hktelrb4t/app.bsky.feed.post/3l3swyglvak2k
kpop photocard,2024-09-10T15:17:21.095Z,gremilinpanic.bsky.social,"A menina tava com um photocard de kpop no celular... fiquei com vontade de perguntar quais grupos ela escuta mas era foto de muié, fiquei com medo",1,0,at://did:plc:nzypdqwynw7ujqmorzo4ferz/app.bsky.feed.post/3l3spjf7bq62w
kpop photocard,2024-09-10T15:03:08.792Z,napraula.bsky.social,"o moço que rima no trem viu meu photocard do nam no celular e mandou ""ela gosta mesmo é de kpop"" ""difícil mesmo deve ser rimar em coreano"" 
eu tô morrendo",1,0,at://did:plc:sxd4lbiqezta5qzotlneatnq/app.bsky.feed.post/3l3sopyw6kg27
kpop photocard,2024-09-10T14:07:06.734Z,dinosaurrro.bsky.social,photocard de kpop + camiseta de black metal,1,0,at://did:plc:ajnvorbdmhoqhnwfvqzeavq5/app.bsky.feed.post/3l3sllryf2q2m
kpop photocard,2024-09-10T13:23:38.589Z,basicslena.bsky.social,"Minha mãe me julga por colecionar photocard de kpop e a querida tem UM MONTE de postcard dos boygroups da época dela de adolescente 
PORRA KKKKKK HIPÓCRITA!!!!",0,0,at://did:plc:igvvsnwk7r7cuyogoralh6hj/app.bsky.feed.post/3l3sj63r6fi2h
kpop photocard,2024-09-10T10:37:13.980Z,tropchou.bsky.social,"[Ktown4u Special Gift] HWASA - 2nd Mini Album [O] #HWASAxO #화사 #마마무 

// link to pre-order the album thru Ktown4u. There are 2 options: 1) get a special photocard, or 2) get a chance to win access to a fan sign

www.ktown4u.com/iteminfo?goo...",3,1,at://did:plc:qf26ne2zr3vztvecnshbb3uv/app.bsky.feed.post/3l3s7uj3ho62w
kpop photocard,2024-09-10T10:32:11.226Z,nahyuckmeus.bsky.social,"PROCURO — COMPRO ⚠️

🖇️ photocard jaemin we boom venda vendo card pc nct dream kpop troca troco",1,1,at://did:plc:wsu3ruu3ogjc7qt33xmuanmj/app.bsky.feed.post/3l3s7lihumb2i
kpop photocard,2024-09-10T00:47:05.993Z,sakkuchan.bsky.social,photocard é um card de foto de coreano que vem nos álbuns e merchs de kpop,0,0,at://did:plc:dyyisdsxwh4z5dndqgjle6jl/app.bsky.feed.post/3l3r6vawxfs24
kpop photocard,2024-09-09T21:40:05.923Z,handle.invalid,"sim😭😭 é muito solitário amg, queria alguem pra levar photocard pra passear falar de kpop o dia todo madrugar em dia de cb etcc",0,0,at://did:plc:pbffquxk6ywrkkfzp4sv2mgz/app.bsky.feed.post/3l3qugufwpg2v
kpop photocard,2024-09-09T16:31:42.232Z,handle.invalid,"eu nao compro nada de kpop, acho q vou começar a implorar pra mim mae pra ela comprar aqls kit de photocard q vende na shopee",1,0,at://did:plc:fyzq2dmk5gdunt36tbho45eg/app.bsky.feed.post/3l3qd7yi7uf2r
kpop photocard,2024-09-09T13:53:33.734Z,wonberries.bsky.social,nao gente eu acho genuinamente engraçado que  tem conhecidos da minha idade casando e tendo filho de verdade enquanto eu to comprando photocard doll e indo em show de kpop,3,1,at://did:plc:vuhgmvfcgl5pwnaouivj33pb/app.bsky.feed.post/3l3q2enb3wm2o
kpop photocard,2024-09-09T13:06:48.394Z,butchwayne.bsky.social,"Não sei como explicar mas o armand tem todo os trejeitos de alguém que seria collector de photocard e muito por dentro da cultura kpop stan, ele seria muito gg stan",8,1,at://did:plc:gybnburncpxcp553pyvfx5k4/app.bsky.feed.post/3l3pxr25wbv23
kpop photocard,2024-09-09T12:34:51.518Z,iyuuycollet.bsky.social,"☁️Venda☁️

🎀Drop urgente🎀
Valor do set: R$385 + frete

> Venda acima de 20rs +frete 
> podem fazer ceg 
> Envio rápido 

Feedbacks no meu insta loja @hi.polaroids @jboo_tv

📗 Venda photocard kpop collector drop ceg txt bts jin kai tzuyu top loader album jeongyeon pob",3,2,at://did:plc:lvg7af4cncxxlhyfrjpjvj65/app.bsky.feed.post/3l3pvxv5sri2d
kpop photocard,2024-09-09T02:28:29.462Z,hueningkaidalety.bsky.social,"hoje eu fui em um evento de kpop no RJ , foi o meu primeiro evento assim, eu gostei muito! Comprei bastante photocard do HueningKai e do Jay, me sinro realizada mesmo sendo fanmade fico muito feliz de ter várias deles em meu mini binder! 😞♥︎",0,0,at://did:plc:5v556mfmlkjaoxugcjfl7e7t/app.bsky.feed.post/3l3ou3mtyzh24
kpop photocard,2024-09-09T02:19:08.816Z,leone.ispost.ing,o menino q eu descobri q tá afim de mim viu o photocard do soobin na minha capinha e perguntou sobre aí eu falei q gosto de kpop do NADA este homem começou a usar figurinha comigo do JUNGKOOK cheia de coracao eu to chorando,0,0,at://did:plc:4f4ibguhsxurhxsjawvt6qwr/app.bsky.feed.post/3l3otky3yud2g
kpop photocard,2024-09-09T01:06:51.575Z,handle.invalid,"br.shp.ee/AGgQiuM

aceito o 44 viu",0,0,at://did:plc:5oc2lrl7bgohowsx5x455zcw/app.bsky.feed.post/3l3opjp5dnq27
kpop photocard,2024-09-09T00:26:44.261Z,virgojk.bsky.social,meio q essa timeline ta uma merda cade meus kpop coleção photocard,0,0,at://did:plc:ehrx224e6nmaoujrzlqgg4c5/app.bsky.feed.post/3l3onbwfdsl27
kpop photocard,2024-09-08T22:16:21.794Z,anyanggrapeshot.bsky.social,se o LP lançar photocard eu abandono o KPOP,1,0,at://did:plc:ubnpdqq64sdeuwzuefveoxpu/app.bsky.feed.post/3l3ofysfwqv2s
kpop photocard,2024-09-08T22:08:43.935Z,bringmethesuga.bsky.social,Muito bom ir em evento de kpop e ser apenas uma garota cheia de photocard falso 💅💅,3,0,at://did:plc:gvrosxy64meu6fcnu5atzuwi/app.bsky.feed.post/3l3ofl5oecm22
kpop photocard,2024-09-08T21:06:08.804Z,handle.invalid,nao sei so pensei nisso pq to num evento de kpop cheio de photocard dos grupos 😭,0,0,at://did:plc:2xvqoqyissqo6qi4fxielhgs/app.bsky.feed.post/3l3oc3ag4ol2p
kpop photocard,2024-09-08T21:05:57.706Z,handle.invalid,nao sei so pensei nisso pq to num evento de kpop cheio de photocard dos grupos 😭,0,0,at://did:plc:2xvqoqyissqo6qi4fxielhgs/app.bsky.feed.post/3l3oc2vtleg2z
kpop photocard,2024-09-08T18:36:00.226Z,ttbr.bsky.social,"Dá uma olhada aqui, amig, aqui é personalizavel, é só vc escolher qual imagem vc quer e vai vir em formato Photocard ^^

s.shopee.com.br/1LMpeu1ImO",0,0,at://did:plc:aq46j22nv2jlryq47b3smhbz/app.bsky.feed.post/3l3nzoqagek2m
kpop photocard,2024-09-08T18:34:55.296Z,curllyweed.bsky.social,"VENDO / VENDA 

Valor da imagem + frete (13 reais)
Levando +1 faço desconto
Fbs nos destaques do insta: @jy.collectorr 

🏷️ kpop photocard venda vendo procuro compro troco troca twice gg nayeon mina jeongyeon sana jihyo dahyun tzuyu momo chaeyoung girlgroup",4,1,at://did:plc:tv2xbtwtktdbv473k43sigvu/app.bsky.feed.post/3l3nzmtficx2x
kpop photocard,2024-09-08T16:18:01.320Z,amzgcollector.bsky.social,🏷 venda vendo procuro compro deco kit jungkook jk golden binder bts kpop photocard collector jeon Jungkook jjk army bangtan,0,0,at://did:plc:bg4qh4df6umvaumimqctifq3/app.bsky.feed.post/3l3nry2gbd22r
kpop photocard,2024-09-08T03:05:56.611Z,hoshinist.bsky.social,"colecionar coisas, seja photocard, lightstick ou albuns de kpop, mangás e figures de anime, livros e artbooks",0,0,at://did:plc:wohgzauhiod2gvs6vgbhrbwn/app.bsky.feed.post/3l3mfpowd4e2r
kpop photocard,2024-09-08T02:24:27.372Z,sserateen.bsky.social,teve aquilo dela tbm incluir photocard acho de inclusão no album q rolou 70 genéricos de swifties na tml sendo q..... o kpop q popularizou isso tbm,0,0,at://did:plc:rumydd5za3fxhzdgtlvu4dj3/app.bsky.feed.post/3l3mdfj4mgv2x
kpop photocard,2024-09-07T22:09:19.523Z,lilica.shy.cat,escolhi filho gay ai tive q comprar photocard de kpop combinando,3,0,at://did:plc:edr5gi55ipblyxldcmqv46np/app.bsky.feed.post/3l3lv5cqju22j
kpop photocard,2024-09-07T16:42:54.941Z,ilovejisung.bsky.social,fotos dignas de photocard de kpop,0,0,at://did:plc:lstqmpuehrnknz2wexas5xsl/app.bsky.feed.post/3l3lcvmqfha23
kpop photocard,2024-09-07T15:45:22.199Z,snoonini.the-gay.cat,🪷 1. qual foi seu primeiro photocard oficial de kpop? ,47,1,at://did:plc:n5y7y25al2z3yaav47vx5xf3/app.bsky.feed.post/3l3l7oq24kb2g
kpop photocard,2024-09-07T13:24:09.081Z,hanemo.bsky.social,"oii entrei aqui agorinha e to meio perdida mas gosto dessas coisas
-stray kids
-jujutsu kaisen
-mangas em geral
-filmes antigos
-colecionar photocard
-boynextdoor
-kpop em geral
e é isso rs",9,2,at://did:plc:vnpbfqkdxvg6c6p5jfqrqpoe/app.bsky.feed.post/3l3kxs7yle32n
kpop photocard,2024-09-07T02:00:47.537Z,porcelainlix.bsky.social,eu uso photocard de kpop,0,0,at://did:plc:q53abt4qyeppj7zwxpg2vxsw/app.bsky.feed.post/3l3jrmb2kn42n
kpop photocard,2024-09-07T01:30:31.151Z,handle.invalid,"Meu melhor amigo no mundo todo, sem se falar ambos começaram coleções de cartas. 
Ele Pokémon 
Eu photocard de kpop",1,0,at://did:plc:ik3kbhrimpgsaapzxezvvgi4/app.bsky.feed.post/3l3jpw5fkvl2f
kpop photocard,2024-09-07T01:06:02.634Z,yeinlo.bsky.social,ideia de date eu te levo num cafezinho bonitinho e a gnt decora photocard de kpop,0,0,at://did:plc:xr5bbb6mwe6qynv46o4xhof3/app.bsky.feed.post/3l3jokf54sq2l
kpop photocard,2024-09-07T01:04:42.910Z,lfberryl1x.bsky.social,"CEG LE SSERAFIM PH 🇵🇭

• Cada photocard por 12,00 + FreteS
• ⁠tenho feedbacks positivos no ig yngbkito_
• ⁠ceg vem da filipinas
• ⁠pagamento imediato após fechar o set

Tags: Kazuha sakura chaewon eunchae yunjin troca venda vendo ceg kpop photocard coleção",1,3,at://did:plc:hqdvnmwor64wljrzbfz7qnsa/app.bsky.feed.post/3l3johylbh722
kpop photocard,2024-09-07T00:26:49.443Z,annahwa.bsky.social,"@vttwice.bsky.social @vendaetrocakpop.bsky.social 
🏷️ kpop photocard venda vendo twice gg gidle mina jeongyeon sana jihyo mina momo chaeyoung minnie shuhua girlgroup",0,0,at://did:plc:32r7krqfwp2z267n5qorh4sf/app.bsky.feed.post/3l3jmeah53o2l
kpop photocard,2024-09-06T19:41:56.120Z,handle.invalid,Aqui ami www.byemj.com/pt-br/collec...,0,0,at://did:plc:stcegjov26vti6c6csiyic7h/app.bsky.feed.post/3l3j4gsn6j52c
kpop photocard,2024-09-06T18:15:15.965Z,koocrodillos.bsky.social,"FOLLOW TRICK - #SDV 

bts
stray kids
kpop
fanfic
musica
book
formula 1
photocard
collector
diary
doramas
greys anatomy
mpb",127,3,at://did:plc:t2qxbk6fjkqssqu4iwzfqwzh/app.bsky.feed.post/3l3ixltqhmd2q
kpop photocard,2024-09-06T14:54:31.516Z,handle.invalid,"Já ouvi “ai pq fulano inventou o photocard, clicando criou o primeiro lightstick” kkkkkkkkkkum grande foda-se, só conhecem o kpop de vdd por causa do bts",2,0,at://did:plc:q5k7mtuplomolne6or6vz5nh/app.bsky.feed.post/3l3imevixyl2n
kpop photocard,2024-09-06T12:42:44.739Z,prxx.bsky.social,"FOLLOW TRICK - #SDV ★

Bts
Stray kids
Seventeen
Blackpink
New Jeans
Kpop
Fanfic
Musica
Livro
Formula 1
Photocard
Dança 
Diário
Álbum de kpop
Stardew Valley
Vermelho
Dormi",7,0,at://did:plc:bdo52fpf7ewd4xnbwbztleuh/app.bsky.feed.post/3l3iezahkiu2x
kpop photocard,2024-09-06T12:03:56.266Z,fealia.woke.cat,"photocard regular, é aqueles cards de kpop que sempre vai vir um deles no álbum, mesmo que você não compre o album na pré venda (na pré venda sempre vem algum extra, o nome é POB, pre order benefit)",1,0,at://did:plc:55gb3kz3lu7uotd7m6oljyhl/app.bsky.feed.post/3l3ictuaaxc2x
kpop photocard,2024-09-06T11:06:23.431Z,koolyv.bsky.social,"FOLLOW TRICK - #SDV ★

bts
stray kids
kpop
fanfic
musica
book
formula 1
photocard
collector
diary
doramas
greys anatomy
mpb",221,4,at://did:plc:yhfecjsdzq7q2tzvkhtg4kax/app.bsky.feed.post/3l3i7my3jmy2i
kpop photocard,2024-09-06T04:00:44.424Z,strayyyberrys.bsky.social,"cadê as pessoas que gostam de: 

-nct
-ateez
-seventeen
-kpop no geral
-animes
-star wars
-lucas
-newjeans
-collector de photocard
-flower face",0,0,at://did:plc:dnnbmwbb54wgxg3mf6lkiwaj/app.bsky.feed.post/3l3hhttqiku26
kpop photocard,2024-09-06T02:26:33.406Z,euqromeperder.bsky.social,queria que o jão começasse a fazer photocard pra vim junto com cd quando vc compra ia ser uma coisa tao linda uniao jão e kpop vibesss,1,1,at://did:plc:pvtdbgkjwqwzqwujvmjobiku/app.bsky.feed.post/3l3hclgtpom2u
kpop photocard,2024-09-05T23:41:04.135Z,gyuhaogf.bsky.social,queria ser rica pra gastar rios de dinheiro com futilidades (photocard de kpop,1,0,at://did:plc:uigxc47y2a6cuwr77ognl5y3/app.bsky.feed.post/3l3gzdiov7k22
kpop photocard,2024-09-05T23:26:33.725Z,hotpeoplestanloona.bsky.social,"gente direto eu vejo as meninas do ensino fundamental levando photocard de idol pra escola, usando moletom de grupo de kpop e eu fico morrendo de inveja pq no começo do meu ensino fundamental 2 eu tive que mudar de escola pq zoavam muito quem gostava de kpop",18,1,at://did:plc:ljcgx6mkmbb45zxetkdolxoy/app.bsky.feed.post/3l3gyjkmfgd2k
kpop photocard,2024-09-05T22:52:08.786Z,leclercfocus.bsky.social,é tão engraçado abrir o tiktok e se deparar com alguém com a cara do oscar falando de kpop e mostrando photocard te adoro hattie piastri,15,2,at://did:plc:wxm4n4opa4uczw2lqeeh5r7c/app.bsky.feed.post/3l3gwlzfrf22b
kpop photocard,2024-09-05T22:48:32.235Z,mikaosh.bsky.social,"acho que não parece, mas eu tenho tanta vergonha de gostar de kpop... tenho vergonha de usar blusa de grupo, andar com photocard, fazer algo inspirado em algum idol porque sei que sempre vai ter alguém julgando",0,0,at://did:plc:3vyxizqemwm676yagbnqhroo/app.bsky.feed.post/3l3gwfknaig2s
kpop photocard,2024-09-05T20:13:42.703Z,icatyoungchae.bsky.social,"acheii esse site com várias listas de cards de kpop e tem uma lista do t-ara até com os chaveiros 🥺
photocard.boards.net/thread/20/ar...",1,0,at://did:plc:fojdsnqejqiofc732bcs262p/app.bsky.feed.post/3l3gnqpxoao2d
kpop photocard,2024-09-05T19:38:48.024Z,busanight.bsky.social,hoje no trabalho cai num papo de kpop com minhas colegas e simplesmente elas entraram no papo e sem julgamentos nem nada 😭😭😭 uma delas até tem amiga que coleciona photocard simplesmenteeee to no céu,0,0,at://did:plc:o622wgw6rsawvbpudtj4jmxp/app.bsky.feed.post/3l3glsefzah2i
kpop photocard,2024-09-05T19:18:03.552Z,tsocialntwork.bsky.social,burroskkkkkk eu quando não tenho noção do quanto um fã de kpop paga num photocard,4,0,at://did:plc:pjzaipx25godr5q3pnifxukd/app.bsky.feed.post/3l3gknanjvo2l
kpop photocard,2024-09-05T18:53:18.629Z,sudalz.the-gay.cat,"procuro compro binder macaron a5 no precinho 🙏🏼 igual o da foto ou todo branco mesmo

🏷️ kpop photocard vendo venda troco troca procuro compro newjeans",2,0,at://did:plc:lhw5hw2foas5fkymc33gv5uy/app.bsky.feed.post/3l3gjaxf2pj2u
kpop photocard,2024-09-05T18:27:25.061Z,bunnyeons.twice.social,vendo venda repasse twice kpop photocard nayeon im nayeon na,0,0,at://did:plc:vtx2qnyijsjyetasni7uv5f4/app.bsky.feed.post/3l3ghsnkxc72c
kpop photocard,2024-09-05T15:48:51.645Z,claryshl.bsky.social,"Trabalhando para manter as contas em dia (photocard, álbum e shows de kpop",0,0,at://did:plc:xvgkfvbmeqppltg4gpvrvglr/app.bsky.feed.post/3l3g6x4kpvj2a
kpop photocard,2024-09-05T15:04:26.037Z,nightofstrm.bsky.social,"Foto amiga! Quando é álbum de kpop vem isso, o cd e photocard kkkkk",0,0,at://did:plc:m5ze5g4qtgke3ifxnekkkvqr/app.bsky.feed.post/3l3g4horahq2r
kpop photocard,2024-09-05T14:47:22.835Z,heizeandcoffe.bsky.social,"procuro novos mutuals 🥺

bookstans
ariana grande 
doramas 
livros 
kpop 
bts
kiss of life 
nikova banks 
kai mori 
blackpink 
seventeen 
aespa 
red velvet 
enhypen 
twice 
booktok 
gianna allister 
christian allister 
photocard kpop
livros de romances e romances duvidosos 
dino do seventeen 

sdv!!",1,0,at://did:plc:s3x3apuc6al3pq2srlyevwy4/app.bsky.feed.post/3l3g3j6mfup2p
kpop photocard,2024-09-05T12:58:30.680Z,nanand.bsky.social,"🩷Toploader protetor para photocard personalizado + fandmade photocards do g-idle
, kpop ✨

link na shopee💌
s.shopee.com.br/3fkfH6x0Zf",0,0,at://did:plc:xx5zl336abwqqsmpondzmyd2/app.bsky.feed.post/3l3fvgjcasd2s
kpop photocard,2024-09-05T00:28:24.560Z,cuquetttica.bsky.social,Queria comprar photocard do jungwon só que eu prometi não gastar dinheiro com coisa de kpop esse mês 😭😔😔,0,0,at://did:plc:bwqhnjkxmss6i677ptzdpopd/app.bsky.feed.post/3l3eljanqz22z
kpop photocard,2024-09-05T00:08:33.662Z,hyunluvspace.bsky.social,🏷 skz stray kids felix bangchan hyunjin seungmin boom accordion letter ate venda troca photocard kpop,1,0,at://did:plc:ucvu64mm42vfaxpdyuy2jmfg/app.bsky.feed.post/3l3ekfqyusa22
kpop photocard,2024-09-04T20:52:32.979Z,zazaminho.bsky.social,27- tenho mais de 200 photocard falso de kpop KKKKK,0,0,at://did:plc:devsf5yjrjr533juknwwmbrp/app.bsky.feed.post/3l3e7haj5fn23
kpop photocard,2024-09-04T20:46:57.716Z,itsgetwo.bsky.social,comprei 55 photocard d kpop ..,0,0,at://did:plc:lendcxfdy7op7itulpgxmhfp/app.bsky.feed.post/3l3e75bk4jb2c
kpop photocard,2024-09-04T18:42:16.614Z,moondetalhes.bsky.social,"PROCURO MEUS MUTUALS

Sailor moon
Bonecas no geral
Sonic
Animações
Spider man / Homem aranha
Marvel
Kpop
Gg stans
Le sserafim
Twice
Billlie
Animes
Jogos indies
The last of us
Figures
Barbie
Monster high
Kpop collector
Photocard
Álbum",6,0,at://did:plc:qwuam4w6a3f5yjluj3gmfnmu/app.bsky.feed.post/3l3dy6ctyyp2k
kpop photocard,2024-09-04T16:59:57.566Z,ericzices.bsky.social,"82- eu amo colecionar qualquer coisa que eu goste e tenho algumas coleções pequenas, porém como atualmente minha maior hiperfixação tem sido kpop, mais especificamente o Ateez, hoje em dia eu só tô colecionando álbum e photocard",0,0,at://did:plc:mdvx36zaoqzqvml22rnukscv/app.bsky.feed.post/3l3dshif7bf2m
kpop photocard,2024-09-04T16:41:30.376Z,koocollct.bsky.social,"• PROCURO / COMPRO •

:¨ ·.· ¨:    `· .   ୨୧ photocard jungkook lights

• não me importo com avarias mínimas

• pode ser ceg inter ou repasse de vaga (preferencia por nacional)

✏️ jungkook lights kpop bts photocard procuro compro",5,14,at://did:plc:puaaea7jmyvgv5niiptsvsx7/app.bsky.feed.post/3l3drgdputa22
kpop photocard,2024-09-04T15:51:23.360Z,autinnstic.bsky.social,"às vezes eu gosto do tbz não ser tão conhecido no brasil, porque aí os fãs de kpop daqui me vêem com o photocard do sunwoo no celular, não reconhecem e não me abordam na faculdade 🙏🙏",0,0,at://did:plc:stdxnsbdasdvkwr7sdpyjhl3/app.bsky.feed.post/3l3dompzuqw2v
kpop photocard,2024-09-04T15:45:22.598Z,yoonginismos.bsky.social,preciso dum photocard dele estilo idol de kpop msm,0,0,at://did:plc:6zhywf2hjmzgwexu3nfg4vqc/app.bsky.feed.post/3l3doby6abx2c
kpop photocard,2024-09-04T14:57:17.846Z,wnterksj.bsky.social,"no jin no caso foi desde 2016/17 fiquei facinada que vinha photocard em album de kpop, pq antes colecionava cartinha de cantor pop, e a winter pq amei muito ela na era spicy e acabei virando stan do aespa!",0,0,at://did:plc:k4gmy7fwcvklhhpjikbrry3m/app.bsky.feed.post/3l3dllyxslq2h
kpop photocard,2024-09-04T12:26:28.025Z,nolopasaro.bsky.social,Minha irmã tem um binder de photocard de kpop lmas é tudo pirata da Shopee eu acho,0,0,at://did:plc:poolev7xu5w3c7lavl2emlig/app.bsky.feed.post/3l3dd6dqp2d2l
kpop photocard,2024-09-04T12:17:41.648Z,starbwrry.bsky.social,15. coleciono album e photocard de kpop (do ateez/seonghwa pra ser mais específica),0,0,at://did:plc:tlcvgh7emylzpx4o5qaae7lf/app.bsky.feed.post/3l3dconr6sz2f
kpop photocard,2024-09-04T12:04:53.183Z,gutspilled.bsky.social,quero ter dois fichários um pra photocard/polaroid de kpop e o outro pra artistas em geral,1,0,at://did:plc:fqvvyamte27cemvlqc3xbssn/app.bsky.feed.post/3l3dbxqbqru2d
kpop photocard,2024-09-04T11:50:57.101Z,lerdiciaa.bsky.social,"1. meu hobby é colecionar coisas em geral (em foco nas q eu gosto) ent eu coleciono álbuns de kpop, gibis, photocard, latinhas, baralhos, super trunfo, papel de carta, coisas em geral de desenhos animados, legos etc…
(lego eu nn tenho mt pq é mt caro😭😭😭)",1,0,at://did:plc:4rccwj7r6g6sogcjzdetcf5m/app.bsky.feed.post/3l3db6s42yu2w
kpop photocard,2024-09-04T02:45:57.700Z,minsungislife.bsky.social,"Sou mana, ainda não tenho nenhum álbum, mas cai na desgraça de colecionar photocard , nunca fui numa balada kpop, esse mes nem sei se vou conseguir em ir em algum dos eventos, mas o filme do JK já comprei",0,0,at://did:plc:5eyamtvtqsyafiaxjmgtenfz/app.bsky.feed.post/3l3ccqbgzuc2p
kpop photocard,2024-09-04T02:43:48.299Z,yasyasyasyasyas.bsky.social,"comecei com a palhaçada de querer comprar álbum d kpop e photocard, pfv algm me interna num hospital psiquiátrico",0,0,at://did:plc:ubic5idiuzaeqetlkjjb7gx6/app.bsky.feed.post/3l3ccmh4tvs2e
kpop photocard,2024-09-04T00:26:55.566Z,shitzuyu.bsky.social,"Me siga se vc gosta(faz ou é da comunidade) de:

- Kpop
- Shifter
- Wattpad
- Jinx
- Poly.ai
- Heartstopper
- Kdesing
- K cover
- Rpop (Roblox) 
- Rpop (RPG) 
- Faz fanmade de photocard
- Moot
- Yo//1",1,0,at://did:plc:kuacvangp3mvetn2jqnoryh2/app.bsky.feed.post/3l3c2xpj6oc2c
kpop photocard,2024-09-03T23:57:05.210Z,handle.invalid,vendo venda procuro procura compro compra ryujin itzy nayeon jeongyeon momo sana jybyo mina dahyun chaeyoung tzuyu twice pob b1&2 between 1&2 florzinha message card loco crazy in love kpop photocard k-pop pcs pc,1,1,at://did:plc:jpjatlxfulno2kgh4slsyqn2/app.bsky.feed.post/3l3bzccenlp2s
kpop photocard,2024-09-03T23:33:41.085Z,muqingsgf.bsky.social,"DROP NEWJEANS

• Envio em até 7 dias úteis 
• Não reservo sem pagamento de sinal
• Fotos e vídeos no PV 
• Desconto se levar uma era completa (debut ou omg)

> feedbacks e termor no insta: @hyunjinnie.cllc

🔖vendo venda kpop newjeans hanni minji danielle haerin hyein card collector photocard pc",15,3,at://did:plc:hklotbj7emlurtcjbowm273o/app.bsky.feed.post/3l3bxyhxyo42p
kpop photocard,2024-09-03T19:37:36.806Z,deathbounder.bsky.social,"VENDA / VENDO

- pobs jyp formula of love 
- valores na imagem + frete de R$12
- mando foto/vídeo no pv
- feedbacks em @/nwkohirai (ig)

🏷 vendo venda twice kpop photocard pob nayeon jeongyeon momo sana jihyo mina dahyun chaeyoung tzuyu",8,2,at://did:plc:qyrhg5nqmrjxw3w76khrtlek/app.bsky.feed.post/3l3bkscmecd2n
kpop photocard,2024-09-03T18:57:51.216Z,marcomagnum.bsky.social,"s.shopee.com.br/6pheG1Z5lK
BTS Yoongi Photocard Card Yoongi Card Suga kpop fanmade bts suga card",0,0,at://did:plc:dlsqy4so7kr2yxaiy6wvgty2/app.bsky.feed.post/3l3bil6tlap22
kpop photocard,2024-09-03T18:54:46.785Z,minminbobinho.bsky.social,"[VENDO ÁLBUM BTS LY HER L ver]

- 120 + frete a calcular 
- tudo incluso 
- photocard do Jin
- ficou um pouco amarelado em certas partes devido ao tempo
- mando fotos e videos
#bts // #venda #btsalbum // #kpop",14,8,at://did:plc:hdxccthydrctmfrzh4twekpj/app.bsky.feed.post/3l3bifqnxru25
kpop photocard,2024-09-03T17:37:24.343Z,vicklita.swifties.social,Será que se eu falar de twice misamo kpop o “discover” daqui consegue colocar as poucas contas de kpop que eu seguia no meu twitter? 👉🏽👈🏽 tinham duas queridas que comprei photocard e queria seguir aqui (se é que criaram conta,0,0,at://did:plc:r35pwuv2gy6uws6hgcq23ocg/app.bsky.feed.post/3l3be3fbjuy2j
kpop photocard,2024-09-03T17:34:43.771Z,jessamini.bsky.social,"Não pode comprar roupa todo mês, não pode comprar álbum de kpop, não pode comprar photocard, só pode pagar boleto e comprar comidaaa",0,0,at://did:plc:4ekje4tntpi35vkpolsur2bp/app.bsky.feed.post/3l3bdwmbltc2h
kpop photocard,2024-09-03T15:41:50.183Z,y11irfilm.bsky.social,"· sdv

letterboxd, supernatural, stranger things, games, detroit become human, leon kennedy, livros / filmes distópicos, bookstans, dark romance, kpop girlgroups, enhypen, katseye, amor doce, star wars, marvel, fanfic, descendentes, escritores, alanzoka, cinema, coleção monster high & photocard",2,0,at://did:plc:zo7xtwokuycuwo33cvdwt7mv/app.bsky.feed.post/3l3b5mscof72k
kpop photocard,2024-09-02T23:45:32.330Z,miaubibo.bsky.social,"queria amigos que gostassem de kpop e essas coisas de fã, eh um saco nao ter ninguém pra ir em evento, cinema pra ver documentário deles e passear com photocard por aí",0,0,at://did:plc:upz3xiniilks4s45uwd3bs4n/app.bsky.feed.post/3l37i6r2dmr2s
kpop photocard,2024-09-02T22:17:01.014Z,byulemo.bsky.social,comprar o tri legal pra gastar todo o dinheiro do prêmio em photocard de kpop já penso 🫶🏼,0,0,at://did:plc:lwyjv5vx33jjs6doioysamvz/app.bsky.feed.post/3l37dagvzqw24
kpop photocard,2024-09-02T20:56:54.244Z,gyuptune.bsky.social,geralmente é quem coleciona photocard de kpop,0,0,at://did:plc:b7recfjtrssj6qyrmmg54jmz/app.bsky.feed.post/3l376r6s6qu2r
kpop photocard,2024-09-02T20:00:31.038Z,gabyunne.bsky.social,"Venda vendo POBs JYP Seasons Greetings news room

48 reais cada + nacinal

Em mãos, sem avarias. 
Mando video no pv!

Pagamento via pix.
Não reservo.

Feedbacks&GOM @gabyunne Instagram

Dahyun Mina Tzuyu photocard

#twice #Dahyun #mina #Tzuyu #kpop",4,1,at://did:plc:jxk5xc6vh4bpok62d4vb6b4e/app.bsky.feed.post/3l373mdqvzq2r
kpop photocard,2024-09-02T19:59:09.714Z,itsnunuhere.bsky.social,"FOLLOW TRICK - SDV

Kpop
Twice
Bts
Enhypen
Demi lovato
Olivia rodrigo
Rpg
Ordem paranormal
Harry potter
Livros
Sylvanian Families 
Monster high
Ever after high
Disney 
Collector
Photocard
Genshin impact 
Minecraft 
Mortal kombat 
Habbo 
Resident evil
The Last of us
Fairy tail
Anime
Mangas",8,0,at://did:plc:jhgk6y77lyzjpoixv2tri3rb/app.bsky.feed.post/3l373jwxryz26
kpop photocard,2024-09-02T18:20:00.939Z,marridayys.bsky.social,"se algm estiver vendendo esses photocards, pfvr me procure!!😭

🏷️ :: twice dahyun photocard venda momo jihyo mina sana tzuyu naeyon jeongyeon chaeyoung kpop compra .",1,1,at://did:plc:nuvzyudmtl2hpo4tocqqrrdi/app.bsky.feed.post/3l36vyno3a22k
kpop photocard,2024-09-02T18:16:07.269Z,hwangange.bsky.social,"Follow trick - sdv
PROCURO MOOTS QUE GOSTEM DE:

Ateez
Stray kids
GOT7
Seventeen 
Txt
Taemin (SHINee)
P1harmony 
Enhypen 
Photocard collector
Boy groups de kpop em geral",9,1,at://did:plc:hqgttr3ww3f657uogkmgne5k/app.bsky.feed.post/3l36vrpz7nr2x
kpop photocard,2024-09-02T17:18:14.183Z,lesbozilla.bsky.social,"uma colega de trabalho tem irmã fã de kpop e falou do meu photocard da chuu aí contei pra ela do show e achei que ia ter uma conversa normal e agradável e então ela perguntou na inocência se eu vi ""o negócio do menino do nct"" e meu dia se azedou vou pensar desgraça pelo resto do dia",1,0,at://did:plc:unc3p6b35pppmqjr3ddxd2cr/app.bsky.feed.post/3l36sk6jdnc2t
kpop photocard,2024-09-02T16:43:10.072Z,escam-boo.bsky.social,Triste q a aba discover ainda n ta ajustada pra só aparecer kpop e photocard,1,0,at://did:plc:b4sxkfflzgj6uuwioeov24vz/app.bsky.feed.post/3l36qlhuhw32z
kpop photocard,2024-09-02T15:33:43.143Z,konna801.bsky.social,N sei nadinha de kpop mt menos de twice mas a momo é minha favorita (tenho ate photocard😭),2,0,at://did:plc:ibvm2xeph5ibtkisx6pja4nc/app.bsky.feed.post/3l36mpdyhrf2t
kpop photocard,2024-09-02T12:43:51.051Z,emyzette.bsky.social,"""ain mas vc trabalha"" amor eu gasto meu salário todo com photocard de kpop como vc acha que eu vou ser responsável?",0,0,at://did:plc:unuabpyt3646vojjl6q2ryp4/app.bsky.feed.post/3l36d7kyds32y
kpop photocard,2024-09-02T11:38:59.115Z,goinsaeng.bsky.social,"TEM NO ALIEXPRESS n sei se eh igual mas ve
a.aliexpress.com/_mrts7xS",0,0,at://did:plc:w2um2bihsnfudpp7vhzdczsq/app.bsky.feed.post/3l367lkgaqf27
kpop photocard,2024-09-02T05:08:15.865Z,i93thvs.bsky.social,"౨ৎ Quero moots ! 

- Bangtan ( bts )
- twice
- kdrama
- txt ( tomorrow x together )
- new jeans 
- brawl stars
- roblox 
- kpop ( no geral
- taehyung utted
- hanni utted
- beomgyu utted 
- chaeyoung utted 
- taylor swift
- collector de photocard 
- pop 
 
Sdv ! . . .",8,0,at://did:plc:sckfkzjfxosad4yegs23ip34/app.bsky.feed.post/3l35jqvkrko2i
kpop photocard,2024-09-02T02:47:43.698Z,changboier.bsky.social,"bom dia @cellbitos.bsky.social eu tenho uma ideia pra próxima hq: photocard dos personagens de ordem paranormal igual é photocard de idol de kpop, eu adoraria ter a agatha assim 😚✌️ em um toploader ou na capinha do meu celular",12,0,at://did:plc:ccfuyt6yink7yghw6rpillyg/app.bsky.feed.post/3l35bvlnmge2r
kpop photocard,2024-09-02T01:18:56.634Z,miaaaw.bsky.social,"aí vcs passam meses saindo juntos com roupas combinando e em lugares caros e ele sempre tirava fotos nossa e comentava ""nossa, a gente parece casal né rs"" e de vez em quando t chamava de bb e te deu um mini álbum de kpop com photocard ofc de presente de aniversário",11,0,at://did:plc:pmmnpekjss56weyywi6i5322/app.bsky.feed.post/3l354wtynrt2p
kpop photocard,2024-09-02T01:08:00.015Z,j0ne97.woke.cat,quem diria que eu seria fã de kpop que gasta em photocard,0,0,at://did:plc:5bca5ig5dbme3em4wqfywxxm/app.bsky.feed.post/3l354dbaykh2l
kpop photocard,2024-09-02T00:09:21.220Z,isaminiverse.bsky.social,"E achei que n iria querer photocard mas hj mesmo já chegou alguns que eu comprei e já quero mais kakakakkaka ( tô impressionada comigo mesmo, pq até alguns dias atrás eu nem ouvia kpop)",0,0,at://did:plc:c4dqgexzibjtcx4yb7gl4wh4/app.bsky.feed.post/3l34z2f6i7k2t
kpop photocard,2024-09-01T22:54:46.526Z,kpelole.bsky.social,"Apareça para mim

Kpop
Skz
Au's
Notícia aleatórias
Lana del Rey
Anime
Pessoas aleatória desabafando 
Venda de photocard (principalmente do Han)
Hello Kitty
Mundo da moda

Acho que só",1,1,at://did:plc:f4gvo4j4gfsov4aluaruackl/app.bsky.feed.post/3l34uv6wmsp26
kpop photocard,2024-09-01T22:14:50.498Z,loveseokjin.bsky.social,"Mais barato: photocard 
Mais caro: um festival de kpop aqui em Munique que o kard vai tá, 200€ 🤡🥵",0,0,at://did:plc:oodoi7pibrcofgpzpvq4m3rs/app.bsky.feed.post/3l34snngn5v2l
kpop photocard,2024-09-01T22:02:34.080Z,edwardstrip.bsky.social,"falando tópicos pra me acharem nessa rede social: 

bl
gl
yinwar
firstkhao
zeenunew
billkinpp
red velvet 
btob
nct dream
gfriend
tvxq
ive
photocard collector
taylor swift
little mix
novel hell
mdzs
2ha
grey's anatomy
the 100
kpop
series",1,0,at://did:plc:utic5ibxubrifsygy7lgx4no/app.bsky.feed.post/3l34rxqynx425
kpop photocard,2024-09-01T21:12:27.744Z,tyongmorango.bsky.social,GENTE A MENINA Q ERA MINHA AMIGA NO FUNDAMENTAL EMGRAVIDOU E EU AQUI QJERENDO PHOTOCARD DE KPOP VSF DIGAO NAO A GRAVIDEZ NA ADOLESCÊNCIA,1,0,at://did:plc:r5k336prth36azbqezkxfobd/app.bsky.feed.post/3l34p63khmk2u
kpop photocard,2024-09-01T19:02:36.867Z,hyunluvspace.bsky.social,🏷 skz stray kids felix bangchan hyunjin seungmin boom accordion letter ate venda troca photocard changbin rock star kpop,0,0,at://did:plc:ucvu64mm42vfaxpdyuy2jmfg/app.bsky.feed.post/3l34hvvk3vo2j
kpop photocard,2024-09-01T18:59:37.112Z,aemaki.swifties.social,"é mt ruim ser fa de kpop e nao ter nada de kpop, eu nao tenho moletom, eu nao tenho blusa, eu nao tenho album, eu nao tenho photocard, eu nao tenho NADA",1,0,at://did:plc:hnqz54e3jjnlanggvi4gdmfi/app.bsky.feed.post/3l34hqjwyw72n
kpop photocard,2024-09-01T18:52:16.687Z,maiiyup.bsky.social,acabei de explicar pra minha vó como funciona photocard e album de kpop 😭💗,1,0,at://did:plc:izgkmm33egbukmcd3ilwy6t4/app.bsky.feed.post/3l34hdgq7gw27
kpop photocard,2024-09-01T18:39:03.982Z,dearsoobin.bsky.social,"vou testar também, me sigam amigos 

txt
tomorrow x together
enhypen 
cravity
boynextdoor
laufey
beabadoobee
wave to earth
dorama
kpop
anime
mount 
photocard",5,1,at://did:plc:6skgt3f7wpwindpnykoy53sk/app.bsky.feed.post/3l34glvf6zy2h
kpop photocard,2024-09-01T18:13:03.314Z,spiderinnie.bsky.social,"PROCURA-SE MOOTS DE:

- mamamoo
- stray kids
- jeongin biased
- killing eve
- gl 
- lésbicas
- kpop em geral
- collector de photocard",5,1,at://did:plc:2m2pk5y55oveyof4rcvugdte/app.bsky.feed.post/3l34f5bih3u22
kpop photocard,2024-09-01T17:49:58.571Z,byulemo.bsky.social,"meu time perdeu em casa na reabertura. fiquei triste
comprei um photocard. fiquei feliz 
gostem de kpop e odeie futebol 🫶🏼🫶🏼🫶🏼",0,0,at://did:plc:lwyjv5vx33jjs6doioysamvz/app.bsky.feed.post/3l34dtzq3da2s
kpop photocard,2024-09-01T16:27:07.105Z,yvesntual.the-gay.cat,"follow trick — SDV ໒꒱ ⊹ ⋆ﾟ

• chappell Roan, aespa, loona, artms, chuu, yves, loossemble, kpop ggs, jão
• tgswiiwagaa, nana, bloom into you
• hp, modern family, shameless
• giselle, karina, winter e ningning
• laufey, beabadoobee
• collector, photocard
• elayne baeta
• gl, wlw, sáficas
• aus do aespa",12,0,at://did:plc:5ndrnmj5o3tu3j74amrvy2kq/app.bsky.feed.post/3l3477uoayq24
kpop photocard,2024-09-01T16:15:07.335Z,beadossantos.bsky.social,indo pro evento de kpop só com o meu photocard e um sonho 😔😘,0,0,at://did:plc:y4linp22osx3m4oku5vvmqrt/app.bsky.feed.post/3l346kfh7632s
kpop photocard,2024-09-01T15:15:05.245Z,diamoond.bsky.social,"nao tem nada mais feliz que misturar as coisinhas de kpop com famosos fora do kpop, chaveirinho da hello kitty com um photocard do tom blyth? absolute cinema……",5,0,at://did:plc:n2u42awmi5cfonzfglagimao/app.bsky.feed.post/3l34372g5ps2t
kpop photocard,2024-09-01T15:01:56.757Z,handle.invalid,"𖥻 36. fora photocard e álbum , você tem algum outro tipo de objeto colecionável de kpop?",107,0,at://did:plc:hq7qazp2zo4se6vz3odl2zgt/app.bsky.feed.post/3l342hkgf2m2q
kpop photocard,2024-09-01T14:58:38.061Z,trocavendart.bsky.social,"photocard 
kpop
collector 
álbum 
venda troca 
procuro compro",2,0,at://did:plc:yd2pg22bmfnpybgmjsljxw3d/app.bsky.feed.post/3l342bnitmc23
kpop photocard,2024-09-01T13:49:03.208Z,intakmybf.bsky.social,kpop photocard e khh os álbuns,0,0,at://did:plc:qffv34u5pqq7apx5uzda476h/app.bsky.feed.post/3l33wf7cirt2t
kpop photocard,2024-09-01T13:55:27.849Z,heesungas.lesbian.cat,"Acho uma bomba que em todo evento de kpop que eu vou nunca tem photocard do bnd, e pouquinhos do p1harmony",5,0,at://did:plc:wxvhq2plbpr5nltybip34np7/app.bsky.feed.post/3l33wqojbj62r
kpop photocard,2024-09-01T06:30:18.354Z,itsgetwo.bsky.social,fui num eventinho de kpop minha vontade de comprar photocard e coisinhas do genero so cresceu,0,0,at://did:plc:lendcxfdy7op7itulpgxmhfp/app.bsky.feed.post/3l335upaynx2t
kpop photocard,2024-09-01T04:13:48.845Z,jisungada.bsky.social,"interesses pra me achar: nct, nct dream, jisung, jaemin, kpop, sonic youth, slowdive, lush, journal, deco, photocard, aespa, riize, exo, doyoung",0,0,at://did:plc:igq3fwf4bjiroxsk72k3d4sm/app.bsky.feed.post/3l32wamrnbs2k
kpop photocard,2024-09-01T02:22:17.326Z,flowersymphony.bsky.social,"um photocard da era we go up, do haechan, q eu comprei em um evento de kpop na minha cidade, só isso",1,0,at://did:plc:kfbpgytlccl6f7b44qn6gqtp/app.bsky.feed.post/3l32pz6qfw623
kpop photocard,2024-09-01T01:59:08.469Z,handle.invalid,🏷️ vendo venda procuro procura compro compra hyein nacional ceg nwjns new jeans newjeans kpop k-pop photocard pc pcs message card omg get up,3,0,at://did:plc:jpjatlxfulno2kgh4slsyqn2/app.bsky.feed.post/3l32ops253s2n
kpop photocard,2024-09-01T01:15:20.817Z,taesmile.bsky.social,"falando de tópicos pras pessoas me acharem nessa rede social:

-bts bangtan 
- anime 
-namjoon nam
-jin seokjin
-yoongi suga agustd
-hobi hoseok jhope
-jimin jimo ji
-tae v taehyung 
-jungkook jk
-jikook kookmin jungji
- tws jihoon 
-fanfic au
- new jeans danielle
-collector kpop photocard",6,0,at://did:plc:yte4a5riugv2dhf6s73bc2a6/app.bsky.feed.post/3l32mbjpagl22
kpop photocard,2024-08-31T23:32:26.117Z,abaporu.bsky.social,Consegui meu primeiro (e único) item de kpop que é um photocard da nayeon kkkkkkkkk,0,0,at://did:plc:6hp3nswvvlpxfhxdyrtgrfzj/app.bsky.feed.post/3l32gjhojk42w
kpop photocard,2024-08-31T22:38:39.358Z,sadssann.bsky.social,"procura- se moots

-kpop
-roblox
-camila loures
-collector de photocard 
-ariana grande 
-aespers",2,1,at://did:plc:n6iwohdesplclrw6k6ouwqks/app.bsky.feed.post/3l32djj66jg2y
kpop photocard,2024-08-31T22:29:06.551Z,raskoelnikov.bsky.social,mto Cuticuti >_< preciso de mais coisas de MM meu sonho é ter aqueles photocard decorado de kpop com o kami,0,0,at://did:plc:id2ay4kvaqakvqwkaigfyuyw/app.bsky.feed.post/3l32cyavc7j2d
kpop photocard,2024-08-31T21:20:10.116Z,aidaaf.bsky.social,Eu queria gastar 40 conto em photocard em algum evento de kpop,1,0,at://did:plc:4zanru74j5mwa332jikzarbi/app.bsky.feed.post/3l3274xvoyn2l
kpop photocard,2024-08-31T21:17:09.812Z,luz-rkx.bsky.social,Tô cuidando do photocard de kpop que comprei para minha amiga com a minha vida,0,0,at://did:plc:6egpfnwbrbnj74n6u2n446b6/app.bsky.feed.post/3l326xlxmxs2r
kpop photocard,2024-08-31T20:20:21.337Z,baeylovv.bsky.social,"procura-se 

armys bts
fandom kpop stan
tokkis bunnies newjeans 
taehyung utted 
collector de photocard",1,0,at://did:plc:ov4qlpytixezsswncusmvwfh/app.bsky.feed.post/3l323rzfqh32q
kpop photocard,2024-08-31T20:03:10.522Z,luc13.bsky.social,"Imagina o povo collector (que compra/vende photocard e coisas de kpop), tão lascados, twt ajudava MUITO em vendas/compras",0,0,at://did:plc:aukn4iu2jzxf3caaamqajbsq/app.bsky.feed.post/3l322tc4oif2o
kpop photocard,2024-08-31T17:28:09.000Z,cinnamojeno.bsky.social,"preciso de mutuals:

kpop (nct, seventeen, shinee)
iwtv (interview with the vampire)
måneskin
lana del rey
hotd (house of the dragon)
photocard collector
emma d’arcy
coisas lgbt no geral 

sdv só preciso de mutuals e minha tml cheia dessas coisas de volta 😭",0,0,at://did:plc:wbliyg2lncvheaftueptomxb/app.bsky.feed.post/3l2zs63jzrx2c
kpop photocard,2024-08-31T17:09:36.111Z,gabriarty.bsky.social,"Gente tô com sdds dos moots que gostam de kpop e ficavam o dia todo falando de photocard ): 

Não conheço nada sobre, mas achava legal as fotinhos 🥺",0,0,at://did:plc:utllmva3mlrkbw6nr6mrvzac/app.bsky.feed.post/3l2zr4vxhe42c
kpop photocard,2024-08-31T17:06:37.394Z,handle.invalid,"a industria de kpop é mt boa no quesito álbuns físicos, eles são recheados de inclusões e a mais cotada é o photocard pq é a constante entre todos os grupos/artistas e são geralmente as inclusões mais legais. é ter uma foto fofinha do teu artista favorito nas mãos, não tem como gostar tlgd",3,0,at://did:plc:aoqsdiscl7aiuxy22nmkz6t7/app.bsky.feed.post/3l2zqxl37cl27
kpop photocard,2024-08-31T16:02:10.989Z,zvochan.bsky.social,fico vendo os valores de photocard no grupos de vt e tenho sdds de comprar photocard por 100/200 ienes nos brechós de kpop no japão,1,0,at://did:plc:7bdjqbo7lny5lmyktue6cb3i/app.bsky.feed.post/3l2znmcmigq2e
kpop photocard,2024-08-31T15:41:52.094Z,ohmeiday.bsky.social,"falando palavras chaves pra as pessoas me encontrarem na busca;

collector 
twice
ive
jeongyeon
photocard
aespa
new jeans
card
vendo/troca
gom
kpop
gg's",12,0,at://did:plc:otumyssenizz35y37qmfatxe/app.bsky.feed.post/3l2zma2bulz2o
kpop photocard,2024-08-31T15:33:03.329Z,ttbr.bsky.social,"Atá ksksks olha, achei desse jeito aqui na Amazon, se vc quiser ^^

amzn.to/4cLH5RV",1,0,at://did:plc:aq46j22nv2jlryq47b3smhbz/app.bsky.feed.post/3l2zlqc5wqa2f
kpop photocard,2024-08-31T15:19:35.800Z,kokichxmari.bsky.social,Pensando seriamente em começar a colecionar photocard e album de kpop,0,1,at://did:plc:sjhgyrjjio7rzej3geyfa3sf/app.bsky.feed.post/3l2zky733iw2p
kpop photocard,2024-08-31T14:37:00.773Z,wayviadinhos.bsky.social,"sim até meus amigos que não ouvem kpop ficaram sabendo e vieram falar comigo sobre o assunto pq todo mundo que me conhece sabe que o artista que eu mais gostava na vida era ele, não consigo nem jogar photocard fora e deletar vídeo/foto pq não tenho cabeça pra ficar olhando pra ele e prefiro ignorar",1,0,at://did:plc:2sl7pubzs64arrwcvfqbqjz7/app.bsky.feed.post/3l2zim2qfah2x
kpop photocard,2024-08-31T14:32:30.251Z,babymetalgay.shy.cat,"𐙚 procurando mutuals:

– kpop (bg e gg), jpop
– lovely, study
– sylvanian families
– livros
– photocard collector
– cafés
– yaoi, yuri
– animes (shoujo, seinen e josei)
– sanrio
– perfumaria
– paganismo (helenismo)
– mangás
– visual novels
– stardew valley
– rpg de mesa
– studio ghibli
– bandori",16,0,at://did:plc:4jh2ef4o26fq5axuxmaerslv/app.bsky.feed.post/3l2zidypauj2j
kpop photocard,2024-08-31T13:54:15.149Z,iangirlf.bsky.social,"procuro mutual que gostam de:

- stray kids
- nct, nct 127, dream, wayv e wish
- khiphop e krnb
- bts
- kpop
- boy group
-collector
- photocard
- jujutsu
- boynextdoor
- got7
- ateez
- joji
- the nbhd",1,0,at://did:plc:a3go6b3ipom224p2433drjii/app.bsky.feed.post/3l2zg7mfnhk2g
kpop photocard,2024-08-31T13:30:31.700Z,kiofvr.bsky.social,"[PROCURA-SE MUTUALS]

🖤 que gostem de:

| aespa
| kiss of life
| ateez
| stray kids
| gidle
| photocard
| kpop
| girl groups
| conteúdo collector",6,1,at://did:plc:ns52icwjvs3hwvewe25drrk2/app.bsky.feed.post/3l2zev6otkf2a
kpop photocard,2024-08-31T13:28:38.827Z,mocarrao.bsky.social,"OIII ME SIGAM SE VCS GOSTAM DE:

EXO OT9
SHINEE 
AESPA
KPOP
PHOTOCARD
COLLECTOR
BANDORI
MOCA AOBA
AFTERGLOW 
PROJECT SEKAI 
MORE MORE JUMP
HARUKA KIRITANI 
GENSHIN
COSPLAY",2,0,at://did:plc:rzl62wgfvuma7446r56wjzzl/app.bsky.feed.post/3l2zers7jg42w
kpop photocard,2024-08-31T07:29:09.638Z,mabpsycho100.bsky.social,gente onde eu vou trocar photocard de kpop agora,1,0,at://did:plc:7wysfo33i4q2a5s4vk4zrfvn/app.bsky.feed.post/3l2yqoytciu2j
kpop photocard,2024-08-31T06:01:42.527Z,annaduchen.bsky.social,"vamo ve se da em algo

stray kids
ateez
enhypen
kpop
photocard
boy group
sabrina carpenter
sanrio
douyin makeup
shein
(???)
q odio vei minha personalidade é gostar de kpop,maquiagem e roupa",0,0,at://did:plc:ekznlmvzlkdaw46ekobmo3ed/app.bsky.feed.post/3l2ylsmydrz2a
kpop photocard,2024-08-31T05:20:00.872Z,nreedusgirl.bsky.social,"PROCURA-SE

- kpop stans, PREFERÊNCIA BLINK E MY (ggstan e exol tb)
- Fã de the walking dead 
- fã de ordem paranormal 
- collector de photocard 
- desabrigados do gothtwt
- JOGADOR DE LOL E DE GENSHIN
- fã de metal
- fã de diva pop

deem rt nisso pela amor de deus",8,3,at://did:plc:jy324d7tcnguxohkxloizac2/app.bsky.feed.post/3l2yji2m5ij2f
kpop photocard,2024-08-31T04:40:51.286Z,aethito.bsky.social,"[PROCURA-SE MUTUALS]

🖤 que gostem de:

| aespa
| kiss of life
| red velvet
| stayc
| new jeans
| le sserafim
| photocard
| kpop
| girl groups
| conteúdo collector",48,7,at://did:plc:3uthjvyzx6zlpfcsw7juvu5n/app.bsky.feed.post/3l2yhc2hr522t
kpop photocard,2024-08-31T02:50:54.837Z,shinacdz.bsky.social,"✨ PROCURA-SE MUTUALS ✨

- kpop em geral, principalmente skz e kiof
- collectors, principalmente photocard 
- wild rift 
- roblox
- minecraft

Se quiserem me ajudar a entrar pro kiof agradeço! ✨ (Só sei o básico do básico)",1,0,at://did:plc:um44d2tzbalvmwrx44wfosvs/app.bsky.feed.post/3l2yb5hthm52q
kpop photocard,2024-08-31T02:21:16.045Z,gabyunne.bsky.social,"procurando moots ! 

Collectors

- twice
- new jeans
- ive
- aespa
- (g)i-dle
- le sserafim
- kiss of life
- itzy
- nmixx
- red velvet
- sanrio
- kpop
- gg
- sylvanian families
- collector
- photocard",17,5,at://did:plc:jxk5xc6vh4bpok62d4vb6b4e/app.bsky.feed.post/3l2y7ighqxq2l
kpop photocard,2024-08-31T02:09:26.351Z,averseana.bsky.social,"🪼 PROUCURA-SE MOOTS DE: 

- Stray kids 
- Ateez
- New jeans
- Aespa 
- Jujutsu Kaisen 
- Genshin 
- mangás
- animes em geral 
- ordem paranormal 
- bookstan
- kpop em geral 
- collector de  photocard",11,0,at://did:plc:si6skh7by67jdz67fgawylga/app.bsky.feed.post/3l2y6tbsctb24
kpop photocard,2024-08-31T01:52:40.749Z,moonhiems.bsky.social,"KDKSKKSKSKDKKSKSKSKKS AMG
collector é o povinho que coleciona photocard produtinho de kpop etc",0,0,at://did:plc:2naxv5dc6kwg6vuzomqvyu2y/app.bsky.feed.post/3l2y5vdcjyz2n
kpop photocard,2024-08-31T01:00:27.146Z,sakyando.bsky.social,p1harmony ateez stray kids enhypen aespa loona photocard seventeen NCT todas units red velvet new jeans babymonster young posse illit gidle zerobaseone boynextdoor txt tomorrow x together bts blackpink nmixx twice itzy riize ARTMS LOOSSEMBLE CHUU YVES KPOP COLLECTORS,9,0,at://did:plc:vn6gsapy6rq5gxgc2vjphv5a/app.bsky.feed.post/3l2y2xzlyda2e
kpop photocard,2024-08-31T00:27:10.352Z,isadoramasss.bsky.social,"falando tópicos pras pessoas me acharem nessa rede social:

dorama
2521
twinkling watermelon
kim taeri
kpop
bts
army
seventeen
carat
enhypen
engene
txt
moa
stray kids
stay
boynextdoor 
onedoor
newjeans
bunny
photocard
collector",7,0,at://did:plc:aynek5bmjrsqrr5qxyyqghlc/app.bsky.feed.post/3l2xz4gewbl2f
kpop photocard,2024-08-30T23:32:37.669Z,itzh4erin.bsky.social,"quem gostar de:
cinema
letterboxd
kpop
illit
newjeans
aespa
stray kids
photocard
coleção 
humor

podem me seguir, darei sdv 🎥📦💗",3,0,at://did:plc:ozwhw574ve54ffga7jc2g7ki/app.bsky.feed.post/3l2xw2v74b52w
kpop photocard,2024-08-30T22:55:29.526Z,bearhaechanie.bsky.social,"Sigo
🏷️  collector photocard kpop card bts boynextdoor nct",2,0,at://did:plc:oufbk346lnktezvtl7gszumz/app.bsky.feed.post/3l2xtyicpnr2w
kpop photocard,2024-08-30T22:48:08.665Z,yunou.lesbian.cat,"tópicos pra me acharem!

ateez
kiss of life kiof
aespa
taehyung
kpop
eivor & kassandra
assassin's creed
gl yuri
collector photocard
cachorrinhos gatinhos

posto muitas coisas ao mesmo tempo então se se sente desconfortável com isso não precisa seguirrr :]",2,0,at://did:plc:hwwgbdlhoa3yxqjq3g72bls6/app.bsky.feed.post/3l2xtldtdii2a
kpop photocard,2024-08-30T22:05:55.545Z,05bypjm.bsky.social,"Sigo
🏷️ Kpop collector photocard card poca onedoor army BTS BOYNEXTDOOR bonedoor 

Não vou listar os fandons tudo (eu nem sei) mas se você for collector de photocard tá valendoooo",4,0,at://did:plc:mce44tok3ziblworlogzkedy/app.bsky.feed.post/3l2xr7tt3772j
kpop photocard,2024-08-30T21:40:53.433Z,yyehshaa.bsky.social,"Oi gente procuro moots que gostem de 

Kpop
Gidle 
Itzy 
Aespa 
Stray Kids 
Photocard",6,3,at://did:plc:osnhuf7jew6krlhj6lcgdwg6/app.bsky.feed.post/3l2xpt3mxpa2n
kpop photocard,2024-08-30T21:15:07.719Z,scuderiafwrrari.bsky.social,"falando tópicos pras pessoas me acharem nessa rede social:

- fórmula 1
- lewis hamilton
- ferrari
- kpop
- photocard collection
- tbz exo",1,1,at://did:plc:sc5ekjn6dttxljciblhp7gcm/app.bsky.feed.post/3l2xoezao6t2f
kpop photocard,2024-08-29T23:53:18.900Z,miihgyu.bsky.social,"falando de tópicos pras pessoas me acharem nessa rede social:

- seventeen 
- Enhypen 
- ateez 
- Wonwoo 
- tiktok
- anime
- kpop
- boy group
- lol
- collector 
- photocard 
- K-drama",1,0,at://did:plc:7lhgs3fuck5kuyspeyhq26b6/app.bsky.feed.post/3l2vgqxldzh2b
kpop photocard,2024-08-29T20:52:37.458Z,haerinlps.bsky.social,"procurando moots ! 

- new jeans
- enhypen
- aespa
- (g)i-dle
- twice
- le sserafim
- kiss of life
- itzy
- nmixx
- ive
- red velvet
- sanrio
- littlest pet shop
- kpop
- gg
- jack stauber 
- sylvanian families
- collector
- photocard
- haerin
- sunghoon",19,2,at://did:plc:3fwwzc2mdhbfxw3n4iofxrnz/app.bsky.feed.post/3l2v4null4m2w
kpop photocard,2024-08-26T19:41:09.281Z,racheloddment.bsky.social,"My Taemin album finally arrived! The kpop store once again sent me a bonus photocard. I love all three, but I am such a sucker for a glitter makeup moment so the center one is my fave.",3,0,at://did:plc:w2bq7gk23gqbtwz4tinyhov4/app.bsky.feed.post/3l2nhbc2fx42k
kpop photocard,2024-08-24T14:05:17.398Z,vhsnovo.bsky.social,"Os do kpop me deixaram  emocionada com vídeo do Sam recebendo photocard dele pra autografar sem entender absolutamente nada por ser cronicamente desonline, mas pra mim a maior contribuição dessa categoria foi a criação dessa imagem:",1,0,at://did:plc:g4z3ssohimvblgzl5s6efc6s/app.bsky.feed.post/3l2htkvaql32x
binder sale,2026-08-10T16:04:33.573Z,crossdog367.bsky.social,"Anthro adoptables, inspired by adult alternative scenes. If you're interested in claiming any of these adopt, please send a PM/DM!

1. Hereford Mouse, $10.00
2. Punk Possum, $10.00
3. Pleather Cat, $10.00

#art #furry #furryart #adoptables #commsopen",32,9,at://did:plc:dtuuv7eqqhdovs272rd56kre/app.bsky.feed.post/3msqi37rfwc2b
binder sale,2026-08-10T08:55:03.670Z,ukpokemoncards.bsky.social,"Ad: For Sale - Pokémon TCG Lot of 7. Packs, Promos, Coins, Mini Binder. New. Sealed. Variety. #Pokemon #PokemonTCG #TradingCards",1,0,at://did:plc:ykwk3u4vlwyr7w4h7p6ysfir/app.bsky.feed.post/3mspq3be2y622
binder sale,2026-08-09T16:15:32.666Z,uscomicsales.bsky.social,Ad: For Sale - Phoenix Comic Bundle - 588-614 (27 Issues). In Binder. Very Good Condition #PhoenixComicBundle #ComicBooks #eBayDeals,0,0,at://did:plc:b6mjq6ipt3sq3xbno5hpsdj3/app.bsky.feed.post/3msny7zr4do26
binder sale,2026-08-09T14:02:29.864Z,uspokemoncards.bsky.social,Ad: For Sale - 2x Pokemon TCG Scarlet & Violet White Flare Binder Collection Box Sealed #PokemonTCG #Pokémon #ScarletAndViolet,1,0,at://did:plc:4cg2azcvnuvo4puhejvolmjt/app.bsky.feed.post/3msnqs4wzfd2i
binder sale,2026-08-09T11:42:49.071Z,billyhynes.bsky.social,The sale item was a rough sketch and the binder was free. So I negotiated and just got the binder. Then he offered me a Toth doodle page for £15.,2,0,at://did:plc:yukxl6yakde2wtfejpdn6xd2/app.bsky.feed.post/3msniyej22c2t
binder sale,2026-08-07T08:53:48.370Z,uspokemoncards.bsky.social,Ad: For Sale - Pokemon Black Bolt & White Flare Binder and Poster Collection Sealed #Pokemon #PokemonCollector #TradingCards,1,1,at://did:plc:4cg2azcvnuvo4puhejvolmjt/app.bsky.feed.post/3msi6mcmrxd23
binder sale,2026-08-05T06:39:54.569Z,uspokemoncards.bsky.social,Ad: For Sale - Pokemon TCG Scarlet & Violet White Flare Binder Collection Sealed Box #Pokemon #TCG #ScarletAndViolet,1,0,at://did:plc:4cg2azcvnuvo4puhejvolmjt/app.bsky.feed.post/3mscw6zv3qd26
binder sale,2026-08-05T06:26:43.269Z,uspokemoncards.bsky.social,Ad: For Sale - Pokemon TCG Scarlet & Violet Black Bolt Binder Collection BRAND NEW SEALED #PokemonTCG #ScarletAndViolet #BlackBoltBinder,1,0,at://did:plc:4cg2azcvnuvo4puhejvolmjt/app.bsky.feed.post/3mscvhhfdvt2n
binder sale,2026-08-04T17:03:58.573Z,ukpokemoncards.bsky.social,Ad: For Sale - Pokémon Binder Gengar Dragonite Pikachu Etc Brand New Sealed #Pokemon #CollectibleCards #Gengar,0,0,at://did:plc:ykwk3u4vlwyr7w4h7p6ysfir/app.bsky.feed.post/3msbilyy4am2l
binder sale,2026-08-04T16:37:33.270Z,ukpokemoncards.bsky.social,Ad: For Sale - Pokémon Binder Pikachu Brand New Sealed Pokemon TCG 4 Pocket 50 Pages 400 Cards #Pokemon #Pikachu #PokemonCards,0,0,at://did:plc:ykwk3u4vlwyr7w4h7p6ysfir/app.bsky.feed.post/3msbh4rw2vm2g
binder sale,2026-08-04T16:11:07.568Z,ukpokemoncards.bsky.social,Ad: For Sale - Pokémon Binder Eevee Evolutions Umbreon Jolteon Flareon Etc Brand New Sealed #Pokemon #Eevee #Umbreon,1,0,at://did:plc:ykwk3u4vlwyr7w4h7p6ysfir/app.bsky.feed.post/3msbfnjsm3r2g
binder sale,2026-08-04T11:30:43.570Z,dailynorthern.com,"Binderholz purchase marks one of Kuhmo’s biggest events, city chair says #Binderholz #Kuhmo #sawmillindustry",0,0,at://did:plc:qz2dun535czcth7iqk5fjbgn/app.bsky.feed.post/3msavy5cqra2u
binder sale,2026-08-03T07:29:24.975Z,ukpokemoncards.bsky.social,Ad: For Sale - Pokemon TCG: White Flare Binder Collection Brand New & Sealed #PokemonTCG #PokemonCards #TradingCards,0,0,at://did:plc:ykwk3u4vlwyr7w4h7p6ysfir/app.bsky.feed.post/3ms5xzq2ity2k
binder sale,2026-08-03T06:36:04.869Z,ukpokemoncards.bsky.social,Ad: For Sale - Pokemon TCG Black  Bolt  Binder Collection New & Sealed #PokemonTCG #PokemonCollector #TradingCards,0,0,at://did:plc:ykwk3u4vlwyr7w4h7p6ysfir/app.bsky.feed.post/3ms5v2e4yjq2l
binder sale,2026-08-02T16:00:53.774Z,usagiccr.bsky.social,"All set up for one more day of selling in the #AWU Artist Alley! Come buy my wares if you didn’t yesterday - or even if you did and want to come back for more, I don’t mind so long as you’re not going into debt for my sake or something. I’m right at the front end of the tables today!
#AWU2026",4,2,at://did:plc:tkshv5w5dwxyrkvdtf6sjdoy/app.bsky.feed.post/3ms4e4t7yyk25
binder sale,2026-08-01T18:17:58.373Z,uspokemoncards.bsky.social,Ad: For Sale - Pokemon Prismatic Evolutions Binder Collection Scarlet & Violet TCG Sealed New #Pokemon #PrismaticEvolutions #ScarletAndViolet,0,0,at://did:plc:4cg2azcvnuvo4puhejvolmjt/app.bsky.feed.post/3ms23dll4yf2t
binder sale,2026-08-01T18:08:05.873Z,ukpokemoncards.bsky.social,Ad: For Sale - Pokemon TCG - White Flare Binder Collection - Brand New & Sealed Card Game #PokemonTCG #CardGame #PokemonCards,0,0,at://did:plc:ykwk3u4vlwyr7w4h7p6ysfir/app.bsky.feed.post/3ms22rvoneh2l
binder sale,2026-08-01T12:37:10.868Z,cyberyvngi.bsky.social,"my sale/trade binder is full.... 
anyone wanna buy atz pcs? i'll actually ship ww from uk if it means theyre out of my way",2,2,at://did:plc:lyvia6w6qlmn2oaxtibzyueu/app.bsky.feed.post/3mrzialwckk27
binder sale,2026-08-01T07:38:38.463Z,uspokemoncards.bsky.social,Ad: For Sale - Ultra Pro Pokémon Chaos Rising 4 Pocket Portfolio Binder - SEALED - IN HAND #Pokemon #PokémonCards #TradingCards,0,0,at://did:plc:4cg2azcvnuvo4puhejvolmjt/app.bsky.feed.post/3mryxmex65u2x
binder sale,2026-07-31T19:11:56.268Z,uspokemoncards.bsky.social,Ad: For Sale - Pokemon TCG Scarlet & Violet Black Bolt Binder Collection Box New Sealed #PokemonTCG #ScarletandViolet #BlackBoltBinder,1,0,at://did:plc:4cg2azcvnuvo4puhejvolmjt/app.bsky.feed.post/3mrxnv63swy23
binder sale,2026-07-31T09:25:37.172Z,uspokemoncards.bsky.social,Ad: For Sale - Pokémon TCG We're Goomy Zip Binder Pokemon Center Exclusive Sealed #Pokemon #PokemonTCG #Goomy,0,0,at://did:plc:4cg2azcvnuvo4puhejvolmjt/app.bsky.feed.post/3mrwn4qskbo2e
binder sale,2026-07-30T11:09:39.269Z,undeadswine.bsky.social,"my mum rly wants to do a car boot sale, which includes selling any of my Pokemon cards so have ordered a new binder and am very looking forward to sorting through my bulk this weekend
(I don’t have interest in actual sale values, so it’s probs gonna be 50p regular, £1 holo, I dunno)",2,0,at://did:plc:if7hzufm55lroshxt5672axc/app.bsky.feed.post/3mruchuihr227
binder sale,2026-07-30T05:16:07.169Z,ukpokemoncards.bsky.social,"Ad: For Sale - Pokemon 1999 New Sealed Vintage 3-Ring Binder Collectors Album, Wizards, Snorlax #Pokemon #Collectors #Vintage",0,0,at://did:plc:ykwk3u4vlwyr7w4h7p6ysfir/app.bsky.feed.post/3mrtopohsg22o
binder sale,2026-07-29T16:43:18.882Z,revjanesmith.bsky.social,"One of my most prized possessions. I had this article in my binder in high school in the 90s, even then DEVO wasn't ""cool"", but clearly I found them to be awesome ❤️. It took a few years to get all 4 guys tracked down and signed, but it was worth it. (NO, it is not for sale)",1,0,at://did:plc:54ntoe3542sg5aibkgqgolk6/app.bsky.feed.post/3mrsencskuk2d
binder sale,2026-07-29T04:44:59.775Z,uspokemoncards.bsky.social,Ad: For Sale - Pokemon Neo Genesis Japanese Premium File 1 Promo Binder (Sealed) #Pokemon #NeoGenesis #Collectibles,0,0,at://did:plc:4cg2azcvnuvo4puhejvolmjt/app.bsky.feed.post/3mrr4j4gdmf2n
binder sale,2026-07-28T12:45:37.176Z,uspokemoncards.bsky.social,Ad: For Sale - Pokemon TCG Scarlet & Violet White Flare Binder Collection Box NEW SEALED #Pokemon #PokemonTCG #ScarletAndViolet,0,0,at://did:plc:4cg2azcvnuvo4puhejvolmjt/app.bsky.feed.post/3mrpgvmlylr2n
binder sale,2026-07-27T18:35:16.265Z,frugaltree.net,"🔥 YAKUNCL 100 Envelopes Money Saving Challenge, Money Saving Budget Binder with Ca…

✅ 50% OFF — Now $8.00 (was $15.99)
💰 You save $7.99!
🎟️ Use code: CL73DIIG

👉 https://frugaltree.net/deal/8BphBLXTP36PaR9wM2Xq

#FrugalTree #Deals #Sale #Amazon #Savings #DealAlert #Other",0,0,at://did:plc:ghp7jyzksbjodt7o4733ytve/app.bsky.feed.post/3mrnjxw4zmi23
binder sale,2026-07-26T12:49:45.473Z,uspokemoncards.bsky.social,Ad: For Sale - Pokemon TCG SV8.5 Prismatic Evolutions Binder Collection Box Factory Sealed #Pokemon #TCG #TradingCards,0,0,at://did:plc:4cg2azcvnuvo4puhejvolmjt/app.bsky.feed.post/3mrkg76ike52e
binder sale,2026-07-25T07:28:52.568Z,uspokemoncards.bsky.social,Ad: For Sale - Pokémon TCG We're Goomy Zip Binder Pokemon Center Exclusive Sealed #Pokemon #PokémonTCG #TradingCards,0,0,at://did:plc:4cg2azcvnuvo4puhejvolmjt/app.bsky.feed.post/3mrhdsi2fov2e
binder sale,2026-07-24T23:29:00.775Z,ukpokemoncards.bsky.social,Ad: For Sale - Black Bolt & White Flare Binder Collections (Set Of 2) - NEW & SEALED✅️ Pokemon #Pokemon #CardCollection #BlackBolt,0,0,at://did:plc:ykwk3u4vlwyr7w4h7p6ysfir/app.bsky.feed.post/3mrgiyfv6fk2g
binder sale,2026-07-24T17:55:03.876Z,uspokemoncards.bsky.social,Ad: For Sale - Pokemon Lightning-Power Box 14 Foils 1 Ultra-Rare 1 Mini-Binder Factory Sealed #Pokemon #TradingCards #Collectibles,0,0,at://did:plc:4cg2azcvnuvo4puhejvolmjt/app.bsky.feed.post/3mrfwd7z3pn2n
binder sale,2026-07-24T16:52:10.971Z,byteseu.bsky.social,"Kristoff N49 Goes on Sale in Canada

https://www.byteseu.com/2224356/

This week, Canadian retailers are getting a brand-new Kristoff. The Kristoff N49 is the company’s new Canadian exclusive. It’s a 5 x 50 robusto with an Ecuadorian HVA wrapper over a Sumatra-seed binder from an undisclosed …",0,0,at://did:plc:5zww7zorx2ajw7hqrhuix3ba/app.bsky.feed.post/3mrfsssecmb2y
binder sale,2026-07-24T02:36:52.376Z,gubaguy.bsky.social,"I started re-scanning my MTG cards for sale. Here is just my shocklands from one binder, doesn't include lands in decks or unsorted:",2,0,at://did:plc:jjzm7wwlomfijrdb654eev3t/app.bsky.feed.post/3mreczeqfyc2b
binder sale,2026-07-22T22:06:19.764Z,uspokemoncards.bsky.social,Ad: For Sale - RARE Pokémon Neo Premium File 2 Binder Japanese Umbreon Espeon Eevee—SEALED #Pokemon #RareFinds #Collectibles,0,0,at://did:plc:4cg2azcvnuvo4puhejvolmjt/app.bsky.feed.post/3mrbdgpr3sa2u
binder sale,2026-07-22T05:25:27.266Z,uspokemoncards.bsky.social,Ad: For Sale - Rare Scorching Charizard Premium Binder Pokemon Centre Exclusive - Sealed #Charizard #Pokemon #Collectibles,0,0,at://did:plc:4cg2azcvnuvo4puhejvolmjt/app.bsky.feed.post/3mr7lizafnd2u
binder sale,2026-07-21T01:25:50.565Z,uspokemoncards.bsky.social,Ad: For Sale - Pokemon TCG Scarlet & Violet White Flare Binder Collection Box NEW SEALED #PokemonTCG #ScarletAndViolet #BinderCollection,0,0,at://did:plc:4cg2azcvnuvo4puhejvolmjt/app.bsky.feed.post/3mr4nnmwrip2w
binder sale,2026-07-21T00:47:00.666Z,thedarkenedelf.bsky.social,"Sabo prep:
We've been asked if we have things for sale, so I did a handful of instaxs 

I plan to make a portfolio with full prints for looking(""cool things we've worn""type thing)

🤔are there other mini prints you'd be more interested in? Or just use these as examples but have the binder as options?",2,0,at://did:plc:5vgdj5q7upykfi6kn6see7uv/app.bsky.feed.post/3mr4lgwcd6c2h
binder sale,2026-07-17T20:24:35.678Z,fmuttyan.bsky.social,"🛒 Premium 9 Pocket Card Binder for 540 Cards, …
💰 $18.99 (5% OFF, $1.00 saved)

https://muttyan.com/deal_us/B0D2K6JXGP",0,0,at://did:plc:xkrq5gmhiqzx63wqyach3va6/app.bsky.feed.post/3mqulg6pa6w2t
binder sale,2026-07-17T00:05:12.576Z,uspokemoncards.bsky.social,Ad: For Sale - Pokemon TCG Chaos Rising SEALED BoosterBundle(6 packs); with FREE 60 card binder #PokemonTCG #PokemonCards #TradingCardGame,1,0,at://did:plc:4cg2azcvnuvo4puhejvolmjt/app.bsky.feed.post/3mqshbrcmhy25
binder sale,2026-07-14T05:04:22.765Z,ukpokemoncards.bsky.social,Ad: For Sale - Pokemon TCG: Scarlet & Violet 10.5 White Flare Binder Collection Box NEW/SEALED #Pokemon #TCG #ScarletAndViolet,1,0,at://did:plc:ykwk3u4vlwyr7w4h7p6ysfir/app.bsky.feed.post/3mqlglxhmn32n
binder sale,2026-07-12T17:18:54.571Z,zibe.bsky.social,I'm working on a custom painted binder for my nephew and found some cards to put in it at a yard sale! Rayquaza is his fav 😌,25,1,at://did:plc:pqb4sqj5pcy3uyzvc6dlordr/app.bsky.feed.post/3mqhooyx2vc2a
binder sale,2026-07-11T16:44:14.078Z,ukpokemoncards.bsky.social,Ad: For Sale - Bulbasaur 9 Pocket Portfolio Binder. Top loading Brand New Sealed #Bulbasaur #Pokemon #eBayDeals,0,0,at://did:plc:ykwk3u4vlwyr7w4h7p6ysfir/app.bsky.feed.post/3mqf4cn7vt22o
binder sale,2026-07-10T11:39:38.474Z,uspokemoncards.bsky.social,Ad: For Sale - In UK ✅ Pokemon Chinese CSV9.5 Terastal Gathering Binder Gift Box Sealed-Leafeon #Pokemon #Leafeon #eBay,0,0,at://did:plc:4cg2azcvnuvo4puhejvolmjt/app.bsky.feed.post/3mqc2t2p7s42k
binder sale,2026-07-10T07:02:23.069Z,jul-miv-vera.bsky.social,"Pedí un binder hace unos días... Al fin, AL FIN, se está moviendo ese paquete, dicen k pronto estará en mi casa(veremos si es verdad)

Estoy un poco muy nervioso?) por si algo sale mal, por si al final quién sabe k por temas de mi salud no pueda usarlo o algo así o no funcione, uuhgg, pero, veremos",0,0,at://did:plc:5xh2g7bekc4pdiln5bjvl4hh/app.bsky.feed.post/3mqbldbd2wk27
binder sale,2026-07-09T16:01:38.840Z,frugaltree.net,"🔥 Avery Standard View 3 Ring Binder, 1"" Round Rings, 175-Sheet Capacity, 1.4 Inch …

✅ 45% OFF — Now $2.99 (was $5.40)
💰 You save $2.41!


👉 https://frugaltree.net/deal/avery-standard-view-3-ring-binder-1-round-rings-175shee-vsviix

#FrugalTree #Deals #Sale #Amazon #Savings #DealAlert #AmazonDeals",0,0,at://did:plc:ghp7jyzksbjodt7o4733ytve/app.bsky.feed.post/3mq7yynfbz326
binder sale,2026-07-08T19:40:34.828Z,frugalfinds.bsky.social,"🔥 Avery Standard View 3 Ring Binder, 1"" Round Rings,
✅ 45% OFF — $2.99 (was $5.40)
🛒 https://frugaltree.net/go?s=amazon&u=https%3A%2F%2Fwww.amazon.com%2Fdp%2FB00006B8KL%3Ftag%3Dedwannynivar-20
#AmazonDeals #ad #Deals #Sale #Amazon #Savings #DealAlert",0,0,at://did:plc:2ekiuyc7f2fyrykz4kdyjxav/app.bsky.feed.post/3mq5ur7imkr2x
binder sale,2026-07-08T01:36:39.535Z,uspokemoncards.bsky.social,Ad: For Sale - Pokemon Mini Album Set Korean Pikachu 40 Card binder Sealed with 2 packs inside #Pokemon #Pikachu #TradingCards,0,0,at://did:plc:4cg2azcvnuvo4puhejvolmjt/app.bsky.feed.post/3mq3y6ywilp27
binder sale,2026-07-07T00:59:39.319Z,tatooineunited.bsky.social,"Sound Ideas has their 50% off sale going on right now. 

I remember having to look up the sounds in a binder then dig through their CDs to pull sound fx during my internship at Soundelux. 

Some things weren’t better in the old days. 😂

sound-ideas.com",9,0,at://did:plc:kcvew2ktpfiulibfakl5lrug/app.bsky.feed.post/3mpzfnwhsr22i
binder sale,2026-07-06T01:17:39.029Z,ukpokemoncards.bsky.social,Ad: For Sale - Pokemon Tcg Black Bolt Binder Collection New & Sealed Box Set Htf #Pokemon #PokemonTCG #CardGame,1,0,at://did:plc:ykwk3u4vlwyr7w4h7p6ysfir/app.bsky.feed.post/3mpww76emwh2l
binder sale,2026-07-05T17:34:20.320Z,uspokemoncards.bsky.social,Ad: For Sale - Pokémon TCG Scarlet & Violet Black Bolt Binder Collection Box Factory Sealed #Pokemon #PokémonTCG #ScarletAndViolet,1,0,at://did:plc:4cg2azcvnuvo4puhejvolmjt/app.bsky.feed.post/3mpw4cphrc32e
binder sale,2026-07-04T10:53:15.524Z,tolleyplays.standingintheodds.com,"Looking for a new binder for your One Piece or Pokémon collection? WELL GOOD NEWS! IdaXpida has got you covered!

Stand out from the crowd of generic binders with THESE custom hand painted Zoro wanted poster binder, or this Hangry Morpeko binder!

7 Day 20% off sale! - www.etsy.com/shop/wonderv...",1,1,at://did:plc:45umuifvjo35kglmapvbfytp/app.bsky.feed.post/3mpsvgetwak2m
binder sale,2026-07-02T22:09:20.926Z,ukpokemoncards.bsky.social,Ad: For Sale - Pokemon TCG New Set White Flare Binder Collection - New & Sealed Ready to Ship! #Pokemon #PokémonTCG #CardCollection,2,0,at://did:plc:ykwk3u4vlwyr7w4h7p6ysfir/app.bsky.feed.post/3mpp2bpcelz2f
binder sale,2026-07-02T20:16:38.425Z,uspokemoncards.bsky.social,Ad: For Sale - Brand New Pokemon Center Exclusive TCG We’re Goomy Zip Binder 2026 Sealed #Pokemon #TCG #Goomy,0,0,at://did:plc:4cg2azcvnuvo4puhejvolmjt/app.bsky.feed.post/3mpoty63r5v2c
binder sale,2026-07-02T18:42:16.334Z,uspokemoncards.bsky.social,Ad: For Sale - Pokemon Phantasmal Flames Mini Portfolio Sealed Card Binder Collectible Booster #Pokemon #TradingCards #Collectibles,0,0,at://did:plc:4cg2azcvnuvo4puhejvolmjt/app.bsky.feed.post/3mpoopg7nrn2h
binder sale,2026-07-02T14:12:16.823Z,uspokemoncards.bsky.social,Ad: For Sale - Pokemon Black Bolt Binder Collection - SV: Black Bolt - NEW/Sealed #Pokemon #PokemonTCG #BlackBolt,0,0,at://did:plc:4cg2azcvnuvo4puhejvolmjt/app.bsky.feed.post/3mpo7mn2gwc2z
binder sale,2026-07-02T08:48:15.826Z,uspokemoncards.bsky.social,Ad: For Sale - Pokemon TCG: Pokémon Center Soda Pop Zip Binder 360 Card Capacity - New & Sealed #PokemonTCG #PokemonCenter #SodaPop,1,0,at://did:plc:4cg2azcvnuvo4puhejvolmjt/app.bsky.feed.post/3mpnnjav3z22b
binder sale,2026-06-30T16:25:44.818Z,frugaltree.net,"🔥 KastKing Signature Lure Bag Utility Binder Tackle Bag - Fishing Gear, Self-Heali…

✅ 24% OFF — Now $30.39 (was $39.81)
💰 You save $9.42!


👉 https://frugaltree.net/deal/kastking-signature-lure-bag-utility-binder-tackle-bag-f-novixh

#FrugalTree #Deals #Sale #Amazon #Savings #DealAlert #AmazonDeals",0,0,at://did:plc:ghp7jyzksbjodt7o4733ytve/app.bsky.feed.post/3mpjg5hb6nl2i
binder sale,2026-06-30T15:41:17.826Z,ukpokemoncards.bsky.social,Ad: For Sale - Pokemon TCG: White Flare Binder Collection | Brand New & Sealed #PokemonTCG #PokemonCards #TradingCards,0,0,at://did:plc:ykwk3u4vlwyr7w4h7p6ysfir/app.bsky.feed.post/3mpjdnxrny526
binder sale,2026-06-30T13:44:03.521Z,cinquinho.bsky.social,we should see if grandma's binder is for sale. could be a good educational tool for you to remember some guys,1,0,at://did:plc:a5bfs3hwb35ipz3nckorox76/app.bsky.feed.post/3mpj54b7d722c
binder sale,2026-06-29T23:15:22.021Z,frugalfinds.bsky.social,"🔥 KastKing Signature Lure Bag Utility Binder Tackle 
✅ 24% OFF — $30.39 (was $39.81)
🛒 https://frugaltree.net/go?s=amazon&u=https%3A%2F%2Fwww.amazon.com%2Fdp%2FB07F2JF9K7%3Ftag%3Dedwannynivar-20
#AmazonDeals #ad #Deals #Sale #Amazon #Savings #DealAlert",0,0,at://did:plc:2ekiuyc7f2fyrykz4kdyjxav/app.bsky.feed.post/3mphmkyixas2y
binder sale,2026-06-29T21:47:16.527Z,fairyelf.eurosky.social,"Yo hoy yendo en shorts, sin binder y con barba 👍👍👍👍

Lo mejor eran los TÍOS hasta girando la puta cara mientras caminaban delante mía.

Me la sudáis todos, tengo calor y no me sale de la cona ponerme embutido y con pantalones largos.",5,1,at://did:plc:wyxsxg56v2qoa2vu6xflyw74/app.bsky.feed.post/3mphhnhxidk2d
binder sale,2026-06-29T08:49:22.063Z,uspokemoncards.bsky.social,Ad: For Sale - Sealed Prismatic Evolutions Binder Collection Box - Pokemon - Scarlet & Violet #Pokemon #PokemonCards #ScarletAndViolet,0,0,at://did:plc:4cg2azcvnuvo4puhejvolmjt/app.bsky.feed.post/3mpg46hlouk26
binder sale,2026-06-29T02:20:16.662Z,ukpokemoncards.bsky.social,Ad: For Sale - Pokemon TCG S&V - White Flare Binder Collection Box 5 Packs BRAND NEW & SEALED ✅ #Pokemon #TCG #TradingCards,1,0,at://did:plc:ykwk3u4vlwyr7w4h7p6ysfir/app.bsky.feed.post/3mpfggppbab2s
binder sale,2026-06-29T00:47:38.777Z,whiskybiznes.bsky.social,"Oh dang made $140 in our garage sale! Moved a bit of old crap and made some money.

Not bad for being in a farming town.

Even did a trade with my brother .. a dragon head light sconce I've had since I was 13 but never used because no one would help install it for a pokemon TCG binder lol",1,0,at://did:plc:arb4sgqmyemdvcoewonrj77s/app.bsky.feed.post/3mpfbb3s57s2r
binder sale,2026-06-28T10:05:17.764Z,uspokemoncards.bsky.social,Ad: For Sale - Southern Islands Collection Binder Factory Sealed English WOTC Pokémon TCG #Pokemon #WOTC #TCG,2,0,at://did:plc:4cg2azcvnuvo4puhejvolmjt/app.bsky.feed.post/3mpdpxcr3fu2t
binder sale,2026-06-27T20:44:26.374Z,mentalmisplay.bsky.social,Two cube updates and a land for Saruman from Necrosorcery Alters binder sale!,17,0,at://did:plc:bpzewdfx77nsqhud7glowmxs/app.bsky.feed.post/3mpcd77hx2s2i
binder sale,2026-06-26T17:51:41.367Z,ukpokemoncards.bsky.social,Ad: For Sale - Pokemon TCG - Prismatic Evolutions Binder Collection - Brand New & Sealed #PokemonTCG #PrismaticEvolutions #PokemonCards,1,0,at://did:plc:ykwk3u4vlwyr7w4h7p6ysfir/app.bsky.feed.post/3mp7j3h2l3526
binder sale,2026-06-26T03:15:22.165Z,greenbikerguy.bsky.social,"Trust me, I hate every second of it. 
I finally took it apart and pieced it into my binder for sale to get GD05 stuff.",1,0,at://did:plc:7awhplnz5vwwnorf7t5ez7be/app.bsky.feed.post/3mp5y4hhxbs2l
binder sale,2026-06-25T12:36:38.868Z,ukpokemoncards.bsky.social,Ad: For Sale - Pokemon TCG S&V - White Flare Binder Collection Box 5 Packs BRAND NEW & SEALED ✅ #PokemonTCG #PokemonCards #TradingCards,0,0,at://did:plc:ykwk3u4vlwyr7w4h7p6ysfir/app.bsky.feed.post/3mp4gz6qlwa2f
binder sale,2026-06-24T20:40:16.571Z,us-news.bsky.social,"Best Prime Day Pokémon deals 2026: Chaos Rising Elite Trainer Box on sale

https://www.europesays.com/us/890176/

Table of Contents Table of Contents Table of Contents Best Pokémon card deal Pokémon TCG deals Binder deals…#us #news #usnews",1,0,at://did:plc:wrsf35zye5xmlfaje5zyyega/app.bsky.feed.post/3mp2rl2vqbo2y
binder sale,2026-06-24T04:08:42.365Z,uspokemoncards.bsky.social,Ad: For Sale - Pokemon Scarlet And Violet Black Bolt Binder Collection New SEALED Brand New #Pokemon #ScarletAndViolet #TradingCards,0,0,at://did:plc:4cg2azcvnuvo4puhejvolmjt/app.bsky.feed.post/3moz25ymov42t
binder sale,2026-06-23T12:25:18.472Z,uspokemoncards.bsky.social,Ad: For Sale - Pokemon Binder Mega Evolution Ascended Heroes 9 Pocket Portfolio Factory Sealed #Pokemon #PokemonBinder #MegaEvolution,0,0,at://did:plc:4cg2azcvnuvo4puhejvolmjt/app.bsky.feed.post/3moxfh37vkf2q
binder sale,2026-06-23T11:27:48.762Z,neilpolowin.bsky.social,"Good morning! Please, have a context-free comic book panel.",0,0,at://did:plc:7i5tooehcldghuwzvle5gca7/app.bsky.feed.post/3moxca5qmyc2q
binder sale,2026-06-23T04:10:18.566Z,ukpokemoncards.bsky.social,Ad: For Sale - Pokémon TCG: White Flare Binder Collection - New & Sealed #Pokemon #PokemonTCG #TradingCards,0,0,at://did:plc:ykwk3u4vlwyr7w4h7p6ysfir/app.bsky.feed.post/3mowjrw6b3s2r
binder sale,2026-06-22T06:57:19.773Z,uspokemoncards.bsky.social,Ad: For Sale - 2025 Pokémon TCG: S&V Prismatic Evolutions Binder Collection Box Factory Sealed #Pokemon #TCG #TradingCards,0,0,at://did:plc:4cg2azcvnuvo4puhejvolmjt/app.bsky.feed.post/3moucnoa3xr2t
binder sale,2026-06-21T10:01:19.661Z,uspokemoncards.bsky.social,Ad: For Sale - Pokemon Southern Island Sealed Binder English Complete Set #Pokemon #PokemonCards #Collectibles,0,0,at://did:plc:4cg2azcvnuvo4puhejvolmjt/app.bsky.feed.post/3mos4hrke5i2s
binder sale,2026-06-21T03:56:38.964Z,uspokemoncards.bsky.social,Ad: For Sale - Pokémon Pikachu Red Binder 1999 Vintage TCG Album Brand New Factory Sealed #Pokémon #Pikachu #VintageTCG,0,0,at://did:plc:4cg2azcvnuvo4puhejvolmjt/app.bsky.feed.post/3mori3oh2wd2v
binder sale,2026-06-20T17:49:16.166Z,uspokemoncards.bsky.social,Ad: For Sale - Vault X SV10 Destined Rivals 12 Pocket unlimited Binder Pokémon Sealed New #Pokemon #TradingCards #Collectibles,0,0,at://did:plc:4cg2azcvnuvo4puhejvolmjt/app.bsky.feed.post/3moqg5lx2yz2p
binder sale,2026-06-19T22:09:18.962Z,ukcomicsales.bsky.social,Ad: For Sale - Prize Comics #27 Feature Publications 1942 Jack Binder Cover #PrizeComics #ComicBooks #VintageComics,0,0,at://did:plc:lu2rzyiusxscyeif54rv26zj/app.bsky.feed.post/3mooe7o2ioi2t
binder sale,2026-06-19T18:43:41.580Z,ukpokemoncards.bsky.social,Ad: For Sale - Pokémon Center We're Goomy Zip Binder 9-Pocket TCG Card Folder NEW SEALED #Pokémon #PokémonCards #TCG,0,0,at://did:plc:ykwk3u4vlwyr7w4h7p6ysfir/app.bsky.feed.post/3monypxtomg2e
binder sale,2026-06-19T01:33:16.863Z,uspokemoncards.bsky.social,Ad: For Sale - Vault X Anniversary Edition EXO-TEC 9 Pocket Zip Binder 360 Pokemon 151 SEALED #Pokemon #PokemonCards #PokemonCollectibles,0,0,at://did:plc:4cg2azcvnuvo4puhejvolmjt/app.bsky.feed.post/3mom75hvotm23
binder sale,2026-06-18T22:42:19.161Z,ukpokemoncards.bsky.social,Ad: For Sale - Pokemon Lightning Power Box 14 Foils + 1 Ultra-Rare + 1 Mini-Binder NEW Sealed #Pokemon #PokemonCards #TradingCards,0,0,at://did:plc:ykwk3u4vlwyr7w4h7p6ysfir/app.bsky.feed.post/3molvlr5ffp25
binder sale,2026-06-18T05:23:23.569Z,ukpokemoncards.bsky.social,Ad: For Sale - Pokemon Lightning Power Box 14 Foils + 1 Ultra-Rare + 1 Mini-Binder NEW Sealed #Pokemon #PokemonCards #TradingCards,0,0,at://did:plc:ykwk3u4vlwyr7w4h7p6ysfir/app.bsky.feed.post/3mok3jz25wr2x
binder sale,2026-06-17T20:09:18.562Z,ukpokemoncards.bsky.social,Ad: For Sale - Pokémon Prismatic Evolutions Binder Collection New Sealed #Pokemon #PrismaticEvolutions #PokemonCollector,0,0,at://did:plc:ykwk3u4vlwyr7w4h7p6ysfir/app.bsky.feed.post/3moj4lalxxc2u
binder sale,2026-06-14T21:36:36.570Z,cattonarthur.net,"His hair, long. His earrings, sparkly. His height, 5'3"". His binder completely visible under a tank top. Passing to all the grandpas at the garage sale just based on biceps and his ability to accurately price a 1970's Martin parlor guitar.",13,0,at://did:plc:3gx4btoeimzlj5xc22hdwfee/app.bsky.feed.post/3mobq2lzs222o
binder sale,2026-06-14T18:09:18.066Z,ukpokemoncards.bsky.social,Ad: For Sale - Pokémon TCG - Prismatic Evolutions Binder Collection - Brand New & Sealed #Pokémon #PokemonTCG #TradingCardGame,1,0,at://did:plc:ykwk3u4vlwyr7w4h7p6ysfir/app.bsky.feed.post/3mobehveuqq2t
binder sale,2026-06-14T00:11:09.560Z,artmarianne.bsky.social,Bundle sale ! www.teacherspayteachers.com/Product/Bund...,0,0,at://did:plc:6fvoq5s225talfvyrig72mfo/app.bsky.feed.post/3mo7i7z564s23
binder sale,2026-06-12T15:34:09.965Z,nuggetpotat0.bsky.social,"I found my shiny pokemon tin omg 

I’ve been trying to collect shiny pokemon cards to start a shiny binder but the cards are so expensive and that’s literally the only way I can find shiny cards is at card stores (they have the single cards for sale) cause scalpers usually buy up all the packs",3,0,at://did:plc:acdxt3zgarcy2tk57fvofeq5/app.bsky.feed.post/3mo42ughoks2g
binder sale,2026-06-12T02:12:19.571Z,orionstarbeard.bsky.social,"It's been years since I've done this, but a lot of artists have prints for sale at their tables. Binders full of art you'd normall sell in binders. If there's NSFW stuff, keep it in a separate binder and use stickers to cover the  naughty bits, because there may be children there.",2,0,at://did:plc:rqwjgfanzbe6aaupyhm44r34/app.bsky.feed.post/3mo2o2v4d522s
binder sale,2026-06-10T14:18:14.966Z,wyrdlittleguy.bsky.social,I have €95 and i need a new binder so i can wear t shirts in hot weather bc due to my meds im vulnerable to the heat but the one i want thats on sale is €52.50 which is. More than half my money lol,13,15,at://did:plc:ak67tmoph2axlwd44dibjlmr/app.bsky.feed.post/3mnwvp2qdws2l
binder sale,2026-06-10T04:36:37.860Z,uspokemoncards.bsky.social,Ad: For Sale - Pokemon TCG Prismatic Evolutions Binder Collection Box Brand New & Sealed #PokemonTCG #PrismaticEvolutions #PokemonCards,1,0,at://did:plc:4cg2azcvnuvo4puhejvolmjt/app.bsky.feed.post/3mnvv72c2aq2w
binder sale,2026-06-09T23:59:18.069Z,ukpokemoncards.bsky.social,Ad: For Sale - Pokemon TCG: Black Bolt Binder Collection | Brand New & Sealed #PokemonTCG #BlackBoltBinder #Collectibles,1,0,at://did:plc:ykwk3u4vlwyr7w4h7p6ysfir/app.bsky.feed.post/3mnvfp542kq2a
binder sale,2026-06-09T15:18:36.668Z,quartzmedia.bsky.social,"ICYMI: Lavazza is bringing its capsule-free espresso tablets to the U.S. to challenge Keurig: The Italian coffee company's Tablì system uses compressed coffee tabs with no plastic, coating, or binder — and goes on sale in August",0,0,at://did:plc:nasdzbpiyzph2lvcoijyxere/app.bsky.feed.post/3mnuim3k43z2d
binder sale,2026-06-08T16:33:24.960Z,cromerholt.bsky.social,imagining walking into a store and immediately being accosted by an employee asking if youll accept cookies and then another asking for a shipping address and then handing you a binder full of a privacy policy and someone else keeps pointing out items on sale and like im just there to buy a soda,1,0,at://did:plc:hbwwfizkxjaa2jdts7lgeyea/app.bsky.feed.post/3mns4cvzxos2n
binder sale,2026-06-08T16:14:39.371Z,quartzmedia.bsky.social,"Lavazza is bringing its capsule-free espresso tablets to the U.S. to challenge Keurig: The Italian coffee company's Tablì system uses compressed coffee tabs with no plastic, coating, or binder — and goes on sale in August",1,0,at://did:plc:nasdzbpiyzph2lvcoijyxere/app.bsky.feed.post/3mns3bezbo22i
binder sale,2026-06-08T15:17:37.977Z,quartzmedia.bsky.social,"Lavazza is bringing its capsule-free espresso tablets to the U.S. to challenge Keurig: The Italian coffee company's Tablì system uses compressed coffee tabs with no plastic, coating, or binder — and goes on sale in August",0,0,at://did:plc:nasdzbpiyzph2lvcoijyxere/app.bsky.feed.post/3mnry3g75hp26
binder sale,2026-06-07T05:09:19.863Z,ukpokemoncards.bsky.social,Ad: For Sale - Pokemon TCG - Prismatic Evolutions Binder Collection - Brand New & Sealed #Pokemon #TCG #PokemonCards,1,0,at://did:plc:ykwk3u4vlwyr7w4h7p6ysfir/app.bsky.feed.post/3mnofmqrivx22
binder sale,2026-06-06T23:56:27.061Z,floridaintervault.bsky.social,"Delivery day generates a binder. Where does the binder live?.

Aircraft delivery generates a substantial originals binder — bills of sale, type certificates, log starting points, FAA paperwork.

floridaintervault.com",0,0,at://did:plc:74signuer4ixz4ltocxrmfp3/app.bsky.feed.post/3mnnu5bq3oi2h
binder sale,2026-06-06T16:21:19.171Z,ukpokemoncards.bsky.social,Ad: For Sale - Black Vault X Exo Tec Zip Binder 9 Pocket Brand New Sealed - Free Postage #BlackVault #ExoTec #ZipBinder,0,0,at://did:plc:ykwk3u4vlwyr7w4h7p6ysfir/app.bsky.feed.post/3mnn2pgscqo2h
binder sale,2026-06-06T12:04:42.769Z,ukpokemoncards.bsky.social,Ad: For Sale - Pokémon Scarlet & Violet Prismatic Evolutions Binder Collection - NEW & SEALED #Pokemon #PokemonScarlet #PokemonViolet,0,0,at://did:plc:ykwk3u4vlwyr7w4h7p6ysfir/app.bsky.feed.post/3mnmmellm7a2h
binder sale,2026-06-05T11:10:49.470Z,foxnoctom.bsky.social,"Doing yet another binder clear out, will probably have a bulk sale today...

I pick up too many cards...",10,0,at://did:plc:d6edqxvkmhysyspoaqnl5qet/app.bsky.feed.post/3mnjyvdm2rc2k
binder sale,2026-06-05T05:41:20.368Z,ukpokemoncards.bsky.social,Ad: For Sale - Pokemon TCG: Black Bolt Binder Collection | Brand New & Sealed #Pokemon #PokemonTCG #TradingCards,1,0,at://did:plc:ykwk3u4vlwyr7w4h7p6ysfir/app.bsky.feed.post/3mnjgi4sqnd2d
binder sale,2026-06-03T07:24:27.070Z,ukpokemoncards.bsky.social,Ad: For Sale - Pokémon TCG: White Flare Binder Collection - New & Sealed #Pokemon #PokemonTCG #TradingCards,1,0,at://did:plc:ykwk3u4vlwyr7w4h7p6ysfir/app.bsky.feed.post/3mnelcopoe426
binder sale,2026-06-02T19:28:31.865Z,mawbyte.bsky.social,"🌈$15 Pride YCH Sale!🌈
HAPPY PRIDE YALL!! 
I have to save up some $$ for a new binder! So if you'd like to help out a trans guy this pride heres how! 
🌈Any species/HUmanoid
🌈24-48 TAT
🌈Brought back some old favorites
🌈All YCHs are $15
🌈Only Available for a few days
🌈DM/Comment to claim
#furryart",44,43,at://did:plc:jb3pmn6krr4f2yyaoz3akh55/app.bsky.feed.post/3mnddccqllk2x
binder sale,2026-06-02T00:01:39.871Z,uspokemoncards.bsky.social,Ad: For Sale - Lot x4 SEALED - Prismatic Evolutions Binder Collections (20 boosters) Pokémon #Pokemon #PokémonCards #TradingCards,0,0,at://did:plc:4cg2azcvnuvo4puhejvolmjt/app.bsky.feed.post/3mnbc3yts7e2v
binder sale,2026-05-31T22:01:25.465Z,ukpokemoncards.bsky.social,Ad: For Sale - White Flare Binder Collection - Pokemon TCG - New & Sealed #Pokemon #PokemonTCG #TradingCards,1,0,at://did:plc:ykwk3u4vlwyr7w4h7p6ysfir/app.bsky.feed.post/3mn6kw2zmhd22
binder sale,2026-05-31T20:40:20.862Z,ukpokemoncards.bsky.social,Ad: For Sale - Black Bolt Binder Collection - Pokemon TCG - New & Sealed #Pokemon #TCG #BlackBoltBinder,1,0,at://did:plc:ykwk3u4vlwyr7w4h7p6ysfir/app.bsky.feed.post/3mn6gf3nvuu2u
binder sale,2026-05-31T19:20:49.374Z,ccstudios.bsky.social,Hello all! Final hours here at @cardcityexpo by @703Collectors and we just sold our Pikachu binder! We still have 2 binders left for sale! Come on by! #cultureclashstudios #pokemonbinder #pokemonfanart #pokemontcg,1,0,at://did:plc:fjn24eci3tk5oxb736q56kic/app.bsky.feed.post/3mn6bwlirb22l
binder sale,2026-05-31T01:16:25.975Z,wickedlybranded.bsky.social,"𝐌𝐚𝐫𝐤𝐞𝐭𝐢𝐧𝐠 𝐁𝐢𝐧𝐝𝐞𝐫 𝐁𝐨𝐨𝐭𝐜𝐚𝐦𝐩 walks you through how to create and maintain a marketing binder that supports planning.

It is one of the 𝐖𝐢𝐜𝐤𝐞𝐝𝐥𝐲 𝐁𝐫𝐚𝐧𝐝𝐞𝐝 courses on sale right now for 50% off.

https://app.retailbrilliance.com/courses/148",0,0,at://did:plc:7govdvqpbwq4h3tlzukzp3jp/app.bsky.feed.post/3mn4fdtur6j2h
binder sale,2026-05-29T23:28:17.370Z,ukpokemoncards.bsky.social,Ad: For Sale - Vault x 9-pocket Side Loading Zip Binder (360 Cards) SET ONE’ NEW SEALED #eBay #Collectibles #TradingCards,0,0,at://did:plc:ykwk3u4vlwyr7w4h7p6ysfir/app.bsky.feed.post/3mmzotklnoe2s
binder sale,2026-05-29T12:07:39.266Z,uspokemoncards.bsky.social,Ad: For Sale - Pokemon TCG SV8.5 Prismatic Evolutions Binder Collection Box Factory Sealed #PokemonTCG #PrismaticEvolutions #BinderCollection,1,0,at://did:plc:4cg2azcvnuvo4puhejvolmjt/app.bsky.feed.post/3mmyisigqnc2a
binder sale,2026-05-29T07:45:16.867Z,ukpokemoncards.bsky.social,Ad: For Sale - Pokemon TCG: Scarlet & Violet 10.5 White Flare Binder Collection Box New Sealed #Pokemon #TCG #ScarletAndViolet,1,0,at://did:plc:ykwk3u4vlwyr7w4h7p6ysfir/app.bsky.feed.post/3mmy25dbeyc22
binder sale,2026-05-29T03:04:08.563Z,pepperquinn.bsky.social,"Thank you guys so much for the support!! 

I got enough to get some groceries, however Im still going to leave this up so I can go get my ears checked at the doctor (I fear I may have an ear infection again) and save up for another binder thats currently on sale!",7,5,at://did:plc:lkkdzqzfqsoakhkbbwvaqoig/app.bsky.feed.post/3mmxkgmj2js2t
binder sale,2026-05-28T14:15:37.974Z,beverlyannemichel.bsky.social,"I have an xl chest binder that no longer fits anyone here and I would love for it to go to a good home!! 

Not asking for much just pay what you can! 

It’s is a white underworks binder! A few years old but in good condition.

#lgbtq #trans",6,5,at://did:plc:2x5j36xj5a6vakq66jwfoao6/app.bsky.feed.post/3mmw7i366as27
binder sale,2026-05-28T14:06:26.162Z,uspokemoncards.bsky.social,Ad: For Sale - Pokemon TCG Vaporeon Advanced theme 480 slots Card Sealed Binder Sleeve #Pokemon #TCG #Vaporeon,0,0,at://did:plc:4cg2azcvnuvo4puhejvolmjt/app.bsky.feed.post/3mmw6xxk44u2h
binder sale,2026-05-27T10:30:24.162Z,stocktitan.net,"#NNDM Nano Dimension Announces Sale of MarkForged, Inc. to Stratasys

https://www.stocktitan.net/news/NNDM/nano-dimension-announces-sale-of-mark-forged-inc-to-eczaknbz07kj.html",0,0,at://did:plc:ffhfzwr3igtwt4y7zdompvjv/app.bsky.feed.post/3mmtcgqycy62m
binder sale,2026-05-26T12:09:12.162Z,sodabottles.bsky.social,brother's friend did a ptcg binder sale and i was able to bypass shipping because he comes over often anywayze 💥,1,0,at://did:plc:lchhwlirbxnfaneyinpooxld/app.bsky.feed.post/3mmqxijsptk2a
binder sale,2026-05-26T01:24:38.862Z,uspokemoncards.bsky.social,Ad: For Sale - Pokémon Black Bolt and White Flare Binder Collections. Brand new. Factory sealed #Pokemon #PokémonCards #CollectibleCards,0,0,at://did:plc:4cg2azcvnuvo4puhejvolmjt/app.bsky.feed.post/3mmpthwy6h62q
binder sale,2026-05-25T20:29:17.564Z,uspokemoncards.bsky.social,Ad: For Sale - New Sealed Pokemon Lightning Power Box 1 Ultra Rare 14 Foils 1 Mini Binder #Pokemon #TradingCards #Collectibles,0,0,at://did:plc:4cg2azcvnuvo4puhejvolmjt/app.bsky.feed.post/3mmpcxss5ze24
binder sale,2026-05-23T18:33:35.363Z,mtgcritical.bsky.social,Sale is still going! Help me clear this binder out!,4,2,at://did:plc:5jdgh6p2pecucbhg4xbcdjth/app.bsky.feed.post/3mmk3l3jwn225
binder sale,2026-05-22T17:11:28.967Z,mtgcritical.bsky.social,"In celebration of my kiddo officially graduating middle school today(dear god where the fuck did the time go), I'm starting the sale early!

Every alter pictures is $25! Help me clear out my binder! 

Price includes shipping, payments are made via PayPal, DM to claim! #artsale #prouddad 1/2",63,26,at://did:plc:5jdgh6p2pecucbhg4xbcdjth/app.bsky.feed.post/3mmhgij5jgs2h
binder sale,2026-05-22T04:50:39.465Z,uspokemoncards.bsky.social,"Ad: For Sale - Pokémon Black Bolt Lot Etb,Poster Collection & Binder Collection New Sealed #Pokemon #PokemonCards #PokémonBlackBolt",0,0,at://did:plc:4cg2azcvnuvo4puhejvolmjt/app.bsky.feed.post/3mmg54mzvms2q
binder sale,2026-05-21T21:13:16.462Z,uspokemoncards.bsky.social,Ad: For Sale - Pokémon TCG: Scarlet & Violet 151 Binder Collection 4x Packs New Factory Sealed #Pokemon #TCG #ScarletAndViolet,1,0,at://did:plc:4cg2azcvnuvo4puhejvolmjt/app.bsky.feed.post/3mmfdkrdzxj2s
binder sale,2026-05-21T15:08:40.161Z,ukpokemoncards.bsky.social,Ad: For Sale - Pokemon TCG: Scarlet & Violet Prismatic Evolutions Binder Collection New Sealed! #PokemonTCG #ScarletAndViolet #PrismaticEvolutions,1,0,at://did:plc:ykwk3u4vlwyr7w4h7p6ysfir/app.bsky.feed.post/3mmep6skcau23
binder sale,2026-05-21T14:40:12.362Z,rudeasheck.bsky.social,lunch time pulls. all for trade/sale. i will bring my swaps binder to mcm for anyone interested.,0,1,at://did:plc:f42hjiney4tgtfkbikxej2ft/app.bsky.feed.post/3mmenlniduc2a
binder sale,2026-05-20T19:26:15.870Z,uscomicsales.bsky.social,Ad: For Sale - DC Comics Supergirl Archives Vol 1 HC Graphic Novel #1 1st Print 2000 Binder #DCComics #Supergirl #GraphicNovel,0,0,at://did:plc:b6mjq6ipt3sq3xbno5hpsdj3/app.bsky.feed.post/3mmcn4iefro25
binder sale,2026-05-20T03:43:12.362Z,frugaltree.net,"🔥 Officemate Small Binder Clips, Black, 12 Boxes of 1 Dozen Each (144 Total) (9902…

✅ 64% OFF — Now $6.83 (was $18.99)
💰 Save $12.16!


👉 https://frugaltree.net/deal/n7wvbn8J1uNNl44L5lhp

#FrugalTree #Deals #Sale #Savings #DealAlert",0,0,at://did:plc:ghp7jyzksbjodt7o4733ytve/app.bsky.feed.post/3mmayg6navp2g
binder sale,2026-05-19T19:13:24.667Z,byteseu.bsky.social,"CLE Exclusivo Regionales Austria Goes on Sale

https://www.byteseu.com/2035259/

CLE’s latest country-specific cigar has gone on sale. The CLE Exclusivo Regionales Austria is a 5 x 60 short gordo that uses a criollo-seed wrapper over a Honduran binder and fillers from Colombia and Honduras. The …",0,0,at://did:plc:5zww7zorx2ajw7hqrhuix3ba/app.bsky.feed.post/3mma3wm7a3n2b
binder sale,2026-05-19T00:56:38.368Z,ukpokemoncards.bsky.social,Ad: For Sale - Prismatic Evolutions And Black Bolt Binder Collections Brand New Sealed #Pokemon #TCG #CardCollection,0,0,at://did:plc:ykwk3u4vlwyr7w4h7p6ysfir/app.bsky.feed.post/3mm66ng4df623
binder sale,2026-05-18T19:21:23.763Z,ukpokemoncards.bsky.social,Ad: For Sale - Pokemon TCG: Black Bolt Binder Collection – Brand New / Sealed #PokemonTCG #PokemonCards #TradingCards,0,0,at://did:plc:ykwk3u4vlwyr7w4h7p6ysfir/app.bsky.feed.post/3mm5lvx4fyq2y
binder sale,2026-05-18T11:46:37.371Z,uspokemoncards.bsky.social,Ad: For Sale - Lot 7 Brand New Sealed Pokemon 25th Anniversary First Partner Collectors Binder #Pokemon #PokemonCard #Collectibles,0,0,at://did:plc:4cg2azcvnuvo4puhejvolmjt/app.bsky.feed.post/3mm4sir4vq32s
binder sale,2026-05-15T15:55:35.063Z,bigtransfatdog.bsky.social,"when i was a child my grandma got me a binder of pokemon cards from a yard sale. i was too scared i would damage/loose them at school, so my preferred way to play with them was to cover every surface of the house with the cards and spend hours organizing them back into the binder",6,0,at://did:plc:aoqmlxiae55hvssag6namsyw/app.bsky.feed.post/3mlvoz5wfwc2e
binder sale,2026-05-14T16:30:18.463Z,alexisrjimenez.bsky.social,"Svedka’s senior brand director on the vodka’s future-forward marketing

The brand has ramped up marketing after its sale to Sazerac last year, including through a controversial Super Bowl debut focused on the Fembot.

www.marketingdive.com/news/svedkas...

#DigitalMarketing",2,0,at://did:plc:j45t2elmrqmann2mkwwewkvh/app.bsky.feed.post/3mltaidop262o
binder sale,2026-05-12T08:47:37.266Z,uspokemoncards.bsky.social,Ad: For Sale - Pokémon TCG Scarlet & Violet Prismatic Evolutions Binder Collection! New Sealed! #Pokemon #TCG #ScarletAndViolet,1,0,at://did:plc:4cg2azcvnuvo4puhejvolmjt/app.bsky.feed.post/3mlnfp5q2qa2c
binder sale,2026-05-11T04:43:39.367Z,uspokemoncards.bsky.social,Ad: For Sale - Pokémon Sam’s Club White Flare Binder & Unova Poster Collection Sealed #Pokemon #PokémonCards #CollectorsItem,0,0,at://did:plc:4cg2azcvnuvo4puhejvolmjt/app.bsky.feed.post/3mlkhlylk3p2i
binder sale,2026-05-11T02:29:19.160Z,uspokemoncards.bsky.social,Ad: For Sale - Pokémon Sam’s Club Black Bolt Binder & Unova Poster Collection Sealed #Pokemon #SamsClub #Collectibles,0,0,at://did:plc:4cg2azcvnuvo4puhejvolmjt/app.bsky.feed.post/3mlka3rksog2c
binder sale,2026-05-10T21:39:17.665Z,maeveynot.online,thinking about the sense of disappointment i felt yesterday when the binder at the yard sale was too small,2,0,at://did:plc:buauewuqjtzyritkh5rmm2oq/app.bsky.feed.post/3mljpv6a4rs2p
binder sale,2026-05-09T23:49:40.368Z,ukpokemoncards.bsky.social,Ad: For Sale - Pokémon TCG - Prismatic Evolutions Binder Collection | New + Sealed #PokemonTCG #PrismaticEvolutions #CardCollecting,1,0,at://did:plc:ykwk3u4vlwyr7w4h7p6ysfir/app.bsky.feed.post/3mlhgpf2l7x2j
binder sale,2026-05-09T17:30:15.861Z,uspokemoncards.bsky.social,"Ad: For Sale - Pokémon TCG: Scarlet & Violet-White Flare Binder Collection, Brand New, Sealed #Pokemon #PokemonTCG #ScarletAndViolet",1,0,at://did:plc:4cg2azcvnuvo4puhejvolmjt/app.bsky.feed.post/3mlgrix42tr2a
binder sale,2026-05-09T15:42:51.570Z,epsteinweb.bsky.social,"EFTA01106253.jpg
#epsteinweb #efta01106253
https://epsteinweb.org
Available in the iOS app store now!
https://apps.apple.com/us/app/epstein-web/id6758880661",0,0,at://did:plc:ndjyym3ihrqu3g25gdztefrv/app.bsky.feed.post/3mlglivepb62w
binder sale,2026-05-09T15:41:11.273Z,epsteinweb.bsky.social,"EFTA01106217.jpg
#epsteinweb #efta01106217
https://epsteinweb.org
Available in the iOS app store now!
https://apps.apple.com/us/app/epstein-web/id6758880661",0,0,at://did:plc:ndjyym3ihrqu3g25gdztefrv/app.bsky.feed.post/3mlglfvpm5v2c
binder sale,2026-05-08T18:22:38.262Z,ukpokemoncards.bsky.social,Ad: For Sale - Pokémon TCG: Scarlet & Violet White Flare Binder Collection - New & Sealed #PokemonTCG #ScarletAndViolet #PokemonCards,1,0,at://did:plc:ykwk3u4vlwyr7w4h7p6ysfir/app.bsky.feed.post/3mledxoj35j2n
binder sale,2026-05-07T22:38:16.874Z,uspokemoncards.bsky.social,Ad: For Sale - Pokemon TCG White Flare Binder Collection - Sealed #PokemonTCG #PokemonCards #CardGames,1,0,at://did:plc:4cg2azcvnuvo4puhejvolmjt/app.bsky.feed.post/3mlcbrv73n22a
binder sale,2026-05-07T21:44:37.763Z,uspokemoncards.bsky.social,Ad: For Sale - Pokemon Black Bolt Binder Collection - SV: Black Bolt - NEW/Sealed #Pokemon #PokemonCards #Collectibles,0,0,at://did:plc:4cg2azcvnuvo4puhejvolmjt/app.bsky.feed.post/3mlc6rx5cev2u
binder sale,2026-05-07T09:50:16.660Z,uspokemoncards.bsky.social,Ad: For Sale - Pokémon Center Binder Lot – Card Album + Sleeves + Accessories Bundle NEW Sealed #Pokemon #PokémonCenter #TradingCards,1,0,at://did:plc:4cg2azcvnuvo4puhejvolmjt/app.bsky.feed.post/3mlawulgtqt2h
binder sale,2026-05-06T14:46:40.572Z,ukpokemoncards.bsky.social,Ad: For Sale - New & Sealed Ultra Pro Destined Rivals Pokemon 4-Pocket Album Binder Folder #Pokemon #TradingCards #PokémonCollectibles,0,0,at://did:plc:ykwk3u4vlwyr7w4h7p6ysfir/app.bsky.feed.post/3ml6wxnu3dw2c
binder sale,2026-05-06T00:48:37.168Z,rehabkyle.bsky.social,i got a whole binder of CDs from a yard sale for $3 because my latest car came with only a CD player and i didn't upgrade the head unit until last year. for like 2 years i cruised around listening exclusively to boomer rock cds,3,0,at://did:plc:s7knkj7ri7wxipndq3l3gphs/app.bsky.feed.post/3ml5i55cbbc2y
binder sale,2026-05-05T10:50:35.260Z,agosto3rd.bsky.social,"Un Binder es un chaleco/camiseta compresora de pecho. En la ""top surgery"" (en español es larguísimo y nunca me sale bien el nombre técnico jaja) se utiliza uno tras la misma y tenía que venir a que midieran/me dieran el mío. Gracias!!",3,0,at://did:plc:oeuyiywcaluftb2szof7uo4l/app.bsky.feed.post/3ml3zcmd2lk2z
binder sale,2026-05-04T13:47:46.262Z,timwilson-uk.bsky.social,"If you collect stamps, here's why you should go to carboot sales.  My wife returned today from Seaham Carboot sale with all this for £20.  The blue binder on the right is also full of stamps.  I'm going to be busy for weeks with this lot! #stampoftheday #stampcollecting #philately #stamps #postage",11,2,at://did:plc:krsevdc2qfbdkr6zq2xn4huj/app.bsky.feed.post/3mkzspkg77k2e
binder sale,2026-05-03T22:56:16.264Z,ukpokemoncards.bsky.social,Ad: For Sale - Pokemon Center Celestial Espeon Umbreon Premium Binder New Sealed #Pokemon #Espeon #Umbreon,0,0,at://did:plc:ykwk3u4vlwyr7w4h7p6ysfir/app.bsky.feed.post/3mkyawef5ol2j
binder sale,2026-05-03T18:15:38.370Z,uspokemoncards.bsky.social,Ad: For Sale - Pokémon 25Th Anniversary Celebrations Sealed Mini Pocket Size Binder Portfolio #Pokemon #PokemonAnniversary #PokemonCollectibles,0,0,at://did:plc:4cg2azcvnuvo4puhejvolmjt/app.bsky.feed.post/3mkxraksv3u2g
binder sale,2026-05-03T16:43:51.689Z,blazingcharizard.bsky.social,I have so many Pokemon cards that are duplicates for sale that I set up a binder for a good amount of them that holds about 400 or more total cards in it! I'm also going through my sports cards as well too! That way I might have a lot of those for sale as well too at the garage sale!,0,0,at://did:plc:neudybzkmvprgmbtyma2im7b/app.bsky.feed.post/3mkxm4ienh22f
binder sale,2026-05-02T19:51:49.867Z,sakokii.bsky.social,"( re-post/share 💗 appreciated )
my handpainted tcg binders are available for sale now!! i hope they can all find homes 🥺💕 each binder comes with 2 free pokemon stickers

sakokii.bigcartel.com/category/pai...",65,30,at://did:plc:ucwva5h6z3exznj475wuohxc/app.bsky.feed.post/3mkvg5knloc2r
binder sale,2026-05-02T14:43:16.563Z,uspokemoncards.bsky.social,Ad: For Sale - Pokémon Celebrations First Partner Packs/Binder - New / x4 new sealed mint cond #Pokemon #TradingCards #Collectibles,0,0,at://did:plc:4cg2azcvnuvo4puhejvolmjt/app.bsky.feed.post/3mkuuvvquyg2u
binder sale,2026-05-02T13:49:14.567Z,uspokemoncards.bsky.social,Ad: For Sale - Pokemon TCG: SV10.5 White Flare Binder Collection Sealed #PokemonTCG #PokemonCards #TradingCards,1,0,at://did:plc:4cg2azcvnuvo4puhejvolmjt/app.bsky.feed.post/3mkurvbsjpv2q
binder sale,2026-04-30T22:19:06.977Z,geekelite.geekerific.com,"I haven't played a game of Magic: The Gathering in at least 20 years, and yet last night I dreamt I was going through a binder at a garage sale and found an Alpha Mox Jet in serviceable shape for $5.00.",1,0,at://did:plc:ov2uxf5vmrpqzo3mmrtymr3y/app.bsky.feed.post/3mkqnh6dcak25
binder sale,2026-04-29T17:31:06.780Z,epsteinweb.bsky.social,"EFTA00393599.jpg
#epsteinweb #efta00393599
https://epsteinweb.org
Available in the iOS app store now!
https://apps.apple.com/us/app/epstein-web/id6758880661",0,0,at://did:plc:ndjyym3ihrqu3g25gdztefrv/app.bsky.feed.post/3mknmvakqk62c
binder sale,2026-04-27T16:39:20.148Z,uspokemoncards.bsky.social,Ad: For Sale - Pokemon TCG S-Chinese 2024 CSEC Mewtwo V-Union Gift Box Sealed New with Binder #宝可梦 #PokémonTCG #新卡牌,1,0,at://did:plc:4cg2azcvnuvo4puhejvolmjt/app.bsky.feed.post/3mkij2tfrqs2i
binder sale,2026-04-27T05:25:17.248Z,uspokemoncards.bsky.social,Ad: For Sale - Pokémon TCG We're Goomy Zip Binder Pokemon Center Exclusive Sealed #Pokemon #PokémonTCG #Goomy,0,0,at://did:plc:4cg2azcvnuvo4puhejvolmjt/app.bsky.feed.post/3mkhdfk34hj2h
binder sale,2026-04-26T22:55:35.849Z,epsteinweb.bsky.social,"Parts 1-3/3 — EFTA00305921.jpg
#epsteinweb #efta00305921
https://epsteinweb.org
Available in the iOS app store now!
https://apps.apple.com/us/app/epstein-web/id6758880661",0,0,at://did:plc:ndjyym3ihrqu3g25gdztefrv/app.bsky.feed.post/3mkgnmpm6n62k
binder sale,2026-04-26T19:47:37.949Z,uspokemoncards.bsky.social,Ad: For Sale - Pokémon Sam’s Club White Flare Binder Collection & Unova Poster Collection Seal #Pokemon #PokémonCards #CollectorsItem,0,0,at://did:plc:4cg2azcvnuvo4puhejvolmjt/app.bsky.feed.post/3mkgd4mc7562i
binder sale,2026-04-26T18:34:17.251Z,epsteinweb.bsky.social,"EFTA00300500.jpg
#epsteinweb #efta00300500
https://epsteinweb.org
Available in the iOS app store now!
https://apps.apple.com/us/app/epstein-web/id6758880661",0,0,at://did:plc:ndjyym3ihrqu3g25gdztefrv/app.bsky.feed.post/3mkg6zhnbau2x
binder sale,2026-04-26T18:08:32.147Z,epsteinweb.bsky.social,"EFTA00299945.jpg
#epsteinweb #efta00299945
https://epsteinweb.org
Available in the iOS app store now!
https://apps.apple.com/us/app/epstein-web/id6758880661",0,0,at://did:plc:ndjyym3ihrqu3g25gdztefrv/app.bsky.feed.post/3mkg5lg5qlb2a
binder sale,2026-04-26T18:05:37.748Z,epsteinweb.bsky.social,"EFTA00299879.jpg
#epsteinweb #efta00299879
https://epsteinweb.org
Available in the iOS app store now!
https://apps.apple.com/us/app/epstein-web/id6758880661",0,0,at://did:plc:ndjyym3ihrqu3g25gdztefrv/app.bsky.feed.post/3mkg5g7s64r2x
binder sale,2026-04-26T16:38:37.451Z,epsteinweb.bsky.social,"EFTA00298043.jpg
#epsteinweb #efta00298043
https://epsteinweb.org
Available in the iOS app store now!
https://apps.apple.com/us/app/epstein-web/id6758880661",0,0,at://did:plc:ndjyym3ihrqu3g25gdztefrv/app.bsky.feed.post/3mkfykngncl2w
binder sale,2026-04-25T15:48:33.152Z,bruthavoodoo.bsky.social,"30 years ago, someone ate enough crisps to collect all the Star Wars Original Trilogy Tazos, including the exclusive ones only available in Doritos, and collected them in this binder.
Today I bought it for £3 at a car boot sale.
Life can be funny.
#StarWars #Tazos #RetroCollectables",1,0,at://did:plc:gfzfl5qbr3rakix64brnp72g/app.bsky.feed.post/3mkdfbvsq4c2i
binder sale,2026-04-24T01:56:38.447Z,uspokemoncards.bsky.social,Ad: For Sale - White Flare Binder Collection & Unova Poster Collection Factory Sealed LOT OF 2 #Pokemon #TradingCards #Collectibles,0,0,at://did:plc:4cg2azcvnuvo4puhejvolmjt/app.bsky.feed.post/3mk7gdogiej2a
binder sale,2026-04-23T06:02:39.253Z,ukpokemoncards.bsky.social,Ad: For Sale - Prismatic Evolutions Binder Collection - Pokémon TCG - New & Sealed #Pokemon #TCG #TradingCards,1,0,at://did:plc:ykwk3u4vlwyr7w4h7p6ysfir/app.bsky.feed.post/3mk5dmo34ta23
binder sale,2026-04-23T03:56:47.848Z,epsteinweb.bsky.social,"Parts 1-2/2 — EFTA00159865.jpg
#epsteinweb #efta00159865
https://epsteinweb.org
Available in the iOS app store now!
https://apps.apple.com/us/app/epstein-web/id6758880661",0,0,at://did:plc:ndjyym3ihrqu3g25gdztefrv/app.bsky.feed.post/3mk54lmnpew2o
binder sale,2026-04-23T00:38:40.249Z,ukpokemoncards.bsky.social,Ad: For Sale - Pokemon Black Bolt and White Flare Bundle New Sealed ETB - Binder - Poster #Pokemon #ETB #PokemonCards,0,0,at://did:plc:ykwk3u4vlwyr7w4h7p6ysfir/app.bsky.feed.post/3mk4rjdnqjn2o
binder sale,2026-04-22T22:04:20.547Z,uspokemoncards.bsky.social,Ad: For Sale - *In Hand* Pokemon TCG Scarlet & Violet Black Bolt Binder Collection Sealed #PokemonTCG #ScarletAndViolet #PokemonCards,1,0,at://did:plc:4cg2azcvnuvo4puhejvolmjt/app.bsky.feed.post/3mk4ivf3ztg2s
binder sale,2026-04-22T08:25:19.345Z,ukpokemoncards.bsky.social,Ad: For Sale - Pokémon TCG: White Flare Binder Collection - New & Sealed #Pokémon #PokemonTCG #TradingCards,1,0,at://did:plc:ykwk3u4vlwyr7w4h7p6ysfir/app.bsky.feed.post/3mk334ufpqz2j
binder sale,2026-04-22T07:58:16.646Z,ukpokemoncards.bsky.social,Ad: For Sale - Pokémon TCG Black Bolt Binder Collection - Brand New & Sealed #PokemonTCG #PokemonCards #Collectibles,1,0,at://did:plc:ykwk3u4vlwyr7w4h7p6ysfir/app.bsky.feed.post/3mk2zmiqk2l2u
binder sale,2026-04-21T03:06:38.969Z,ricksteves.bsky.social,Make your own mini-guidebook! My Guidebook Page Binders are on sale for only $1: store.ricksteves.com/shop/p/guide...,109,7,at://did:plc:lxiqczvvv5mxha7qwqu2deho/app.bsky.feed.post/3mjxyu2np3c2t
binder sale,2026-04-20T20:11:40.758Z,ukpokemoncards.bsky.social,Ad: For Sale - Pokemon Black Bolt Elite Trainer Boxes TCG New Sealed Bundle With Binder #Pokemon #TCG #EliteTrainerBox,0,0,at://did:plc:ykwk3u4vlwyr7w4h7p6ysfir/app.bsky.feed.post/3mjxbo3et652f
binder sale,2026-04-18T19:08:40.146Z,ukpokemoncards.bsky.social,Ad: For Sale - Prismatic Evolutions Binder Collection - Pokémon TCG - New & Sealed #Pokemon #TCG #Collectibles,1,0,at://did:plc:ykwk3u4vlwyr7w4h7p6ysfir/app.bsky.feed.post/3mjs57l37pd2q
binder sale,2026-04-17T23:07:17.654Z,ukpokemoncards.bsky.social,Ad: For Sale - Prismatic Evolutions Binder Collection - Pokémon TCG - New & Sealed #PokemonTCG #CollectibleCards #PrismaticEvolutions,1,0,at://did:plc:ykwk3u4vlwyr7w4h7p6ysfir/app.bsky.feed.post/3mjq23duexv26
binder sale,2026-04-17T22:13:06.347Z,beyondthemachina.bsky.social,"hey yall! this alter for sale! 

its been occupying my binder for a while! I want it to find a good home! Don't you daring dimirs desire dynamic dyed drawings delightfully designed by devilish but oft depressed dork Drew so dude can pay dire past due demands & deligate deliveries?

its 70$! DM me!",3,2,at://did:plc:rjs5pnmlkyhpw3p77uwie6s5/app.bsky.feed.post/3mjpx2buslk2r
binder sale,2026-04-17T05:51:38.048Z,fruityguts.bsky.social,i just made my first etsy sale for a custom pokemon binder independent of me pedaling them to our friends and other vendors 🥳,4,0,at://did:plc:k77e63e2jxhevskb75l2gpio/app.bsky.feed.post/3mjoa7hcv2k2c
binder sale,2026-04-16T11:16:16.521Z,uspokemoncards.bsky.social,Ad: For Sale - Pokemon Scarlet & Violet Prismatic Evolutions Binder Collection - Sealed #Pokemon #PokemonTCG #ScarletViolet,1,0,at://did:plc:4cg2azcvnuvo4puhejvolmjt/app.bsky.feed.post/3mjmbuzw5th2u
binder sale,2026-04-14T22:35:40.362Z,uspokemoncards.bsky.social,Ad: For Sale - Pokemon Black Bolt White Flare Poster Collection + Black Binder - New / Sealed #Pokemon #PokemonCollectibles #PokemonCards,0,0,at://did:plc:4cg2azcvnuvo4puhejvolmjt/app.bsky.feed.post/3mjigvzzxqt24
binder sale,2026-04-13T09:19:15.756Z,ukpokemoncards.bsky.social,Ad: For Sale - Pokemon - Celebrations 25th Jumbo Card Binder + Pikachu Jumbo Card - New Sealed #Pokemon #PokémonCards #25thAnniversary,0,0,at://did:plc:ykwk3u4vlwyr7w4h7p6ysfir/app.bsky.feed.post/3mjejwzpzfo2f
binder sale,2026-04-13T08:38:41.851Z,ukpokemoncards.bsky.social,Ad: For Sale - Vault x White Edition Exo-Tec Zip Binder 12 Pocket - New & Sealed #PokemonCards #CollectorsItem #CardGames,0,0,at://did:plc:ykwk3u4vlwyr7w4h7p6ysfir/app.bsky.feed.post/3mjehoik6le2y
binder sale,2026-04-12T20:52:16.058Z,uspokemoncards.bsky.social,Ad: For Sale - Sealed Pokémon Black Bolt And White Flare Binder & Poster #Pokemon #Collectibles #TradingCards,0,0,at://did:plc:4cg2azcvnuvo4puhejvolmjt/app.bsky.feed.post/3mjda7c5nxv2f
binder sale,2026-04-11T06:28:18.154Z,ukpokemoncards.bsky.social,Ad: For Sale - Pokemon TCG: Black Bolt Binder Collection | Brand New & Sealed #PokemonTCG #PokemonCards #CardGame,0,0,at://did:plc:ykwk3u4vlwyr7w4h7p6ysfir/app.bsky.feed.post/3mj77hi7gcd2f
binder sale,2026-04-11T05:07:16.349Z,ukpokemoncards.bsky.social,Ad: For Sale - Pokémon TCG: White Flare Binder Collection - New & Sealed #Pokemon #PokémonTCG #CardGame,0,0,at://did:plc:ykwk3u4vlwyr7w4h7p6ysfir/app.bsky.feed.post/3mj72wlqjtq25
binder sale,2026-04-10T05:43:18.649Z,ukpokemoncards.bsky.social,Ad: For Sale - Pokemon TCG - Prismatic Evolutions Binder Collection - Brand New & Sealed #PokemonTCG #PrismaticEvolutions #CardGame,0,0,at://did:plc:ykwk3u4vlwyr7w4h7p6ysfir/app.bsky.feed.post/3mj4mi46cfd2i
binder sale,2026-04-09T15:05:45.049Z,ukpokemoncards.bsky.social,Ad: For Sale - Pokemon TCG Prismatic Evolutions Binder Collection Box Brand New & Sealed #PokemonTCG #PrismaticEvolutions #PokemonCards,0,0,at://did:plc:ykwk3u4vlwyr7w4h7p6ysfir/app.bsky.feed.post/3mj33gw4yef22
binder sale,2026-04-08T17:56:44.952Z,ukpokemoncards.bsky.social,Ad: For Sale - Pokemon Scarlet Violet 151 Binder Collection New Sealed - Slight Damage #Pokemon #PokemonCards #ScarletViolet,0,0,at://did:plc:ykwk3u4vlwyr7w4h7p6ysfir/app.bsky.feed.post/3miyujpd2jr2z
binder sale,2026-04-08T17:02:45.351Z,ukpokemoncards.bsky.social,Ad: For Sale - Pokemon TCG S-Chinese Umbreon Photo Frame Exhibition Gift Box Brand New Sealed #PokemonTCG #Umbreon #TradingCards,0,0,at://did:plc:ykwk3u4vlwyr7w4h7p6ysfir/app.bsky.feed.post/3miyrj7nhfv2x
binder sale,2026-04-08T05:07:22.356Z,ukpokemoncards.bsky.social,Ad: For Sale - Pokémon TCG White Flare Binder Collection - New & Sealed #PokemonTCG #TradingCardGame #PokémonCards,0,0,at://did:plc:ykwk3u4vlwyr7w4h7p6ysfir/app.bsky.feed.post/3mixjjz6bmv2a
binder sale,2026-04-06T19:49:10.553Z,ukpokemoncards.bsky.social,Ad: For Sale - Pokémon TCG First Partner Collectors Binder Brand New Sealed 25th Anniversary #Pokemon #PokémonTCG #Collectibles,0,0,at://did:plc:ykwk3u4vlwyr7w4h7p6ysfir/app.bsky.feed.post/3mitzuxeokj2a
binder sale,2026-04-05T08:54:15.453Z,uspokemoncards.bsky.social,Ad: For Sale - Pokemon Scarlet & Violet Prismatic Evolutions Binder Collection - Sealed #Pokemon #PokémonTCG #ScarletAndViolet,0,0,at://did:plc:4cg2azcvnuvo4puhejvolmjt/app.bsky.feed.post/3miqesxeozb2x
binder sale,2026-04-05T08:14:17.557Z,uspokemoncards.bsky.social,Ad: For Sale - Pokemon TCG Prismatic Evolutions Binder And Poster Collection Box Factory Sealed #PokemonTCG #PrismaticEvolutions #Eevee,0,0,at://did:plc:4cg2azcvnuvo4puhejvolmjt/app.bsky.feed.post/3miqclik4eo2t
binder sale,2026-04-04T19:13:37.855Z,uspokemoncards.bsky.social,Ad: For Sale - Pokemon 25th Anniversary Celebrations JUMBO Card Binder + Pikachu Card Sealed c #Pokemon #Pikachu #Pokémon25,0,0,at://did:plc:4cg2azcvnuvo4puhejvolmjt/app.bsky.feed.post/3miowxkf5qc2j
binder sale,2026-04-04T18:47:16.651Z,uspokemoncards.bsky.social,Ad: For Sale - Pokemon 25th Anniversary Celebrations JUMBO Card Binder + Pikachu Card Sealed b #Pokemon #25thAnniversary #Pikachu,0,0,at://did:plc:4cg2azcvnuvo4puhejvolmjt/app.bsky.feed.post/3miovigoox32e
binder sale,2026-03-29T09:52:39.256Z,uspokemoncards.bsky.social,Ad: For Sale - Pokémon Scarlet & Violet BLACK BOLT Binder Collection New Sealed #Pokemon #ScarletViolet #BlackBolt,0,0,at://did:plc:4cg2azcvnuvo4puhejvolmjt/app.bsky.feed.post/3mi6uswjejb2j
binder sale,2026-03-29T09:12:19.955Z,uspokemoncards.bsky.social,Ad: For Sale - Pokémon TCG: Scarlet & Violet - White Flare Binder Collection - FACTORY SEALED! #Pokemon #TCG #ScarletandViolet,0,0,at://did:plc:4cg2azcvnuvo4puhejvolmjt/app.bsky.feed.post/3mi6skthdey2h
binder sale,2026-03-28T13:39:33.959Z,noellebettabard.bsky.social,"If my spouse put anything of mine up for sale without my consent, especially all my nerd stuff, that would be immediate grounds for divorce and I would sue them over it. All my nerd stuff is going straight into the prenup as part of my pre-marital assets.

youtube.com/shorts/RZCst...",0,0,at://did:plc:qlzmfxogqigpqtsujxliq34y/app.bsky.feed.post/3mi4qzqi5sk2b
binder sale,2026-03-27T02:47:15.353Z,uspokemoncards.bsky.social,"Ad: For Sale - Pokemon White Flare Binder Collection Box - Brand New, Factory Sealed #Pokemon #PokemonCards #Collectibles",0,0,at://did:plc:4cg2azcvnuvo4puhejvolmjt/app.bsky.feed.post/3mhz44g53p42t
binder sale,2026-03-26T21:23:16.755Z,uspokemoncards.bsky.social,Ad: For Sale - Pokemon TCG SV8.5 Prismatic Evolutions Binder Collection Box Factory Sealed #Pokemon #TCG #TradingCards,0,0,at://did:plc:4cg2azcvnuvo4puhejvolmjt/app.bsky.feed.post/3mhyjz3uyac2o
binder sale,2026-03-26T13:03:42.451Z,uspokemoncards.bsky.social,Ad: For Sale - Pokemon TCG Vaporeon Advanced theme 480 slots Card Sealed Binder Sleeve #PokemonTCG #Vaporeon #CardBinder,0,0,at://did:plc:4cg2azcvnuvo4puhejvolmjt/app.bsky.feed.post/3mhxo3sc47v2j
binder sale,2026-03-25T21:00:05.349Z,starcitygames.bsky.social,"What all is in that trade binder? 🤯

#MTG

articles.starcitygames.com/...",1,0,at://did:plc:jlfultpoep4eftzex3cozben/app.bsky.feed.post/3mhvyaphiv527
binder sale,2026-03-25T15:04:36.358Z,motherofcards.ca,"Keep an eye out for some new alter listings on my shop this week 👀 

I'll be jumping on the sale train and doing a post event sale to make some room for new alters in my binder.",15,1,at://did:plc:enasxwycscnmwkx7tkzjh2u3/app.bsky.feed.post/3mhveev3ec22l
binder sale,2026-03-25T08:43:19.953Z,uspokemoncards.bsky.social,Ad: For Sale - Pokemon Black Bolt Bundle - Sam’s Club Poster & Binder Collection *SEALED* 🔥 #Pokemon #TCG #PokemonCards,0,0,at://did:plc:4cg2azcvnuvo4puhejvolmjt/app.bsky.feed.post/3mhup3c2nfu2j
binder sale,2026-03-25T07:35:17.452Z,uspokemoncards.bsky.social,Ad: For Sale - Pokemon White Flare Bundle - Sam’s Club Poster & Binder Collection *SEALED* 🔥 #Pokemon #TCG #Collectibles,0,0,at://did:plc:4cg2azcvnuvo4puhejvolmjt/app.bsky.feed.post/3mhulbmrnhk2x
binder sale,2026-03-24T22:08:15.556Z,uspokemoncards.bsky.social,Ad: For Sale - Sam’s Club Black Bolt & White Flare Binder + Poster Bundle Set Of 2 Sealed #SamsClub #BlackFridayDeals #CollectorItems,0,0,at://did:plc:4cg2azcvnuvo4puhejvolmjt/app.bsky.feed.post/3mhtllox2h52w
binder sale,2026-03-24T21:54:40.258Z,uspokemoncards.bsky.social,Ad: For Sale - Pokemon Fusion Strike Mini Portfolio Album Binder Booster Pack Sealed Lot Of 22 #Pokemon #PokemonCards #FusionStrike,0,0,at://did:plc:4cg2azcvnuvo4puhejvolmjt/app.bsky.feed.post/3mhtktffy3s2l
binder sale,2026-03-24T20:33:38.862Z,uspokemoncards.bsky.social,Ad: For Sale - Pokémon TCG Scarlet & Violet Flare Collection Sealed Box Binder Poster Cards #Pokemon #TCG #ScarletAndViolet,0,0,at://did:plc:4cg2azcvnuvo4puhejvolmjt/app.bsky.feed.post/3mhtgcj4m452t
binder sale,2026-03-24T15:02:22.049Z,cloveralters.spikefeeders.com,"Last few hours of the sale this morning, I updated the photos to reflect what I have left! Dm if you're interested!
I also forgot to take photos of a few Mh3 gold lands lol so I might just throw those in with some purchases this morning. :P
Thanks to everyone for helping me clean up my binder :)",9,3,at://did:plc:2g6ezapjwcdvxuig44afu2bd/app.bsky.feed.post/3mhstqdw7ls2q
binder sale,2026-03-24T13:41:26.457Z,ukpokemoncards.bsky.social,Ad: For Sale - Pokemon TCG: Scarlet & Violet Black Bolt Binder Collection - New Sealed #Pokemon #TCG #ScarletAndViolet,0,0,at://did:plc:ykwk3u4vlwyr7w4h7p6ysfir/app.bsky.feed.post/3mhspbgdjgy2f
binder sale,2026-03-23T17:20:18.056Z,uspokemoncards.bsky.social,"Ad: For Sale - Pokemon White Flare Binder Collection Box - New, Factory Sealed #Pokemon #PokemonCollection #PokemonCards",1,0,at://did:plc:4cg2azcvnuvo4puhejvolmjt/app.bsky.feed.post/3mhqkzuac4n2r
binder sale,2026-03-22T19:41:18.363Z,uspokemoncards.bsky.social,Ad: For Sale - Pokemon TCG: Scarlet & Violet Prismatic Evolutions Binder Collection New Sealed #PokemonTCG #ScarletAndViolet #PrismaticEvolutions,0,0,at://did:plc:4cg2azcvnuvo4puhejvolmjt/app.bsky.feed.post/3mhoch3elu22x
binder sale,2026-03-22T06:25:18.655Z,uspokemoncards.bsky.social,Ad: For Sale - Sealed * New * Pokemon TCG White Flare Binder Collection Box #Pokemon #TCG #PokemonCards,0,0,at://did:plc:4cg2azcvnuvo4puhejvolmjt/app.bsky.feed.post/3mhmvxq4vwf2i
binder sale,2026-03-21T22:19:19.552Z,uspokemoncards.bsky.social,Ad: For Sale - Pokémon TCG Scarlet & Violet Black Bolt Binder Collection Box Sealed 5 Packs New #Pokemon #PokémonTCG #ScarletAndViolet,0,0,at://did:plc:4cg2azcvnuvo4puhejvolmjt/app.bsky.feed.post/3mhm2spqjkt2y
binder sale,2026-03-21T06:20:42.350Z,uspokemoncards.bsky.social,Ad: For Sale - 1 Black Bolt White Flare Poster + 1 Black Bolt Binder Bundle | Sealed On Hand #Pokemon #Collectibles #LimitedEdition,1,0,at://did:plc:4cg2azcvnuvo4puhejvolmjt/app.bsky.feed.post/3mhkfal52ji2d
binder sale,2026-03-20T21:56:42.250Z,ukpokemoncards.bsky.social,Ad: For Sale - Pokemon TCG S&V - White Flare Binder Collection Box (5 Packs) BRAND NEW & SEALED #Pokemon #PokemonTCG #TradingCards,0,0,at://did:plc:ykwk3u4vlwyr7w4h7p6ysfir/app.bsky.feed.post/3mhjj3dptnp2g
binder sale,2026-03-20T21:16:22.657Z,ukpokemoncards.bsky.social,Ad: For Sale - Pokemon TCG S&V - Black Bolt Binder Collection Box (5 Packs) BRAND NEW & SEALED #Pokemon #TCG #TradingCards,0,0,at://did:plc:ykwk3u4vlwyr7w4h7p6ysfir/app.bsky.feed.post/3mhjgtad27l22
binder sale,2026-03-20T19:55:18.959Z,ukpokemoncards.bsky.social,Ad: For Sale - Pokémon TCG: Black Bolt Binder Collection. New & Sealed. #Pokemon #TCG #TradingCards,0,0,at://did:plc:ykwk3u4vlwyr7w4h7p6ysfir/app.bsky.feed.post/3mhjccbxpyp2j
binder sale,2026-03-20T03:56:39.257Z,ukpokemoncards.bsky.social,Ad: For Sale - Vault x Anniversary Edition Exo-Tec Zip Binder 9 Pocket - New & Sealed #Vault #AnniversaryEdition #ExoTec,0,0,at://did:plc:ykwk3u4vlwyr7w4h7p6ysfir/app.bsky.feed.post/3mhhmq2valr2t
binder sale,2026-03-20T03:43:18.452Z,ukpokemoncards.bsky.social,Ad: For Sale - Vault x Anniversary Edition Exo-Tec Zip Binder 12 Pocket - New & Sealed #Vault #ExoTec #ZipBinder,0,0,at://did:plc:ykwk3u4vlwyr7w4h7p6ysfir/app.bsky.feed.post/3mhhly72o7d22
binder sale,2026-03-19T18:47:40.154Z,uspokemoncards.bsky.social,Ad: For Sale - Vintage 1999 Pokemon Card Neo Premium Sealed Genesis Folder Binder Japanese #PokemonCards #VintageCards #Collectibles,0,0,at://did:plc:4cg2azcvnuvo4puhejvolmjt/app.bsky.feed.post/3mhgo2fqsi22j
binder sale,2026-03-17T20:27:20.756Z,uspokemoncards.bsky.social,Ad: For Sale - We're Goomy Zip Binder Pokemon Center Exclusive 9 Pocket 360 Cards NEW SEALED!! #Pokemon #PokemonCards #CollectorsItem,0,0,at://did:plc:4cg2azcvnuvo4puhejvolmjt/app.bsky.feed.post/3mhbsoseqcp2i
binder sale,2026-03-16T01:54:17.661Z,ukpokemoncards.bsky.social,Ad: For Sale - Vault X Anniversary Edition 12 Pocket Zip Binder - New & Sealed #PokemonCards #Collectibles #TradingCards,0,0,at://did:plc:ykwk3u4vlwyr7w4h7p6ysfir/app.bsky.feed.post/3mh5dzlj32o2p
binder sale,2026-03-15T15:59:39.057Z,ukpokemoncards.bsky.social,Ad: For Sale - Prismatic Evolutions Binder Collection - Pokémon TCG - New & Sealed #Pokemon #PokemonTCG #TradingCards,0,0,at://did:plc:ykwk3u4vlwyr7w4h7p6ysfir/app.bsky.feed.post/3mh4csbbw2l2e
binder sale,2026-03-14T14:48:07.050Z,vorthosmike.bsky.social,#CEDH sickos better hurry up,14,1,at://did:plc:556pmttczt7dp3eg6irn25wu/app.bsky.feed.post/3mgzoeaw6ts2o
binder sale,2026-03-08T15:03:02.052Z,epsteinweb.bsky.social,"EFTA01737549.jpg
#epsteinweb #efta01737549
https://epsteinweb.org
Available in the iOS app store now!
https://apps.apple.com/us/app/epstein-web/id6758880661",1,0,at://did:plc:ndjyym3ihrqu3g25gdztefrv/app.bsky.feed.post/3mgkmelngxw2v
binder sale,2026-03-08T09:31:49.855Z,hachenn-thegent.bsky.social,"Hello hello~ I’ve posted a bunch of my dad’s old X-Men cards, most bunch, some singles, for sale to try raise some extra money for moving soon! still have some more to post but will do later~
If you or someone you know are interested please take a look!~",2,1,at://did:plc:ic7wcc7gdypp27dknf3srigf/app.bsky.feed.post/3mgjzud3w7c2i
binder sale,2026-03-06T02:27:47.451Z,icarianarts.bsky.social,Char handing Amuro a laminated binder filled with pictures of foals for sale asking him if they should try for a baby (adopt a horse),34,4,at://did:plc:7np22buqfpq4yt7nwuj4boo3/app.bsky.feed.post/3mgebabou322l
binder sale,2026-03-04T02:35:46.752Z,coloradoweeks.io,"no, search engine. when i said ""miku binder for sale"" i don't mean a document organizer",1,0,at://did:plc:weqoubdtsjrgyygyhwcwxo3i/app.bsky.feed.post/3mg7aqptxtc2g
binder sale,2026-02-28T16:28:39.859Z,roofus.bsky.social,"Thanks! This row of 45's is the second half of a lot of over 400 I bought in 2018 in a garage sale. It came with a binder and a list of titles, about 120 LP's and a Technics SL-D202 with a Shure PS SPS40 cartridge. Paid $50 for the lot!",3,0,at://did:plc:2wendw2goyc26ywzupmdcaam/app.bsky.feed.post/3mfwnge3ro226
binder sale,2026-02-28T07:51:52.051Z,millicery.bsky.social,Omg what a wonderful binder!!! I saw this espeon one for sale in Japan and wanted it so bad but had no luggage room 🥲🥲 it’s so pretty!! 🤍,1,0,at://did:plc:r5w5imibe5bl43iwjj2zqtvo/app.bsky.feed.post/3mfvqkar6p223
binder sale,2026-02-25T15:06:34.256Z,kingratjello.bsky.social,"What are they gonna do? Stop the sale of super spandex, like for football pants? You can make a perfectly serviceable binder out of that stuff. Or of any 4-way stretch fabric. A binder is literally just a stretchy shirt. You can adapt women's sports bras too. 

You can't outlaw stretchy shirts.",1,0,at://did:plc:ks7iyucgpwfz2prtd5pt2ghl/app.bsky.feed.post/3mfoxgs6p2s2n
binder sale,2026-02-19T20:04:17.658Z,artsbymikey.bsky.social,"Painted this Mega Dragonite Binder for the Ascended Heroes set 🪽

Putting this up for sale soon so stay tuned if you're interested 💛

#Pokemon #Dragonite #pokemontcg #pokemonbinder #art #painting #artist",7,0,at://did:plc:nlxp5cea5cxh7do3wrq64o4c/app.bsky.feed.post/3mfafbmcrjs22
binder sale,2026-02-11T13:30:08.851Z,trovepenguinbot.bsky.social,"16-Dec-1902: '... / T. ELLIS, Land and Insurance Agent, Penguin. F+ACI OR SALE, BINDER (Woods'), In good ...' https://nla.gov.au/nla.news-article199773823",0,0,at://did:plc:7p4xpurhjnobmhzqgfg4c3g4/app.bsky.feed.post/3melljisg4r2q
binder sale,2026-02-08T17:11:16.754Z,zinthot.bsky.social,"after WEEKS, i finally got their TCGPlayer store working..... 
cards that've been sitting in my binder in need of love are up for sale now 😌

www.tcgplayer.com/search/all/p...",0,0,at://did:plc:xsyj7fe4rjyizd2pp2olgxgg/app.bsky.feed.post/3meeghvr2bk23
binder sale,2026-02-01T15:58:10.752Z,susandigitals.bsky.social,"🔥 Top On Sale!
📁 2PCS Premium Plastic A4 File Organizer Binder
✅ Secure Lock & Safety Seal pin.it/6haXz3uln 💪 Heavy-Duty Rectangular Design 💰 Now: $0.99 (Was $4.08, 76% OFF!) 🔗 Click & Buy",0,0,at://did:plc:zrzhk3if5sojnxuygpyp6hwp/app.bsky.feed.post/3mdsp3z5dnr2o
binder sale,2026-01-30T03:47:59.254Z,cooltrainerlettie.standingintheodds.com,"I found a few packs of base set sun and moon for sale a good few years ago and pulled primarina GX, she's now one of my faves and gets first page privileges in my binder c:",1,0,at://did:plc:oj7s77kveqfhxkc23pdfnqfw/app.bsky.feed.post/3mdmfffuakk2c
binder sale,2026-01-30T00:10:31.954Z,starsthemutt.bsky.social,"Also, for anyone looking for it, page 11 of 23 on their Artist Alley rule PDF",1,0,at://did:plc:ps74o3ew77ybyoct5qyklwxn/app.bsky.feed.post/3mdlzak6oc22n
binder sale,2026-01-20T19:40:38.233Z,nowbreezing.ntw.app,"
Bluesky's Top 10 Trending Words (past 10min):
💨x1* - epstein 🔓
💨x1* - democracy 🔓
💨x2* - gaza 🔓
💨x1* - ukraine 🔓
💨x37 - rambling
💨x37 - davos
💨x34 - bodø/glimt
💨x33 - binder
💨x21 - carney's
💨x20 - subpoenas
*🔓 = Unlocked Emergency Words (see img)

#ListenToBlackVoices

(Something not right? Reply!)",0,0,at://did:plc:mcb6n67plnrlx4lg35natk2b/app.bsky.feed.post/3mcuvxpshqj2b
binder sale,2026-01-19T23:00:42.932Z,theafterwords.bsky.social,"#DEAL ALERT! One clickers unite because REDNECK REVENANT @drslayton.bsky.social is on #sale on #Kindle for a limited time only!
amzn.to/4bGOZ21
#RedneckRevenant #TheAdamBinder #ad #amazoncom",1,0,at://did:plc:dkwswj7z7cqgumrkza2y6rz6/app.bsky.feed.post/3mcsqokvbiw22
binder sale,2026-01-12T21:18:31.929Z,donifmtgc.bsky.social,"For the newer bulk / excess inventory - Mythics/Rares as well as value U/C go on my Trade/Sale list that I keep on @moxfield.com here 

moxfield.com/binders/jwIL...",0,0,at://did:plc:kajphzlv6viblf5vzeeyxxvv/app.bsky.feed.post/3mcaxpfmubc2l
binder sale,2026-01-11T12:11:09.431Z,holojester.bsky.social,"im going to collect you
im going to put you in 
tight fitting sleeves 
im going to keep you 
in my special binder 
im going to forget about you 
under my bed and my moms 
gonna find you and sell you 
at a garage sale and im never 
going to be the same again",15,3,at://did:plc:7gggss6enhbyicrs7mdpngxq/app.bsky.feed.post/3mc5inpfy4k2v
binder sale,2026-01-08T12:16:33.836Z,lycomorpha.bsky.social,"(Frankly, I'm also a bit frayed after last year so fair enough, y'know.)

There's also gonna be discount paint sets. Now I'm making vegan binder for my watercolour, so I've been weeding out remaining honey-containing paints that are lurking in the back of the shelf, & making sale starter sets!",12,1,at://did:plc:o7rcx53eng73nmltzer2rvpp/app.bsky.feed.post/3mbvxkiik2s2k
binder sale,2026-01-01T06:09:13.232Z,laurenflans.bsky.social,"Cute Vet stops by Dead Great Aunt's house to pick up the cat café's Christmas binder and Lead Chick is there packing stuff up. She tells him she'll help him make ONE LAST CHRISTMAS at the café if he won't slow down the sale (she is forcing the sale because, again, she is a monster). #Flansmas",1,0,at://did:plc:zhpgema4giiycjmlxev4qk4o/app.bsky.feed.post/3mbdprc5ecc2q
binder sale,2025-12-31T20:38:56.132Z,asliceofcomics.bsky.social,The stuff I ordered that shipped through FedEx finally came today!  Now I have a book to keep my Phantasmal Flames Pokémon cards in!  Also got a Legendary and Mythical guidebook because it was on sale and why not. I can use it to introduce my niece to Pokémon in a couple years when she's old enough.,1,0,at://did:plc:rqzuqmzybdcke7zfl5nd32i7/app.bsky.feed.post/3mbcpvfmpgc2f
binder sale,2025-12-25T21:09:52.740Z,bookslingerraquel.bsky.social,Various items for sale and for free this Saturday 12pm-5pm at Bluestockings,3,2,at://did:plc:wby74s2q4jrqugusmpyxpk52/app.bsky.feed.post/3matosol25s24
binder sale,2025-12-24T16:56:02.635Z,kidsdealsandsteals.bsky.social,"❄️ WOW! ⛄ Half-Price Snow-Day Sale ❄️ 50% OFF with code —
ZYPSFS54
 Shop fast before it melts! 🛍️✨
https://bit.ly/49aCJEj
 #ad",0,0,at://did:plc:2i6bfk6xvsj4araci3vgvlkd/app.bsky.feed.post/3maqq6keakg2i
binder sale,2025-12-21T06:10:21.349Z,dicemonkey.itch.io,"maybe a 3 ring binder, thin, but with sections for each major location, with the NPCs, info, and a 3x3 card sleeve page to hold magic items on sale there?",3,0,at://did:plc:uehvi4xi2ej44ge5qxf3cyug/app.bsky.feed.post/3mai2p7lbh22q
binder sale,2025-12-16T19:30:43.930Z,fantasy-oregon.bsky.social,The perfect chest binder from New York Toy Collective is here. Moisture wicking fabric and cool mesh back for all day comfort. Express your authentic self confidently. Now on sale at FANTASY Hollywood. #FANTASYForAdultsOnly #FANTASYPortland #PortlandOregon #PortlandOR #Oregon,0,0,at://did:plc:2qcl3n7pz4qnqrap5eififfr/app.bsky.feed.post/3ma4v3ruob32k
binder sale,2025-12-15T22:16:35.437Z,exaltedblade.bsky.social,im so smad because the binder i wanted for my wooper collection in this really specific pastel blue is probably not made anymore by the company and I cant even find it on sale used 😭,0,0,at://did:plc:75khazn7behcjosd2br2qlin/app.bsky.feed.post/3ma2nvgghys2r
binder sale,2025-12-12T20:05:40.230Z,luraltered.bsky.social,"Handpainted binder for sale ! 
#mtg",21,1,at://did:plc:gluam4y6sv7j4vh2tbbzleuj/app.bsky.feed.post/3m7sv6kqla22d
binder sale,2025-12-12T18:07:59.337Z,luraltered.bsky.social,"Handpainted binder for sale ! 
#mtg",5,1,at://did:plc:gluam4y6sv7j4vh2tbbzleuj/app.bsky.feed.post/3m7som3se7s2d
binder sale,2025-12-12T03:47:56.529Z,longtail-news.bsky.social,"Feed: ""WHAT IS THIS I DON'T EVEN""
Published on Thursday, December 11, 2025",0,0,at://did:plc:o6ggjvnj4ze3mnrpnv5oravg/app.bsky.feed.post/3m7r6kbbbg32k
binder sale,2025-12-11T15:30:57.933Z,machiela.bsky.social,My older brother had this card autographed and was selling cards at a garage sale. A middle aged man swiped the whole binder and took off.,0,0,at://did:plc:xunitn6zgbx2fehze54etpd5/app.bsky.feed.post/3m7pveh57ds2m
binder sale,2025-12-07T20:59:13.735Z,chuchubox.bsky.social,I haven't completely escaped The Binder (a big binder of loose games I bought at an estate sale many years ago) so now it's time for TimeSplitters which I know nothing about except that I just read it is apparently a spiritual successor to Goldeneye?,2,0,at://did:plc:ekvhxlxc7de4j5k6ngnnmvfl/app.bsky.feed.post/3m7gftml3ss2g
binder sale,2025-12-05T17:51:24.934Z,sifuabs.bsky.social,"Because I have decided to clear out my trading binder somewhat, I have put some of the really weird cards that are unlikely to transact unless I find *just* the right person who wants them up on eBay.

This time: two Chinese-language Stronghold rares: Burgeoning, and Sliver Queen. #MtG",1,0,at://did:plc:dvlea7jiglp6acnkwdilfjrx/app.bsky.feed.post/3m7b2g23yck26
binder sale,2025-12-01T13:53:53.332Z,shiohours.bsky.social,I also use scrivener and there’s a Black Friday sale rn (I got it really cheap many years ago but it’s gotten a little exp 😔) bc of the binder and corkboard style ui things they have,1,0,at://did:plc:eslq7ajpvvqmlbjegj5mx3t3/app.bsky.feed.post/3m6wlbnmppk2p
binder sale,2025-11-29T07:39:43.129Z,pradi005.bsky.social,"Pokémon TCG Scarlet and Violet Black Bolt Binder Box on sale in Amazon Black Friday sale

black Friday: The Pokemon TCG Scarlet and Violet Black Bolt Binder Box is on sale for $59.45 in the Amazon Black Friday sale. This is a total savings of $8.44. Credit: Mashable Photo Composite / The Pokemon…",0,0,at://did:plc:6q7s53rp7yfvc3dtvc3wowr7/app.bsky.feed.post/3m6qvgqhkux2f
binder sale,2025-11-29T00:30:09.132Z,mennonitemom.bsky.social,"We have a great Franconia Conference cookbook in a big red binder, and Salford's too, of course. And More With Less, too, we just got that one from the Mennonite Historical Museum used books sale, which happily happens on my birthday week, so my mom makes my gift going to it 🤩",0,0,at://did:plc:2b3ldl5iw5gua4ihkyzuzurn/app.bsky.feed.post/3m6q5gmsbm22d
binder sale,2025-11-25T21:00:23.830Z,ahideousthing.bsky.social,"I bought WFRP 1e in a sale yesterday and printed it out. Free binder from the op shop. Now I have WFRP 1e again, and don't have to pay a large sum getting my old copy of it shipped across the world: hooray! Time for my players to enjoy life as grave robbers and rat catchers.",0,0,at://did:plc:q77xu7wrkv37h4eruvviloqx/app.bsky.feed.post/3m6iacrudds2x
binder sale,2025-11-20T19:32:14.032Z,pumzie.bsky.social,"Was putting new stuff in my binders, and I found this?? Saw this at a trade night earlier for sale, but I opted out bc money is a bit tight

... My boyfriend bought it behind my back, and snuck it into my binder as a xmas gift?! ;o; 💕

I'm gonna marry this man (truth) 
#VilldyrsBinder #pokemontcg",6,0,at://did:plc:uawxfevukeup6tmtretko43x/app.bsky.feed.post/3m63j2eaqp225
binder sale,2025-11-11T18:35:43.456Z,wmreddy.bsky.social,"So...where would that leave Acosta and Binder, contracts intact for '26 w/whatever entity buys the racing department, or as released from contracts as a result of the sale and free agents looking for seats?",0,0,at://did:plc:ndm624qi5lsgcwy6zlhwn24r/app.bsky.feed.post/3m5erp7cqtk2z
binder sale,2025-11-05T17:11:33.305Z,mrbevers.bsky.social,Land - moxfield.com/binders/gyFC...,0,0,at://did:plc:cqdrbsjltuy5kltaygtxzf56/app.bsky.feed.post/3m4vk757auu2a
binder sale,2025-11-05T17:11:33.285Z,mrbevers.bsky.social,Colourless - moxfield.com/binders/-Ibd...,0,0,at://did:plc:cqdrbsjltuy5kltaygtxzf56/app.bsky.feed.post/3m4vk757aut2a
binder sale,2025-11-05T17:11:33.266Z,mrbevers.bsky.social,Multi/Split - moxfield.com/binders/BTML...,0,0,at://did:plc:cqdrbsjltuy5kltaygtxzf56/app.bsky.feed.post/3m4vk7577vl2a
binder sale,2025-11-05T17:11:33.244Z,mrbevers.bsky.social,Green - moxfield.com/binders/N4y3...,0,0,at://did:plc:cqdrbsjltuy5kltaygtxzf56/app.bsky.feed.post/3m4vk7576wd2a
binder sale,2025-11-05T17:11:33.224Z,mrbevers.bsky.social,Red - moxfield.com/binders/6w_x...,0,0,at://did:plc:cqdrbsjltuy5kltaygtxzf56/app.bsky.feed.post/3m4vk7575x32a
binder sale,2025-11-05T17:11:33.205Z,mrbevers.bsky.social,Black - moxfield.com/binders/HsJq...,0,0,at://did:plc:cqdrbsjltuy5kltaygtxzf56/app.bsky.feed.post/3m4vk7575x22a
binder sale,2025-11-05T17:11:33.186Z,mrbevers.bsky.social,Blue - moxfield.com/binders/nvKx...,0,0,at://did:plc:cqdrbsjltuy5kltaygtxzf56/app.bsky.feed.post/3m4vk7574xs2a
binder sale,2025-11-05T17:11:33.166Z,mrbevers.bsky.social,"I've also provided lists broken down by colour. 🧵

White - moxfield.com/binders/mhTM...",0,0,at://did:plc:cqdrbsjltuy5kltaygtxzf56/app.bsky.feed.post/3m4vk7537xs2a
binder sale,2025-10-29T01:12:34.654Z,peteskerritt.com,"Not gonna lie— I have a binder for my loose PS2 and Gamecube discs. I haven’t catalogued them in awhile.

It’s important to have playable discs first, if you’re looking to actually play the games… that’s how I started my PS2 library (thanks to GameStop’s 2012 PS2 fire sale).",5,0,at://did:plc:jrk2uqi6ipq5zpt73ut5yo5x/app.bsky.feed.post/3m4cbdxabs22o
binder sale,2025-10-26T04:26:31.060Z,realnewshub.bsky.social,"New year Sale Amazon Basics Blank Index Flash Cards – Suitable for Study, Home and Work Notes – Dotted Pattern – Free Binder Rings – 220 GSM Thick – 3 x 5 inches

From the manufacturer Complimentary Binders: Includes free binder rings for convenient note organization and management. Easy…",0,0,at://did:plc:fqi5askld2q6vvjjffuh6dgj/app.bsky.feed.post/3m432ryakiu27
binder sale,2025-10-25T14:44:13.757Z,archcityhistory.bsky.social,Dropping off a binder of prints at Leviathan bookstore today. You can snag some of my collages i have for sale there,8,2,at://did:plc:wwml7n75ugp3db7babr7bphr/app.bsky.feed.post/3m3zmtmh3ak2r
binder sale,2025-10-24T15:54:33.561Z,rabidfoxarts.bsky.social,"Im going to be making artist trading cards as warmups for a bit! 

Some will be for sale some are reserved for trading. Ill be bringing a binder with me to cons !",14,2,at://did:plc:ktvffmjbwkidmnhpbfqpkkrp/app.bsky.feed.post/3m3xacaqc2c2f
binder sale,2025-10-20T19:38:53.162Z,electricmcmayhem.bsky.social,"Just saw a binder of discs for sale at an antique mall labeled ""Turn of the Century PC Games""

Don't love this language even if it is accurate 😂😂😂",1,0,at://did:plc:nx3ibd6fdlae2tgrradfc2za/app.bsky.feed.post/3m3nkxv5bw22u
binder sale,2025-10-20T02:02:10.857Z,rexwolf05.bsky.social,"I bought a binder from RodeoH that was on sale because I guess the design wasn’t popular or something. I can see why, but I really need a new binder because the one I have is falling apart so I bought one",0,0,at://did:plc:3urth3kv735tpl54sabcqi33/app.bsky.feed.post/3m3lpwcvo6k27
binder sale,2025-10-18T20:26:30.059Z,dungeonsandpossums.com,"Weekend successful so far - went and bought a bunch of books from the library's weekly used book sale, checked out a second-hand craft goods store here in town and got a binder with sleeves that'll fit mini zines, and visited the brand new book store that just opened up.

Tonight: OPOSSUMS!! 😊💜",4,0,at://did:plc:w6hbprybav5u4rn4hes5oaxn/app.bsky.feed.post/3m3imp74ks22s
binder sale,2025-10-16T02:09:38.526Z,tronisbad.bsky.social,"Okay this is all i have left from the desk sale 

If yall don’t want anything tonight it’s going back in the binder and then off to card kingdom cause im shipping stuff out tomorrow",6,1,at://did:plc:ciuy3fkvsxemznsjj72s47jw/app.bsky.feed.post/3m3bohxwkfc2e
binder sale,2025-10-15T18:42:11.025Z,roshinotabi.bsky.social,TikTok shop just out here doing bits now,1,0,at://did:plc:2dmfkj2yzbwptlq6gbdla2nu/app.bsky.feed.post/3m3avhrzrxk2v
binder sale,2025-10-08T19:50:33.664Z,sambeawesome.bsky.social,"Okay, thanks to a pep talk from @ultralee0.bsky.social, I'm yolo'ing! The quality is DEFINITELY (lol) not good enough for sale, but it's good enough for me x3",3,0,at://did:plc:jo55nm4xpeptrgf7pp3674h7/app.bsky.feed.post/3m2pfz6ac5k2o
binder sale,2025-10-07T15:12:31.462Z,waluweebi.bsky.social,"It's very nice! (and it was on sale for like 60% too - I think it still is) But yea! I wanted a binder so I can organize my stuff by category. I know that's less authentic, but I love organization",2,0,at://did:plc:hdlmwnm6weomjzhpefrsdvqr/app.bsky.feed.post/3m2mfzmw5fs2y
binder sale,2025-10-02T17:53:00.254Z,dtsjr.bsky.social,"No matter the reason I’m at the grocery store, I always visit the meat section for the discounts with a sale date of today, and lucky me I found three packs of half off beef short ribs that I’m smoking with oak for a while, sear, and then foil wrap in the oven. Should be solid dinner. Will update.",5,0,at://did:plc:2ucgkhj632mk4z6x2qp6otrz/app.bsky.feed.post/3m2a4nvdtck27
binder sale,2025-09-24T18:45:08.453Z,birdiesbindings.bsky.social,"If you're a fan of the UK based only shop 'Not On Amazon' then my notebooks can be found and bought from there too! 

It's a marketplace for craftspeople who receive 100% of the sale price.

www.notonamazon.org/vendor/birdi...

#bookbinding #booksky #notebooks #journals #smallbusiness",1,0,at://did:plc:e4gzbbo77ug66jaivsbegpkm/app.bsky.feed.post/3lzm3tu7tk22x
binder sale,2025-09-24T00:02:05.907Z,inperkssales.bsky.social,"Beginning of Fall 🍂 #Sale🚨 #Disneysky #LiloandStitch
Fashion Angels Disney's Stitch 3-Ring Binder Stationery Set, Includes Journal, Stickers, Pens, Markers, Pouch  More, Ideal for Gifting Accessorizing for Kids & Teens,   www.amazon.com/gp/product/B...",1,1,at://did:plc:43m2vonyky5stiq5tmne4ufg/app.bsky.feed.post/3lzk53mpxa22j
binder sale,2025-09-21T14:37:42.510Z,gritz.bsky.social,"series two is live for trade and sale. 

included in series two is a 5×7 folded card with 2 panels of 4 cards each. 

6 slaps. an individual Dick Pole card to fill out the binder page. 

2 of the glitter/foil stickers and 1 of the 3 refrigerator magnets.

gritzwear.bigcartel.com",4,1,at://did:plc:fhwwhiw47p44e4cur4473oh7/app.bsky.feed.post/3lze4mgl34k2p
binder sale,2025-09-07T17:34:05.108Z,nightowlcardz.bsky.social,My kind of binder. #cardsky,29,2,at://did:plc:4fgb7z3jxofbrhrqixp3hu7t/app.bsky.feed.post/3lyb7wnuprc2u
binder sale,2025-09-02T03:22:48.208Z,deathritera.men,Adding a bunch of thermal printer proxies to my trade binder. Not for sale; always for trade.,0,0,at://did:plc:lb433t5ggakglzgwoxjljqvr/app.bsky.feed.post/3lxt625bjs22h
binder sale,2025-09-01T14:34:12.208Z,zenoagency.bsky.social,"The Kindle edition of LEGENDS & LATTES by @travisbaldree.bsky.social is currently only 99p in the UK!

www.amazon.co.uk/Legends-Latt...

Published by @torbooksuk.bsky.social.",21,7,at://did:plc:jhvad44lycmrqwjtbvpbkm2g/app.bsky.feed.post/3lxrt3v3ya22w
binder sale,2025-08-30T20:27:05.216Z,lesbearian.bsky.social,Was worth it to go out though because I found a new card binder that was on sale that had side loading card sleeves so.. excited to fuck around with that tonight,3,0,at://did:plc:kef6r3nwzsz2qzw7trlqtvzj/app.bsky.feed.post/3lxnfv56umc2w
binder sale,2025-08-30T19:29:11.908Z,thesweatercats.bsky.social,"the kitties helped organize some card binders of pkmn, Gundam and etc anime tcg that will be fur sale at it!! 🐈",2,0,at://did:plc:7xykiuvlx7z2vt4e2347bedw/app.bsky.feed.post/3lxncnisadc24
binder sale,2025-08-29T13:50:52.706Z,billie.bookstoreromanceday.org,This would work for board games better than puzzles. You can binder clip the baggie of pieces to the game board. I guess you could do the same with puzzles—cut the art from the box & clip the pieces to that. Store everything in a plastic storage bin. It's just harder to donate or garage sale later.,2,0,at://did:plc:egtkuay72hkdcfk53vqumo5y/app.bsky.feed.post/3lxk7bqwcec2k
binder sale,2025-08-25T10:31:02.401Z,golgariguy.bsky.social,"Oh in that case I'm like you. If a card that's sitting in my binder and I'm likely to not use anytime soon goes above 10€, it's gonna be put for sale asap.",1,0,at://did:plc:yyzpkz3k6dwfideo5d7e25k5/app.bsky.feed.post/3lx7sanu7jc2e
binder sale,2025-08-25T08:37:05.105Z,jonnysilence.bsky.social,"Pretty sure, the most I've ever spent on a single card was ~45€ for a noble Hierarch, but I bought a full playset. 

Most expensive card I have I got in an old binder from a garage sale, that had both an Earthcraft and a Volrath's stronghold, along with some more stuff for a round 50€.",1,0,at://did:plc:4ysdbn2szeuayumxhi7oub4r/app.bsky.feed.post/3lx7lutxfqc2a
binder sale,2025-08-23T16:45:40.602Z,callykarishokka.bsky.social,"Found a binder of modern pokemon cards at a garage sale for $50!

...I should have checked the condition of the cards more closely OH WELL THESE THINGS HAPPEN",2,0,at://did:plc:i7zpoyzbtyfsyei7vm2royzz/app.bsky.feed.post/3lx3garnaw22w
binder sale,2025-08-17T10:54:44.512Z,moonnighmare.bsky.social,"whatnot.com/s/1B51P1FX

I am streaming binder transplants (old binders took too long to organize and have suffered a bit of environmental damage, I also have duplicates up for sale.",0,0,at://did:plc:dbwb7ltsgctrlyyo72gjdqn3/app.bsky.feed.post/3lwlptpbp7c2y
binder sale,2025-08-17T09:40:50.405Z,hearthablaze.bsky.social,"Introducing everybody’s favourite salesperson, Salé C. Salé! Call them weird all you want, but that’s their brand! Although… a little makeover couldn’t hurt.

Made this character for an online roleplay with some uni friends. I both love and hate this rat (mostly love).",5,1,at://did:plc:adctqpsy4vumcsb653nhioua/app.bsky.feed.post/3lwllpfl7ok2m
binder sale,2025-08-13T19:12:24.310Z,thevideogrant.bsky.social,"Any fun finds in the CD binder?

Outside of a garage sale or donation center, not much you can do with CDs anymore unfortunately",0,0,at://did:plc:fys2v32btunm2f7pai54fwer/app.bsky.feed.post/3lwcjrw4cgs2j
binder sale,2025-08-11T23:54:44.210Z,raiykei.bsky.social,"Concept i dont like.

This one was hard bc i dont keep pcs if i dont like them lmao i had to dig thru my sale binder",0,0,at://did:plc:ao5ow3ff4gsr4tiv7gg7ryym/app.bsky.feed.post/3lw5ymu7gt22n
binder sale,2025-08-02T06:24:44.305Z,blazingcharizard.bsky.social,The cards for $1 would be mostly Pokemon v and ex cards as well! I figured that I would have a bunch of those types of cards for sale as well too! So there's that as well too! Was thinking of using a 160 card binder for those as well too! So there's that as well too!,0,0,at://did:plc:neudybzkmvprgmbtyma2im7b/app.bsky.feed.post/3lvfjr4uw6k2b
binder sale,2025-08-02T06:24:44.246Z,blazingcharizard.bsky.social,So there's going to be 3 or 4 total binders full of cards for sale as well too! Each binder holds 360 cards in each! So there's that as well too! i will be penny sleeving all the cards before putting them into the binders as well too! Since I have tons of bulk to go through it'll take a few days!,0,0,at://did:plc:neudybzkmvprgmbtyma2im7b/app.bsky.feed.post/3lvfjr4usbk2b
binder sale,2025-08-02T06:24:44.204Z,blazingcharizard.bsky.social,It's a great weekend! So far I've been sorting through my Pokemon card bulk and getting cards set up in a binder for my garage sale next year! So far 1 binder is halfway filled up! I figured having them organized in binders would be safer then loose in a cardboard box as well as them being organized,0,0,at://did:plc:neudybzkmvprgmbtyma2im7b/app.bsky.feed.post/3lvfjr4uem22b
binder sale,2025-07-31T14:37:12.910Z,seaaverage.bsky.social,"Help Me Recoup from Buying Dual Lands Sale!

Been slowly picking up duals that I am missing, so I'm looking to sell some stuff that I don't need. Notable things include Galaxy Foil lands, Showcase Icetill Explorer, and Storm, Force of Nature. DM any offers!

List:
moxfield.com/binders/bwzI...",2,2,at://did:plc:tvlmp3rocitiln25chldzogn/app.bsky.feed.post/3lvbedved622c
binder sale,2025-07-29T19:38:16.103Z,fabricframes.bsky.social,www.zazzle.com/queen_of_hea... #sale #save 20% off #Queen #of #Hearts #gold #crowns #tiaras #binder #back #to #school #crown #tiara #planner #organization #trending 39 #views #Zazzle #Zazzlemade #colors #prints ends #30July #July30th #2025 #July29 #July30 #July31 #NJ #PA #NY #CA #US #Canada #Europe,1,0,at://did:plc:64pmjky2ghpuh2iaog6ozemn/app.bsky.feed.post/3lv4uaepq5k2g
binder sale,2025-07-29T19:37:19.406Z,fabricframes.bsky.social,www.zazzle.com/queen_of_hea... #sale #save 20% off #Queen #of #Hearts #crown #binder #back #to #school #tiara #planner #organization #trending 24 #views #Zazzle #Zazzlemade #colors #prints ends #30July #July30th #2025 -  #July29 #July30 #July31 #NJ #PA #NY #CA #US #Canada #Europe #worldwide,1,0,at://did:plc:64pmjky2ghpuh2iaog6ozemn/app.bsky.feed.post/3lv4u6orwks2g
binder sale,2025-07-26T14:41:05.930Z,faffers.bsky.social,Neat! I had the '97 version of this card for a while. I had gotten it in a binder of old mtg cards at a garage sale for $30.,1,0,at://did:plc:o3ihioekv7g7nzxj3wylqmne/app.bsky.feed.post/3luusa62boc25
binder sale,2025-07-24T23:41:08.338Z,xentinael.bsky.social,ok I got an underworks binder that fits...okay. it doesnt feel super solid but its whatever. ordered some of the GC2B sale binders to try those in 2 different sizes too....here's hoping ........,4,0,at://did:plc:2sqiykw2rm2on6elq47z6i74/app.bsky.feed.post/3luqpi2jfts2b
binder sale,2025-07-21T12:30:05.142Z,germanico.bsky.social,A once saw a production binder with xeroxes of the complete Peter Pound storyboards on sale on ebay. It wasn't cheap but I still feel remorse not buying it.,1,0,at://did:plc:smla5jc22onsw7s2chszgagg/app.bsky.feed.post/3luhylc5kwk2h
binder sale,2025-07-20T21:23:29.347Z,haunteddrivein.bsky.social,"You should put one of each design in a binder like they use for trading cards. Someone selects one, you pull it out of the bin for a sale.",0,0,at://did:plc:knr4beq3lq6difkyd7utamnj/app.bsky.feed.post/3lugfwakgi22k
binder sale,2025-07-14T23:00:07.964Z,mfsteve.bsky.social,"One of the other shows on sale was a country music performer but those seats were assigned. If they were lined up in front of you, you had to wait while they chose their seats from a map in a big 3-ring binder. Meanwhile, tix for the show you want are selling out at all the other TM locations.",3,0,at://did:plc:gd7xmghlwh6w22poxvag6izl/app.bsky.feed.post/3ltxijjnz7c23
binder sale,2025-07-14T17:16:47.840Z,kenan14.bsky.social,"1) Know someone at a Ticketmaster location who'd let you go through the binder of seat maps to find a decent tickets (RIP, HMV @ Lenox Mall)
2) Work at a place that had Ticketmaster (Publix!) and watch people fight in line for Backstreet Boys tickets on on-sale mornings. Cash only, whatever you get.",1,0,at://did:plc:qdc3t3z4bpzbj3uhattqzcol/app.bsky.feed.post/3ltwvdm3ivz24
binder sale,2025-07-10T18:13:51.742Z,faengelic.bsky.social,"one of my grail items came in the mail today💕 it's a pokemon center exclusive ring binder I've only seen for sale once (this one) and I've wanted for literal years!! it's SO flipping cute 🥹 and it came with a TON of card holder pages fnsjg 
maybe too many but STILL 

obsessed is an understatement💖",22,2,at://did:plc:mirqdqsi2xdh2m6zcbo3aq7v/app.bsky.feed.post/3ltmwnsble22a
binder sale,2025-07-08T15:36:53.144Z,richienewport.bsky.social,"Guaranteed Trump got paid to order Bondi to fire that attorney. 

How much was it?

These folks too. “Justice” is for sale. Just pay Trump.",6,0,at://did:plc:7cek72a2ecr5xb7u45kyoivq/app.bsky.feed.post/3lthmxe4wqk2j
binder sale,2025-07-02T20:44:59.342Z,drakeduck.bsky.social,Sometimes the most interesting things at yard sales are not actually for sale.,29,0,at://did:plc:q4qnywdm5eso5j4zfzeljx2w/app.bsky.feed.post/3lsz3eosbxc25
binder sale,2025-07-02T02:21:16.436Z,moscowmule.bsky.social,"I am reminded as a school age kid, there was a binder at a store during the back-to-school sale that said ""You down with OPP (Other People's Paper)"". I am am almost positive this really happened because this is how I learned what OPP meant.",0,0,at://did:plc:hwtqc7ziomppxljgzivfflwr/app.bsky.feed.post/3lsx5p7zs622c
binder sale,2025-06-24T21:10:39.141Z,chuchubox.bsky.social,"Just when you thought it was over.... (this one came from the ol' estate sale binder so no jewel case sadly)
(Jan 30th, 2023)",0,0,at://did:plc:ekvhxlxc7de4j5k6ngnnmvfl/app.bsky.feed.post/3lseyzj5z622b
binder sale,2025-06-19T18:01:13.642Z,bereinmage.bsky.social,"Holy cow that's a lotta people-
Uh, hiya! I'm BereinMage, do a lot of digital art with my OCs and occasionally things I'm a fan of!

Keep in mind I do some NSFW art, despite most of my stuff being SFW so far",7,1,at://did:plc:z3dwyuh4indiztzzh2mn3oqf/app.bsky.feed.post/3lry452zr3c2z
binder sale,2025-06-19T06:57:00.143Z,kawlundram.bsky.social,Despite keeping all my Switch carts in a big binder I’ve managed to somehow lose Link’s Awakening and the game hasn’t gone on sale in months and now I’m just,5,0,at://did:plc:r3epxvmcwh3s4gn2ponkn3a6/app.bsky.feed.post/3lrwx2b6zek2b
binder sale,2025-06-17T16:24:07.568Z,goddessofblunder.bsky.social,"moxfield.com/binders/CKhv...

I still have a huge list of cards I've been adding to my binders, Lego, comics, marvel legends for sale. Find my stuff in my past messages. Make an offer. 

DM or post here. PayPal. Make an offer.",2,1,at://did:plc:gdwnnuh46rydjy5z4jnybzbo/app.bsky.feed.post/3lrsvskanok2r
binder sale,2025-06-10T11:29:20.543Z,nekh.bsky.social,i'm also buying that n harmonia zoroark binder because i should like to casually collect cards. and very conveniently just as i have decided to do this the like 10 pokemon cards my best friend got me at a yard sale have mysteriously disappeared from my room. like. okay. thanks i guess,2,0,at://did:plc:cgp2vvzve6axfz3mrtcn565y/app.bsky.feed.post/3lras2ybs7c27
binder sale,2025-06-07T10:53:22.847Z,smolizzyhands.bsky.social,"i got a binder online on sale and i wasn't expecting it to fit, but it did, and now i don't really know what to do. what would you do in this situation. alternately tell me about your favorite music video",1,0,at://did:plc:gxmg6egpy4vnweuwyfhmxfpg/app.bsky.feed.post/3lqz6nw32f227
binder sale,2025-06-06T15:13:24.948Z,chocoboyjames.bsky.social,"Okay so, I wanted to get a Chocobo binder from the Ultra Pro website, the MTG one, since the website opened just now. But it all just says ""Coming soon"" and ""Notify me"" does that mean the website only opened for a notification?
Or was there a pre sale before and all is sold out already? ;-;",4,0,at://did:plc:iuiq5biyv6p4wmkjhx4ce6vh/app.bsky.feed.post/3lqx4pxgen22s
binder sale,2025-06-06T03:06:16.953Z,opmerchandise.bsky.social,"One Piece Card Game Chinese 2nd Anniversary Binder + Playmat is on sale at Exp Share Collectible.

escollectible.com/products/one...

$40 (20% off). Free shipping on orders $150+

#OnePiece
#OnePieceCardGame
#Ad",2,0,at://did:plc:wpkxkxnhvguruvdntidqrra5/app.bsky.feed.post/3lqvu3lba3s2k
binder sale,2025-06-04T04:57:32.649Z,ponyco.bsky.social,"So now I have to get all the paperwork for the horse and the pony for Brand inspections in Colorado which I forgot about.

The horse no problem   
The Pony ?  I have a binder that may be in this house and maybe in the storage container and I’m not sure I have an actual bill of sale.",0,0,at://did:plc:osb2tzdsbby47n6e7bujxqp5/app.bsky.feed.post/3lqqzetwpss2c
binder sale,2025-06-02T13:47:51.554Z,morelle.house.gov,"Trump has made it clear, justice is for sale if you're rich, famous, and loyal to him. After reportedly $30M in fraud, they get a ""get out of jail free card.""",8,11,at://did:plc:llhkrgim5vl3wevm6e3dyo6u/app.bsky.feed.post/3lqmw37pvfs26
binder sale,2025-06-01T18:25:29.351Z,fr34klet.bsky.social,Nevermind someone gave me $20 and my binder was on sale so I got a binder.,2,0,at://did:plc:4mfg4bm65q6beupgc4s6w7qk/app.bsky.feed.post/3lqkv4u23722p
binder sale,2025-05-30T17:57:27.656Z,monicaanneheart.bsky.social,"This country is a fucking joke. Anything and everything is for sale now...
www.nbcnews.com/news/us-news...",2,0,at://did:plc:qw3t2yvgnipt3od7hnr75r2t/app.bsky.feed.post/3lqfsmsymcc25
binder sale,2025-05-24T23:04:05.054Z,colinsmith.bsky.social,"So that was Saturday May 24th 2025. Crikey. Another day done, another (almost) here. So it goes. This is the way. (On sale this very week in 1943, just 82 years ago, Wow Comics #14, with its cover featuring Mary Marvel - who is no way playing a shrinking violet - by Jack Binder.) 

And so to bed …",30,2,at://did:plc:6hgx4pzt3hqazmnjizp63d62/app.bsky.feed.post/3lpxaxh4qbk2w
binder sale,2025-05-22T19:45:07.956Z,goodshipskypirate.bsky.social,"The comics I picked up from the hivemill 40% clearance sale. If there's any other webcomic books you guys wanna recommend that I get before the sale ends, let me know. I obsessively buy webcomic in book formats and I am always down to read new stuff. #webcomics",0,0,at://did:plc:irhc3ywq6pqhb75up2tazaeh/app.bsky.feed.post/3lpruvxdt7c2q
binder sale,2025-05-22T04:21:54.850Z,fabricframes.bsky.social,www.zazzle.com/queen_of_hea... #Queen of #Hearts #gold #crowns #tiaras #binder #crown #tiara #pattern #heart #diamonds #pearls #sale #save 10% off ends #28May #May28 #2025 #May22 #May23 #May24 #May25 #Zazzlemade #NJ #PA #NY #CA #US #Canada #Europe #prom #pictures #recital #photo #album #birthday,0,0,at://did:plc:64pmjky2ghpuh2iaog6ozemn/app.bsky.feed.post/3lpqbd6xo6222
binder sale,2025-05-19T22:14:37.850Z,blazingcharizard.bsky.social,It's been a great day as I got more stuff ready for the garage sale as well too! It's been a very busy day as well too. Got one card binder full of Star wars cards for sale for people to pick cards out from as well as getting a binder with other cards ready for the sale as well too!,1,0,at://did:plc:neudybzkmvprgmbtyma2im7b/app.bsky.feed.post/3lpklunkfds2q
binder sale,2025-05-17T02:08:05.247Z,blazingcharizard.bsky.social,Started back into the Pokemon cards collecting hobby this weekend! My family did go to a few garage sales earlier and we stopped at one that had some Yu-Gi-Oh cards and Pokemon for sale! Definitely had a blast there! Got some new cards for my Pokemon TCG cards binder as well too!,2,0,at://did:plc:neudybzkmvprgmbtyma2im7b/app.bsky.feed.post/3lpdhjcbpxk2o
binder sale,2025-05-16T22:02:42.550Z,meanlouise.bsky.social,"I was about to text you haha I’m still going to send you the picture of my Leslie Knope-esque event management binder. We do this b/c it’s way easier than a yard sale, & yet I still ended up with an operations manual 🤣🤣🤣 (which, tbf, is why it’s easy now).",2,0,at://did:plc:q5gr7epnmft56lwfgsbjt5un/app.bsky.feed.post/3lpczsjtzjk23
binder sale,2025-05-14T03:43:32.553Z,char7ine.bsky.social,"Put together a small trade/sell binder for my Pokemon cards! Just enough for a yard sale at my cousin’s place.
Maybe I’ll have a tiny bit more space in my room once I get together more cards to trade!",1,0,at://did:plc:hd4xu2qtohtrr535mzmsg3wo/app.bsky.feed.post/3lp43h7czz22z
binder sale,2025-05-07T08:34:18.345Z,vesper-v.bsky.social,"#Live2D Completed the original “Ms. Nurse” mass-market model (general-purpose model)
Syringe + holding binder + 7 points of expression
It is on sale at the following website

「ナースお姉さん」量販（汎用）モデル✨
注射器＋バインダーを持つ＋表情7点
下記で販売中

#Live2D #Live2dCommissions
#Live2DShowcase",9,3,at://did:plc:7r36lon54tmgi6xnuqsvesi4/app.bsky.feed.post/3lokygnxck222
binder sale,2025-05-02T18:53:14.286Z,angelaisms.bsky.social,"This little seed packet booklet that I made for this year’s seedling sale was such a good idea. 

It’s both-sides transparent photo sleeve pages in a prong binder. One seed packet per sleeve. And people can see what they’re getting without me having to awkwardly explain every time. Win-win.",1,0,at://did:plc:g6rpt4xmjcfw3eysvzxlbnkt/app.bsky.feed.post/3lo7ioroyfk2f
binder sale,2025-05-02T15:42:39.591Z,motorcyclesports.bsky.social,"Two years after Mugello record, 2023 KTM RC16 is up for sale",0,0,at://did:plc:22lskm3yq2efjhkanfdo346h/app.bsky.feed.post/3lo7622es5r26
binder sale,2025-05-01T08:33:52.482Z,simonbrew.bsky.social,"Half an hour chat with Geraldine Viswanathan, where I just about manage to hide my High School Musical binder that I got from the local car boot sale...",7,2,at://did:plc:e56wyv2qzkydsxkag4w2x3yb/app.bsky.feed.post/3lo3vmfcdhy2s
binder sale,2025-04-29T22:37:27.082Z,cult-papa.com,just came back from the future. i stopped at a millennial estate sale and nabbed a few dozen 'notice of disconnect' letters and a binder full of klarna debt ,8,0,at://did:plc:evlngincxz7yf6mjnegh5565/app.bsky.feed.post/3lnydsz2wbn2f
binder sale,2025-04-29T01:23:00.083Z,faithschaffer.bsky.social,"was just flipping thru my big binder of originals, hopefully going to have the sale next month! I'll be adding some brand new stuff, too <3",15,0,at://did:plc:mwhapzdwznjhcniuvjitp2yx/app.bsky.feed.post/3lnw4m3xz7c2r
binder sale,2025-04-28T03:10:29.479Z,raynegrimm.bsky.social,"I'll put it this way, my store still has binder sheets for sale for pogs. I'm adjacent to many a nerdy thing",2,0,at://did:plc:nzab5tyc7k56rgsrfn2kplli/app.bsky.feed.post/3lnts5fiays2r
binder sale,2025-04-25T16:36:41.084Z,zacharylesser.bsky.social,"Yes, but I think the larger point is, we have evidence this was a publisher-issued/encouraged sammelband, which therefore suggests it was bound at point of sale, not e.g. a decade or two later by a reader bringing their books to a binder. So it does tie the binding waste more closely to c.1608.",0,0,at://did:plc:hmdg534bxliixyajgj4xduxe/app.bsky.feed.post/3lnnns7vmhc2w
binder sale,2025-04-23T19:04:57.185Z,kenkurosakii.bsky.social,"-You HAVE TO pay property tax on your car, even if it’s paid off! 
-Keep an organized (by year) binder with all of your personal paperwork (ssn, etc).
-And please for the love of god, do not throw away any documents you have in regards to the sale, purchase, renewal or registration of ANYTHING.",2,1,at://did:plc:w36kcsn7jeractmmoqmbevph/app.bsky.feed.post/3lniv5j2bys2e
binder sale,2025-04-21T14:41:32.289Z,theycallmephones.bsky.social,"This weekend #tenshi_zilla and #sugarmouse hosted a #TeamRocket themed PokéFest to celebrate the release of “The Glory of Team Rocket”. It was so cool to be in the Rocket hideout! 🚀
.
#Pokemon #PokemonGO #ポケモンGO #ポケモン #GoSnapshot #GoSnapshotCelebration #ARoftheDay #PokemonTCG",2,0,at://did:plc:jpljdywcp63bzlqhtykdr5rp/app.bsky.feed.post/3lndfij3o7k23
binder sale,2025-04-21T11:33:22.684Z,affordableleather.bsky.social,"Last chance to save 20% off leather body harnesses, spanking binders and scratchy stainless steel cat nails with our EASTER discount code. 
Sale ends midnight tonight!
Affordableleather.co.uk/easter",1,1,at://did:plc:czao3odgksl7qynrcfgs2s32/app.bsky.feed.post/3lnd2y3snrk2q
binder sale,2025-04-14T08:20:45.478Z,ohiyolko.bsky.social,"#adoptable capybara girl for sale!!

SP1 $35 (personal)
SP2 $55 (commercial)

Included: 
1 reference sheet of the design (front+back)

Her backpack design is based off of my binder cover irl ><

Available on ko-fi! Link below
ko-fi.com/s/17b5ac4be9",5,4,at://did:plc:g5xvg4hzzx6iahqesxspuhxv/app.bsky.feed.post/3lmr4x6gdvs2s
binder sale,2025-04-11T03:36:05.583Z,roxyfoxy29.bsky.social,Anyone recommend a good chest binder? Need one as soon. Ive seen some for sale but the reviews are always mixed,1,0,at://did:plc:we47frwqr63iobv7zvk2qc6n/app.bsky.feed.post/3lmj3ngekr22e
binder sale,2025-04-05T06:50:01.501Z,kameoskye.bsky.social,And that's pretty much it for Pokemon cards. Anything & everything not binder-bound will eventually be available for sale or trade. More news on the absolute state of other sectors of my collection coming soon.,0,0,at://did:plc:63xa4pbtitgohu6xge42nlvr/app.bsky.feed.post/3lm2doqzqac2q
binder sale,2025-04-03T14:22:18.498Z,ucame2cashow.bsky.social,"I wanted a new binder for my Pokémon cards and some Polaroid film. They had it on sale at Target, but I got it from ebay.",1,0,at://did:plc:mxjeazcta643qinn4mibehht/app.bsky.feed.post/3llw3zof3kk23
binder sale,2025-04-01T03:48:51.108Z,ucame2cashow.bsky.social,"I need to get a new binder to save them all. I got the old ones at a barn sale in Vermont, 2015ish at a library sale, the old Japanese ones are from my mom. Current French I got in Montreal and Japanese from my co-worker.",1,0,at://did:plc:mxjeazcta643qinn4mibehht/app.bsky.feed.post/3llpxozjlz22o
binder sale,2025-03-28T05:53:40.501Z,deanlandoldtwitter.bsky.social,"Black Friday ... my big purchase, on sale, too! A Three-Hole Punch. Yes, for paper. I admit it, for me, for some things, paper beats digital. I’m waiting for the Three-Ring Binder to arrive. D-ring, to be specific. Couldn’t find that blue fabric sorta casing of yesteryear.",0,0,at://did:plc:aib5p3p5ph5qqn7aqdfevrl7/app.bsky.feed.post/3llg4smtjv325
binder sale,2025-03-25T02:23:51.165Z,tunk612.bsky.social,"2/2. sale, giving Israeli intel to Rus, sharing classified sub data with civilian, tweeting Iranian failed missile launch sat imagery, Steele dossier, missing Russia binder, collusion, high number of missing/killed assets US allies state Trump WH leaks like a sieve. Impeach Traitor Trump.",0,0,at://did:plc:folwd2jud73wtxjjbwxdep65/app.bsky.feed.post/3ll67oowlfs2i
binder sale,2025-03-24T17:52:34.391Z,hxppyhxt.bsky.social,"!!NORTHEASTERN USA LOCALS!!
I'll be selling my wares for the first time in person at the Trading Card Show in Ansonia, CT this Sunday, March 30th!
I'll be selling altered MTG and Pokémon cards, proxy tokens, and more.
Hope to see you there!
#cardshow #newengland #mtgalter #magicthegathering",3,0,at://did:plc:mbxwpq6ct2g2ivgokh4incie/app.bsky.feed.post/3ll5d4ecjgc2l
binder sale,2025-03-20T16:40:44.950Z,dirediredocks.bsky.social,Some kids in my neighbourhood put up a Pokemon card stand and I just think that's super cool.,62,0,at://did:plc:cbs5mhat646v67m5tfpkmku2/app.bsky.feed.post/3lkt5aap6vc2b
binder sale,2025-03-20T15:32:18.150Z,stgeorgestuff18up.bsky.social,"As I make more and more NSFW pieces, I think that I'm going to make a binder with pictures of everything for sale for the events I have where people ask about stuff but I cant display it",1,0,at://did:plc:ueeyctivabpbsiumeybonymq/app.bsky.feed.post/3lkszfwujbc2u
binder sale,2025-03-18T14:01:38.652Z,fuckyeah-sexshop.bsky.social,"Wir haben aktuelle viele Gender Expression Produkte (Binder, Tucking Pantys, Packer) im Sale. Wir bekommen bald neue Produkte und brauchen Platz im Regal. 🏳️‍⚧️
fuckyeah.shop/produkt-kate...",8,2,at://did:plc:n6ywlyldrgniia74iemxbrbr/app.bsky.feed.post/3lkntfz4yfc2p
binder sale,2025-03-13T13:10:01.352Z,imperialoffice.bsky.social,"It's QUICK, It's EASY, It's PROFESSIONAL. Check out the Davis Group Quickfit View binders, on sale all month long. FREE insert designs at  to make your binder look professional. Keep it all organized! Click to shop now! -> zurl.co/v6E9U  #davisgroup #binders",0,0,at://did:plc:zqvvadc2pb44plt2enodn23n/app.bsky.feed.post/3lkb673fiyv27
binder sale,2025-03-13T10:20:28.152Z,megbeu.bsky.social,man last nights dreams were wild. they ranged from finding my binder of pokemon cards at a friends garage sale to being in some ninja warrior type game then randomly in prison? Yup dream whiplash.,2,0,at://did:plc:oy5h3wokimjl53dv6zy67z5q/app.bsky.feed.post/3lkaupvflq22n
binder sale,2025-03-12T16:05:05.470Z,peripendrake.art,"He's even on spring sale 💙
peripendrake.storenvy.com/products/368...",6,1,at://did:plc:qn5r42m6nbkfnuyebkywky6s/app.bsky.feed.post/3lk6xj5kxc222
binder sale,2025-02-28T16:38:03.549Z,yepsang.bsky.social,okay instead of doing important things i finally desleeved all my pcs up for sale and took the ones im sellin w the album out the binder,1,0,at://did:plc:rli3uy75nxg7xyujasbohlyo/app.bsky.feed.post/3ljatr2z23c2i
binder sale,2025-02-23T21:01:27.360Z,pleasesearchmtg.bsky.social,"shout-out to the person who processed my binder sale today singing ""Whoever She Is"" by The Maine, while working. What an unexpected surprise #MCChicago",0,0,at://did:plc:bf6jq6pzdiewiu4utdc3yipe/app.bsky.feed.post/3liuq5jv2222a
binder sale,2025-02-23T18:16:18.554Z,donifmtgc.bsky.social,"Someone buy my cardboard? 
Here’s a listing of all cards $5 and up that I have for sale or trade! 😉 
moxfield.com/binders/jwIL...",2,0,at://did:plc:kajphzlv6viblf5vzeeyxxvv/app.bsky.feed.post/3liugw6wlms2w
binder sale,2025-02-23T05:24:59.750Z,bdjojocomics.bsky.social,"pouring your heart out

#badlydrawnjojocomics",22,4,at://did:plc:ssydsoa2yqg2eos5iafkufxo/app.bsky.feed.post/3lit3swy5r225
binder sale,2025-02-18T20:00:02.460Z,theukhighstreet.com,Magazines Direct: Binder Sale #voucher #promotion https://www.theukhighstreet.com/special/6887/617271/,0,0,at://did:plc:z66lkrfkzcmyzoadb4fv4dpr/app.bsky.feed.post/3lii2f3olry2k
binder sale,2025-02-03T15:42:33.867Z,2rzikkbou3ntafnir2qmmse0gwz.activitypub.awakari.com.ap.brid.gy,"Alleged Sale of “DarkMatter” Malware Binder Tool with FUD Capabilities A new development in t...

https://cyberpress.org/darkmatter-malware/

#Cyber #Security #News #Cybersecurity #Data #Breach #Ransomware #Cyber #Security #Cyber #security

Event Attributes",0,0,at://did:plc:fafoyafpfx2ize33fk7qe65s/app.bsky.feed.post/3lhbuykpsfeb2
binder sale,2025-02-03T14:23:12.515Z,2rzikkbou3ntafnir2qmmse0gwz.activitypub.awakari.com.ap.brid.gy,"Alleged Sale of “DarkMatter” Malware Binder Tool with FUD Capabilities A new development in t...

https://cyberpress.org/darkmatter-malware/

#Cyber #Security #News #Cybersecurity #Data #Breach #Ransomware #Cyber #Security #Cyber #security

Event Attributes",0,0,at://did:plc:fafoyafpfx2ize33fk7qe65s/app.bsky.feed.post/3lhbqkw5cnct2
binder sale,2025-02-02T18:53:46.659Z,mei-mc.bsky.social,I organize all of my toploaders for my sale opportunities in a binder; the goal is to fill the binder before I sell! I currently have four 8-pocket pages in my selling binder with only nine pockets filled..,1,0,at://did:plc:a62eiq22grhdmxdlf6rmmmqu/app.bsky.feed.post/3lh7p7s54os2x
binder sale,2025-02-01T12:27:08.052Z,artofreinav.bsky.social,Was looking forward to a shopee sale on the binder that suited my younger sibling 🥹 But the shop owner quickly opt out of the sale as soon as it started and now the binder costs the same. It's still Rm50+ 😭😭,3,0,at://did:plc:sp46l5mypom55nu2l7vnw5xd/app.bsky.feed.post/3lh4j5lduhc2m
binder sale,2025-02-01T01:13:14.349Z,bonabona11.bsky.social,"Vlando Travel Jewelry Organizer Case,Jewelry Storage Book Ring Binder with Clear Zipper Velvet Pouch Bag for Travel Essentials,Rings,Necklace,Earrings,Bracelets,Brooches,Gifts for Women-Sand Pink

Price: (as of - Details) From the brand VLANDO-A stylish designer brand, by exquisite craftsmanship,…",0,0,at://did:plc:2woctxdsg32obew53qa27no6/app.bsky.feed.post/3lh3dijpg762x
binder sale,2025-01-25T03:05:58.946Z,mrloogi.bsky.social,"i thought i sold all my pokemon cards at a yard sale when i was a kid but i found a small binder in my closet that has a few left over ones

most mega evolution cards, and some of these are a little valuable. i wanna sell them but idk where i would go (i dont like selling stuff online)",0,0,at://did:plc:673uja3ni6ir3kdfiyz3p2do/app.bsky.feed.post/3lgjwjppeg22s
binder sale,2025-01-24T20:57:40.447Z,geste.bsky.social,18 eggs/$10 on sale. Don't forget that other things like baked goods and meatloaf use eggs as a binder.,0,0,at://did:plc:xk6bvuyl222mwor7ffdym2tg/app.bsky.feed.post/3lgjbwwp2cs2j
binder sale,2025-01-16T15:34:50.658Z,modflyalters.bsky.social,"Custom Dihada, Binder of Wills!
Not for sale.",119,7,at://did:plc:konwrzx7s7kvfvyqlhtrzivf/app.bsky.feed.post/3lfum6gk5dc2n
binder sale,2025-01-09T16:06:59.556Z,signedinwine.bsky.social,"At the moment my system appears to be starting projects and leaving them scattered around in those. 

I did just recently purchase an interchangeable needle binder on sale and currently have one set in there.",5,0,at://did:plc:jwldricwqxpyss5ei556iqoc/app.bsky.feed.post/3lfd2pjvbs22w
binder sale,2025-01-05T22:59:46.551Z,cherrycharfox.bsky.social,"I miss my first gen holo charizard.

Whoever bought that binder at a garage sale must have been really happy.",1,0,at://did:plc:rsupihh66z46lvmof5h35nia/app.bsky.feed.post/3lezpvx6c622t
binder sale,2025-01-02T12:36:06.052Z,danorz.com,"I don't think the 5yo's new venture, Gluten Tag Store, is going to be in business for very long",0,0,at://did:plc:53fgoxesvvf4vqpdkxgk3vmg/app.bsky.feed.post/3ler3nu3a4s2h
binder sale,2025-01-01T04:16:42.949Z,rlyehsurfclub.bsky.social,I managed to get a binder from an estate sale that had every Fallen Empires card in it. still haven’t pulled the trigger on eBaying it yet,0,0,at://did:plc:fthpapai6ue7pfdhbn5wnliu/app.bsky.feed.post/3lenpc3vh522o
binder sale,2024-12-31T02:51:27.464Z,robjob4.bsky.social,I opened 17 chests a few days ago and got 190 play points and 9 tix after adding all the cards to a binder for sale to goatbots. That’s the best EV I’ve gotten in my last four or five openings. EV feels wrong.,0,0,at://did:plc:gxjtheqfucof43zgf2sdiyt6/app.bsky.feed.post/3lel22pgcqc2v
binder sale,2024-12-30T22:43:35.650Z,moviessilently.bsky.social,"I’m testing out Jackman’s, a new-to-me brand I got during a holiday sale but will hold off posting until the pans dry down so I can see how they behave when rewetted but they look good fresh and no binder separation.

Made in the UK for any devotees of “buy local” in that vicinity.",5,0,at://did:plc:tpg3qzw3niphci6ne5wdprfr/app.bsky.feed.post/3lekm7il7f22s
binder sale,2024-12-27T18:16:04.245Z,reienart.bsky.social,"Nuestros tanques fallan y están en menos números que nuestros enemigos... La solución debe ser poner un cañón naval, no, ¡Dos! en un tanque, si, y lo llamaremos Maus.
Seguro que sale mejor que invertir en los panzer 4 y en los stugs que están mas que probados.",1,0,at://did:plc:ow5xaawlfo4a55r4vqjdszm7/app.bsky.feed.post/3lecluc7glc25
binder sale,2024-12-27T17:42:15.557Z,jonesro.bsky.social,"My most recent make. Pattern is ""70's Sun"" by The Retro Quilter. My mods were to use 1930's repro fabrics (found cheap on sale) and round the corners so I could use a binder attachment to bind it. This was on my bucket list for a couple years.",12,1,at://did:plc:nrcjbihl76xf3ncf7debwj7w/app.bsky.feed.post/3lecjxtuc4k26
binder sale,2024-12-22T23:42:30.448Z,phillysir.com,"Another day before the holidays, another highlight video before all these leave from public sale in 2025.

Things were especially cold today, so for your first scene, we're going to light up some candles and melt some wax down on ya in ""Ragged Wax.""

#bdsm #kink #waxplay",1,1,at://did:plc:yftdp6xnjaabj6nvi2u4lumj/app.bsky.feed.post/3ldwlrfo5bc2k
binder sale,2024-12-20T18:40:03.954Z,mjthomas.bsky.social,The first thing I do after getting home from a sale is IMMEDIATELY putting the cash in my savings binder 😂🤓,4,0,at://did:plc:wkdkzadvrfdcgdqt5oa7kqf7/app.bsky.feed.post/3ldqzwtszxc2u
binder sale,2024-12-19T22:23:58.749Z,rosalarian.bsky.social,"For sale: chest binder, never washed",41,1,at://did:plc:izyhs2sdk3zbm65aawhyoosd/app.bsky.feed.post/3ldovyclwes2k
binder sale,2024-12-16T22:09:06.462Z,milknhoneynsfw.bsky.social,"Transformation Collar

This scenario was stuck in my head for weeks and I just had to sketch it out; Major finds a cool choker at a yard sale, but looks like there's more to it than meets the eye!

#furrynsfw #furryporn #nsfwart #furrywolf #transgender #binder #nsfw #transformation",4,1,at://did:plc:pa6ifkhxdsvwszalq6pywhpa/app.bsky.feed.post/3ldhdquhcgc2z
binder sale,2024-12-16T00:51:16.957Z,mywiredangel.bsky.social,"New A6 deco binder up for sale on my etsy! 🎀 #deco #kpop #photocards 

🔗 in replies",1,2,at://did:plc:ek7mcfj3jqkxkqcrh72cmmfo/app.bsky.feed.post/3ldf4du5h4c2r
binder sale,2024-12-15T02:21:06.158Z,aphextwinupdates.bsky.social,"🎂'Analord 10' was released 20 years ago today, on December 15th 2004.

The first entry in the Analord series (and the only one released as Aphex Twin, rather than AFX) was initially a Rephlex direct-sale exclusive, bundled with the now highly coveted Analord Binder.",4,0,at://did:plc:6qip2mxjeirdlgui3vcsgkpr/app.bsky.feed.post/3ldcqvkoklc2q
binder sale,2024-12-13T17:14:45.552Z,yepsang.bsky.social,and then my skz cards i cant decide to put up for sale or not so theyre in the back of my trade binder,1,0,at://did:plc:rli3uy75nxg7xyujasbohlyo/app.bsky.feed.post/3ld7bvrx5g22r
binder sale,2024-12-10T17:46:26.494Z,relic1962.bsky.social,"archive.org/details/img-...

The MAGAts have been bandying about that they are ""Christian Nationalists"". I found a bound batch of documents during a Library sale, scanned and uploaded them to the Internet Archive. It was founded as a hate group by Gerald L K Smith. See where this all came from.",1,1,at://did:plc:53t7afdsnclkf6zokyx7cfkn/app.bsky.feed.post/3lcxsbtlwhc2g
binder sale,2024-12-09T23:31:37.309Z,relic1962.bsky.social,"I wonder if many who think of themselves as ""Christian Nationalists"" realize the movement's origins? How it was founded by Gerald L. K. Smith, who was a Nazi sympathizer during the 30s archive.org/details/img-... This is what I scanned and uploaded from a document collection I found at the library.",0,0,at://did:plc:53t7afdsnclkf6zokyx7cfkn/app.bsky.feed.post/3lcvv42n2g22s
binder sale,2024-12-08T22:30:48.062Z,bitesizedarchie.bsky.social,Can you tell that we love Mini Marvels by @chrisgiarrusso.bsky.social?,32,3,at://did:plc:qhtybatxflruyjpycrdcdbsk/app.bsky.feed.post/3lctbacy4s22g
binder sale,2024-12-05T19:05:20.351Z,baypaintstudios.com,"Are you local to central North Carolina? You can now find Baypaintstudios alters at East Coast Gaming located in Cary. Ask to see the binder of stock alters for sale! 

#mtgalters ##magicthegathering",6,0,at://did:plc:tcjoawxfgrmvzsmoj2cqbpf4/app.bsky.feed.post/3lclee2tbuc2b
binder sale,2024-12-03T18:24:58.967Z,nerdalert210.bsky.social,Garge sale finds purchased a box of toys and found a binder of ..... #pokemon cards. Here's what I found #3 #pokemon #pokemongo #nintendo #pokemoncards #pokemoncommunity #pikachu #pokemontcg #pok #pokemonart #pokemoncollector #pokemontrainer #charizard #nerd #geek #sanantonio,1,0,at://did:plc:2nfd5avk4gwd74vufspchaaf/app.bsky.feed.post/3lcgb64wi5s2m
binder sale,2024-12-03T05:45:32.558Z,lifeisamazing.bsky.social,"So, I have a first edition, first impression set of Tolkien's The Lord of the Rings for sale, signed. Bound by royal binder Temple Binders of Oxford. A lovely set, pristine, clean, with excellent gilt page edging. Be nice if someone bought it from me before Christmas! www.ebay.co.uk/itm/29681264...",3,0,at://did:plc:mqh6tklrqwccwuqylkwg3chb/app.bsky.feed.post/3lcewq66h4k22
binder sale,2024-12-02T15:53:46.658Z,yesmelynda.bsky.social,"Me: I don’t shop during the Black Friday weekend! Capitalism can kick rocks.
Also me: *sees the binder I want on sale at an LGBTQIAA+ company I’ve been creepin on* 

DAMN

#nomoreboobs #flatlife #genderaffirmingselfcare",2,0,at://did:plc:redvgn5lyesp453l7myfkk3q/app.bsky.feed.post/3lcdiav7gwc2w
binder sale,2024-12-02T00:31:54.057Z,andyt813.bsky.social,"A few sets for sale. 
84 Fleer $65
89 UD w binder $150
71 Supers $400
78 w binder $225
PP/FF or Venmo",1,0,at://did:plc:6tm4rhk4ehqczfzpwpia4ho4/app.bsky.feed.post/3lcbuqhclj225
binder sale,2024-12-01T11:43:24.357Z,jasonandrade.bsky.social,"Another empty binder but I didn’t realise it was for the Apple //e!

The back has a serial number and “Demo copy, not for sale”

www.computinghistory.org.uk/det/67257/Za...",0,0,at://did:plc:otevrn33ze3y6fohevqjftut/app.bsky.feed.post/3lcajs234ck2g
binder sale,2024-12-01T06:22:14.750Z,geekyfeltfriends.bsky.social,"Okie dokie, made to order items are now unavailable until I reopen in a couple months ❤️ Ready to ship items will be available until Dec 15th as supplies last, and are still on sale 25% off until the 3rd.

These little guys make great gifts 🎁

GeekyFeltFriends.etsy.com",0,2,at://did:plc:3ldki2npdqn4zbibaz3362nb/app.bsky.feed.post/3lc7xtx3pk22u
binder sale,2024-11-29T21:00:05.459Z,cardkingdom.com,"Now's the time to pick up some stylish storage and get 10% back in store credit with our Black Friday Sale. You just need a CK account!

https://www.cardkingdom.com/mtg/binders/lynx-trading-card-binder-9-pocket-album-with-zipper?utm_source=referral&utm_medium=social&utm_campaign=bfcmprd3_112924",0,0,at://did:plc:p7w7trixpcb2tj43ewq3rhiq/app.bsky.feed.post/3lc4hxt5xus26
binder sale,2024-11-28T19:41:54.952Z,glossyub.bsky.social,"@ writers/journalers/ppl who like pretty things: paperblanks.com have a black friday sale on rn, up to 70% off, with some journals going from £24 to £7.50 (plus shipping). fsc-certified paper made of sustainable forest pulp, 100% recycled binder boards, and they’re also just genuinely beautiful.",0,0,at://did:plc:jovduosnvgoq7huydcafpli4/app.bsky.feed.post/3lbzt563suk25
binder sale,2024-11-27T18:12:54.056Z,nerdalert210.bsky.social,Garge sale finds purchased a box of toys and found a binder of ..... #pokemon cards. Here's what I found #3 #pokemon #pokemongo #nintendo #pokemoncards #pokemoncommunity #pikachu #pokemontcg #pok #pokemonart #pokemoncollector #pokemontrainer #charizard #nerd #geek #sanantonio,2,0,at://did:plc:2nfd5avk4gwd74vufspchaaf/app.bsky.feed.post/3lbx5oz5li223
binder sale,2024-11-27T14:38:21.964Z,i-lick.rocks,GC2B BLACK FRIDAY SALE OH YEAHHHHH I've been needing a new white binder for work for ages lol,1,0,at://did:plc:o3c5wtxydo3bf2nazcers34w/app.bsky.feed.post/3lbwrpkqkyk2m
binder sale,2024-11-27T06:36:11.656Z,masterpiececafe.bsky.social,"Black Friday SALE! Save 25%, use code BLKFRIWK2024 ... www.zazzle.com/vintage_chri... #VintageChristmas #VintageSantaClaus #RetroSantaClaus #ChristmasidComing #RetroChristmas #ChristmasSale #BlackFriday",7,4,at://did:plc:6ihq4ujfgu37jfkco6unuatp/app.bsky.feed.post/3lbvwqpwdis2w
binder sale,2024-11-25T17:47:29.860Z,himetokki.bsky.social,"Im a baby pokemon card collector and finally sorted my bulk and binder☺️!

If anyone wants to give the V/EX/arts a loving home (pic 3) please reply/dm! They'll also be available for purchase during the live toy sale on Thursday🩷🫶🏻

I iust want cute art and Tinkatons/flygons 🥹",8,0,at://did:plc:4fe2xc5wlawx2onosk4nklf6/app.bsky.feed.post/3lbs3dofvo225
binder sale,2024-11-25T10:42:18.193Z,xiayou1104.bsky.social,"Postcard is a free gift included with E3S set orders. Not for sale, resale in any form is strictly prohibited.

The glossy varnish layer will easily stick to smooth surfaces, if they accidentally get on the binder or sleeve but be careful to using.",14,2,at://did:plc:767ttrv3cwh62pgrykct2y2g/app.bsky.feed.post/3lbrdlieof22f
binder sale,2024-11-25T01:43:21.258Z,nerdalert210.bsky.social,Garge sale finds purchased a box of toys and found a binder of ..... #pokemon cards. Here's what I found #2 #pokemon #pokemongo #nintendo #pokemoncards #pokemoncommunity #pikachu #pokemontcg #pok #pokemonart #pokemoncollector #pokemontrainer #charizard #nerd #geek #sanantonio,2,0,at://did:plc:2nfd5avk4gwd74vufspchaaf/app.bsky.feed.post/3lbqfhq5du22c
binder sale,2024-11-25T01:41:53.767Z,nerdalert210.bsky.social,@animeninja.bsky.social Garge sale finds purchased a box of toys and found a binder of ..... #pokemon cards. Here's what I found #1 #pokemon #pokemongo #nintendo #pokemoncards #pokemoncommunity #pikachu #pokemontcg #pok #pokemonart #pokemoncollector #pokemontrainer #charizard #nerd #geek #sanantonio,5,0,at://did:plc:2nfd5avk4gwd74vufspchaaf/app.bsky.feed.post/3lbqff4wun22c
binder sale,2024-11-22T12:37:19.971Z,thepaladinstable.bsky.social,"Trading Card Binder for Lorcana - 20% Off
amzn.to/4eJs4Ru #Ad #Deals #BlackFriday #BoardGames #Sale #TCG #Lorcana",3,1,at://did:plc:rsauxaujjcbpzkzisr2aakui/app.bsky.feed.post/3lbjymf3je22r
binder sale,2024-11-22T00:56:44.683Z,chuchubox.bsky.social,"Next up is ATV: QUAD POWER RACING (another from the estate sale binder lmao also it's really scratched so let's see if it works)
(Jan 9, 2021)",1,0,at://did:plc:ekvhxlxc7de4j5k6ngnnmvfl/app.bsky.feed.post/3lbirhg2zhc2e
binder sale,2024-11-21T22:05:52.485Z,pringlesitalia.bsky.social,Lady binder for sale,0,0,at://did:plc:yxudzznrisqrpgibx55ec7gj/app.bsky.feed.post/3lbihw622df2w
binder sale,2024-11-20T00:19:15.479Z,serephitic.bsky.social,"Not the product photo I intended to share, but I got my keychain UV DTFs in better storage now, so I can find them easier! Most of these will be on sale soon, since I found a different printer with better color saturation",1,1,at://did:plc:ijvmbwsay4i3ufkpsowsmpfx/app.bsky.feed.post/3lbdogrbey22d
binder sale,2024-11-19T22:26:17.919Z,chuchubox.bsky.social,"I've decided to play through my collection of PS1 games because we've reached that level of quarantine boredom. I'm starting with this game I got in a binder of games from an estate sale and I have no idea what it is
(Dec 27, 2020)",2,0,at://did:plc:ekvhxlxc7de4j5k6ngnnmvfl/app.bsky.feed.post/3lbdhrlihys2y
binder sale,2024-11-18T11:41:21.561Z,lorcanafinance.bsky.social,"Good Morning Illumineers.  #lorcana portfolio (binder) on sale at Amazon for $16, usually $25. amzn.to/4fTwmGW",2,0,at://did:plc:sroqvg5zq3ev4biup2d4aqwm/app.bsky.feed.post/3lb7tmodrms2h
binder sale,2024-10-30T17:03:38.040Z,vuster.bsky.social,This funnily enough came out on my birthday and I was very tempted to hint towards wanting it. I instead have a massive chunk of Yugioh cards and a cool binder. Sounds like I got the better deal but I still may get it (the day it ends up on sale),1,0,at://did:plc:ki6zhr4z4unbwrzvptibqiwl/app.bsky.feed.post/3l7qmrhhbxg2p
binder sale,2024-10-28T16:31:42.114Z,foxnoctom.bsky.social,"Alter Fire Sale!! Clearing out my Binder!
Each alter is $25! Buy 2 and get free tracked Shipping! 
I can also include Token Sketches with each order!
DM's are open! Reposts are greatly appreciated, thank you!",6,3,at://did:plc:d6edqxvkmhysyspoaqnl5qet/app.bsky.feed.post/3l7lk2i37ar2f
binder sale,2024-10-27T06:03:12.621Z,batfeathers.bsky.social,"These are done!  They’re now in their binder clips and are resting and drying.  The last thing I need to do on these four is release them, stamp them, photograph them, and list them for sale.  They’re another four finished, with another five to be finished tomorrow!",2,0,at://did:plc:zphwrdo3vaneksdiujj3aoqv/app.bsky.feed.post/3l7hwhrjc5m2f
binder sale,2024-10-18T22:51:47.124Z,timdiggerm.bsky.social,"Sadly, this is how I'm feeling right now about, of all the dumb things, a binder of Return of the Jedi storyboards currently for sale on eBay which contains more than a few images not publicly available anywhere.",1,0,at://did:plc:j2amo6kqvvdesluasee56qyd/app.bsky.feed.post/3l6t2mwtxwy2w
binder sale,2024-09-14T12:24:32.637Z,gemmarose.bsky.social,"Setting up a #depop to help fund my binder acquisition. Not much on there yet, but tonight and tomorrow I'll be listing my duplicate comics, some books, T-shirts I never wear, etc.",1,0,at://did:plc:m6up52c2fswcmczg4gjje2ka/app.bsky.feed.post/3l44hq2sujw2v
binder sale,2024-09-13T22:33:40.798Z,lccamano.bsky.social,"the double ring binder on the top of the stack is from the 1973 New Hamburg Ontario Relief Sale ... one of my Mom's brothers made sure I got this after one of their sisters passed away ❤️❤️❤️ 

it is a treasure",0,0,at://did:plc:g2ruaypprbspft77cznj2jsu/app.bsky.feed.post/3l42zceerlh2t
binder sale,2024-09-11T12:14:55.025Z,marcmancuso.bsky.social,"Me: ugh laundry amirite
Me: *adjusts binder clips on toga made from floral vinyl tablecloth*
Grocery store manager: *clears throat*
Me: *gesturing in detergents aisle* Can't you put one of these on sale, like, just one of them?",4,2,at://did:plc:bipb4dclecr6l5ddp43jhxpr/app.bsky.feed.post/3l3uvs3le4m2o
binder sale,2024-09-03T19:44:00.109Z,paulie.cool,"A long time ago, I received a couple of packs of Star Trek: The Motion Picture trading cards and even managed to keep a few through the years. A few weeks ago, I found a sealed box for sale and got to complete the entire collection

(Also at my site: paulie.cool/t/2JJ)
#startrek #tradingcards #photo",0,0,at://did:plc:yypmmkvi5eyqnpx76mynmvqj/app.bsky.feed.post/3l3bl5ozpbq2d
binder sale,2024-08-28T23:00:48.175Z,necromatador.bsky.social,"Having fun making tiny notebooks out of vintage/unique playing cards (and also standard Bicycle cards)! You can find them up for sale on my Ko-Fi shop! They come with 20 pages of art-card sized paper w/binder rings to add more!

Bicycle: ko-fi.com/s/eaadd87c47
Unique/Vintage: ko-fi.com/s/b85f9c80fd",3,1,at://did:plc:i2wb7ylqqkc66l23wvruscfw/app.bsky.feed.post/3l2ste4y7cz25
binder sale,2024-08-19T04:34:05.098Z,jwononuw.bsky.social,"[help rt] - clearance sale seventeen

✅️ price on pict, cek ALT
✅️ splitpay, shopeevid, co event
❌️ exc packing dan adm shopee
📍dom bekasi, ina

wts wtt polaroid svt caratland 2020 scoups jeonghan hoshi wonwoo woozi mingyu fml attaca your choice best album 17 is right here dear carat ver cd pob",0,0,at://did:plc:3lytutx54on5hep43j5vhhet/app.bsky.feed.post/3l22bcv2k4c23
binder sale,2024-07-04T20:28:32.883Z,hojukoolander.bsky.social,Here’s a closer look at the binder of American Gladiators trading cards I picked up at a garage sale.,3,0,at://did:plc:w4ak56ya3k3uy5tgwgftht6j/app.bsky.feed.post/3kwib7ak5uj2a
binder sale,2024-11-18T17:05:02.852Z,leatherprison.bsky.social,New Body Binder now on sale at,1,0,at://did:plc:jtouatkd6f6u72fk2pxzkfu2/app.bsky.feed.post/3lbafpgxyhk2i
binder sale,2024-11-18T17:04:58.354Z,leatherprison.bsky.social,New Body Binder now on sale at,3,0,at://did:plc:jtouatkd6f6u72fk2pxzkfu2/app.bsky.feed.post/3lbafpcoxs22a
binder sale,2024-06-18T13:14:46.882Z,gyupuppies.bsky.social,"please help rt
˙⋆ WTS / WANT TO SALE ⋆˙

🏷 wts ina photocard svt seventeen mingyu fml binder jun ld m2u hotel membkit wonwoo carver heaven dino pob mukor joshua fts control henggarae hana",0,2,at://did:plc:p4zdouir3rumdi23ct564pyk/app.bsky.feed.post/3kv7biurjic2b
binder sale,2024-06-18T03:07:07.136Z,yaminohere.bsky.social,"btw, gcb2 has a few of their half binders on sale for like $29-35.  www.gc2b.co/collections/...
As someone who has one, if you're fat like me, and have a C-cup or bigger...a full binder might be better for you.  cuz if i lift my arms a certain way, EVERYTHING falls out lol",0,0,at://did:plc:kavzogyeshd533dtksl3ydzj/app.bsky.feed.post/3kv67kbreqt2d
binder sale,2024-06-09T10:39:09.196Z,pshhlovie.bsky.social,"want to sale aab enhypen mostly sunghoon.

– adm 5%
– bisa 🍊 udaa gratong extra 
- lampung 

# tags sunghoon ggu24 sunghoon 3rd anniv sunghoon naver live db hoon peniti hoon soljack sadame hoon 2rd anniv hoon sg22 hoon gg23 ni-ki ls binder 4p preloved",1,0,at://did:plc:acztqeg76vlacy4zlydeyxcx/app.bsky.feed.post/3kuiemeqawt2a
binder sale,2024-06-07T14:31:20.345Z,ardenpowell.bsky.social,"My book sale is underway (go buy my 99c books!), I'm out of my compression binder, I had a cookie for breakfast to celebrate both, and now I'm back to writing! I need another 1000 words on that horsey fantasy short, and to figure out how either rivers or magic works in my worldbuilding project.",16,3,at://did:plc:z5xz5pcqv2rh5szxw5j47pyk/app.bsky.feed.post/3kudqnnflhw25
binder sale,2024-04-29T22:28:21.019Z,cageyratfish.bsky.social,"My compression tops just arrived & i am patting myself on the back for buying 2 because they are PERFECT & now i can actually wear one instead of the binder i got from my surgeon. Plus, although they are still on sale at that site, the price has gone up to $45.99 & i got mine for $27.99 each yay",9,0,at://did:plc:zeytbxgl4t3fll3efksmbj7v/app.bsky.feed.post/3krcj4px3ok23
binder sale,2024-04-26T20:54:24.745Z,tsukipooki.bsky.social,"I’ve got another set of binder covers up for sale on Gumroad today. These fit the personal size 6 ring binder style like Filofax, Moterm and others. The artwork features a stationery flat lay for the stationery lovers out there. #stationery #illustration #smallbusiness tsukiyono.gumroad.com/l/bxlka",6,1,at://did:plc:h43s7r47ba7enfln44xqxm7l/app.bsky.feed.post/3kr2shxnxu223
binder sale,2024-04-21T20:21:00.513Z,shiftlessbum.bsky.social,"Bologna was on sale at my local independent grocery, $9 for a whole 2kg bologna!

Game on! I scored the bologna all over, smeared it with mustard as a binder, and then with a rub.

Smoking with hickory charcoal and hickory chips. Smoke for 2 - 3 hours, another 1 - 2 hours to go. 🍽️🍜",6,0,at://did:plc:qrncd22ywznckfpfcaqfkefb/app.bsky.feed.post/3kqo6bmatrc2h
binder sale,2024-04-03T09:15:16.000Z,diningandcooking.bsky.social,"7 pound pork butt on a Traeger Pro.

https://www.diningandcooking.com/1310161/7-pound-pork-butt-on-a-traeger-pro/

Grab it on sale today and it took around 12 hours unwrapped at 225 with BBQ delight oak pellets. I was going for a carnitas flavor so I injected it with Mojo sauce and used it for a …",0,0,at://did:plc:aattexikjlpex2xxdod2el5y/app.bsky.feed.post/3kp7qopvoqx2g
binder sale,2024-03-06T19:04:51.433Z,comicsinthega.bsky.social,"Comics for sale on the newsstands 80 years ago this month. Covers by C.C. Beck, Jack Binder, Mac Raboy, and Chad Grothkopf.  #Shazam!",54,9,at://did:plc:k5vwobjngg43lj7zuw2gudib/app.bsky.feed.post/3kn2el4emis2u
binder sale,2024-02-28T18:17:22.849Z,cyborgcharlotte.bsky.social,Planning on listing all the Pokémon and Yugioh cards I have for sale in one huge document. Going to be ordering another card binder this weekend and then hopefully I can start cataloguing and listing literally everything 😅,0,0,at://did:plc:h3nym4r3lp6wgdepnh63ausf/app.bsky.feed.post/3kmions4miv2u
binder sale,2024-02-04T12:04:58.144Z,jdbunchanumbers.bsky.social,"Go download the TCGplayer app, rifle through your trade binder and get yourself some store credit for those premium cards that are on sale.",0,0,at://did:plc:zm2xrwdkrudecbpawv3irznj/app.bsky.feed.post/3kklonqyves2k
binder sale,2024-01-04T02:02:40.627Z,hillingsama.bsky.social,I’ll be at ALA on Saturday only. Come find me and my little mobile box store of twst goodies! 😆,4,0,at://did:plc:6wn2kavbe6h6ttdy2oegefgp/app.bsky.feed.post/3ki4oka74zg2i
binder sale,2023-12-30T20:02:08.376Z,vriderch.northsky.social,"I know Hasbro spent $250K on the Binder of Revelation for nothing, but I would buy one if they just published it and made it for sale. I've wanted to read it for years, and it annoys me to no end that all that hard work just went to waste.",0,0,at://did:plc:o3eskfrf5lm6bctrr7pnclfm/app.bsky.feed.post/3khryjthuep2u
binder sale,2023-11-23T14:57:14.850Z,robinfinnart.bsky.social,"Busy day photographing and creating for my ❄️ early bird sale ❄️ tomorrow! Three new patches and a fourth in the works, new and old fine art prints, and hand-embellished block prints.",0,0,at://did:plc:ga4hsw43fbev2hiucgmy4ljv/app.bsky.feed.post/3keugam3vl62l
binder sale,2023-11-17T19:10:25.173Z,ex-shifter.bsky.social,"Anyway the rack sale is live! Go get a binder that fits you.

shapeshifters.co/product-cate...",0,0,at://did:plc:7vhythspphqaexntas26p2ut/app.bsky.feed.post/3kefrlqvp3k2p
binder sale,2023-11-13T15:19:49.182Z,ex-shifter.bsky.social,"Hello shapeshifters!
Our solid color chest binders are on sale 'til the end of this month.
shapeshifters.co/product/soli...

Get you a pop of color for any outfit and any season.",1,0,at://did:plc:7vhythspphqaexntas26p2ut/app.bsky.feed.post/3ke3ctqmlo32e
binder sale,2023-09-12T16:26:38.779Z,comicsinthega.bsky.social,"Comics for sale on the newsstands 80 years ago this month. Covers by C.C. Beck, Jack Binder, Mac Raboy, and Chad Grothkopf.",30,4,at://did:plc:k5vwobjngg43lj7zuw2gudib/app.bsky.feed.post/3k77jo6dnj52d
binder sale,2023-09-05T22:19:36.542Z,dracosys.bsky.social,"Oyyyy sorting through this binder we got at a garage sale to price it out and see if it was worth the investment 

Once that's done.... Saucy art time uwu 

-Shad",1,0,at://did:plc:bvjtfr454sfycrud2b2gkpft/app.bsky.feed.post/3k6ok4tnir22q
binder sale,2023-08-25T22:25:50.807Z,bibiblossoms.bsky.social,"Hi I'm Abi! I'm a Black disabled queer creator! Please share, it could lead to my next sale!

I need 2100$ for a sleep apnea device. So please share!

I sell pins, compression gloves, artist gloves, wrist braces, elbow sleeves, compression socks & more! 

Store details below!",85,79,at://did:plc:pqz2jjsqkcq2d7a74k4mmdf4/app.bsky.feed.post/3k5svdvehbc2p
binder sale,2023-07-31T23:52:35.485Z,bibiblossoms.bsky.social,"Hi I'm Abi! I'm a Black disabled queer creator! Please Repost, it could lead to my next sale!

I sell pins, stickers, compression gloves, artist gloves, hip braces, binders, wrist braces, elbow sleeves, compression socks, knee braces, ita backpacks, plushies & more! 

Store details below!",124,84,at://did:plc:pqz2jjsqkcq2d7a74k4mmdf4/app.bsky.feed.post/3k3u6jwvma72o
binder sale,2023-07-31T15:01:29.595Z,brainchild129.bsky.social,"Yeah, it was for sale in a binder full of pencil boards, but it immediately caught my eye.",1,0,at://did:plc:3wyqcpooocve3boge5s2vty7/app.bsky.feed.post/3k3taud3ayx2h
