Group_Name,Group_QID,Member_Name_EN,Member_Name_KO,Member_QID,Kind,Source
&TEAM,Q112834233,EJ,의주,Q127427815,GROUP,Wikidata_P463_P527
&TEAM,Q112834233,Fuma,,Q116226147,GROUP,Wikidata_P463_P527
&TEAM,Q112834233,Harua,,Q117746551,GROUP,Wikidata_P463_P527
&TEAM,Q112834233,Jo,죠,Q116226149,GROUP,Wikidata_P463_P527
&TEAM,Q112834233,K,,Q116226143,GROUP,Wikidata_P463_P527
&TEAM,Q112834233,Maki,,Q116226150,GROUP,Wikidata_P463_P527
&TEAM,Q112834233,Nicholas,왕이샹,Q104723121,GROUP,Wikidata_P463_P527
&TEAM,Q112834233,Taki,,Q120696543,GROUP,Wikidata_P463_P527
&TEAM,Q112834233,Yuma,,Q116226148,GROUP,Wikidata_P463_P527
100%,Q307482,Jang Hyuk-jin,혁진,Q16183318,GROUP,Wikidata_P463_P527
100%,Q307482,Jo Jong-hwan,조종환,Q134519415,GROUP,Wikidata_P463_P527
100%,Q307482,Kim Chan-yong,김찬용,Q134519525,GROUP,Wikidata_P463_P527
100%,Q307482,Kim Rock-hyun,록현,Q55729432,GROUP,Wikidata_P463_P527
100%,Q307482,Lee Sang-hoon,이상훈,Q16177982,GROUP,Wikidata_P463_P527
100%,Q307482,Seo Min-woo,서민우,Q12600918,GROUP,Wikidata_P463_P527
100%,Q307482,Woo Chang-bum,우창범,Q134519562,GROUP,Wikidata_P463_P527
10cm,Q493329,Kwon Jung-yeol,권정열,Q47541434,GROUP,Wikidata_P463_P527
14U,Q50374980,Loudi,로우디,Q56393596,GROUP,Wikidata_P463_P527
15&,Q491777,Baek Ye-rin,백예린,Q9021940,GROUP,Wikidata_P463_P527
15&,Q491777,Jamie,박지민,Q492065,GROUP,Wikidata_P463_P527
1TEAM,Q63724459,BC,BC,Q65052566,GROUP,Wikidata_P463_P527
1TEAM,Q63724459,Lee Jin-woo,진우,Q97339428,GROUP,Wikidata_P463_P527
1TEAM,Q63724459,Lee Jung-hoon,정훈,Q105706537,GROUP,Wikidata_P463_P527
1TEAM,Q63724459,Lee Ru-rin,이루빈,Q65052562,GROUP,Wikidata_P463_P527
1TEAM,Q63724459,Moon Je-hyun,제현,Q107109710,GROUP,Wikidata_P463_P527
1TYM,Q485884,Song Baek-kyeong,송백경,Q19657317,GROUP,Wikidata_P463_P527
1TYM,Q485884,Taebin,태빈,Q7674722,GROUP,Wikidata_P463_P527
1TYM,Q485884,Teddy Park,테디,Q7694067,GROUP,Wikidata_P463_P527
1the9,Q61652710,Kim Jun Seo,김준서,Q104723606,GROUP,Wikidata_P463_P527
1the9,Q61652710,Shin Ye-chan,예찬,Q115287775,GROUP,Wikidata_P463_P527
1the9,Q61652710,Yoo Yong-ha,유용하,Q105717556,GROUP,Wikidata_P463_P527
2AM,Q498701,Jo Kwon,조권,Q485667,GROUP,Wikidata_P463_P527
2AM,Q498701,Jung Jin-woon,정진운,Q624207,GROUP,Wikidata_P463_P527
2AM,Q498701,Lee Changmin,이창민,Q6781593,GROUP,Wikidata_P463_P527
2AM,Q498701,Lim Seul-ong,임슬옹,Q5244665,GROUP,Wikidata_P463_P527
2EYES,Q14298828,Jung Da-eun,정다은,Q55734060,GROUP,Wikidata_P463_P527
2NE1,Q171885,CL,CL,Q483683,GROUP,Wikidata_P463_P527
2NE1,Q171885,Minzy,공민지,Q483842,GROUP,Wikidata_P463_P527
2NE1,Q171885,Park Bom,박봄,Q494154,GROUP,Wikidata_P463_P527
2NE1,Q171885,Sandara Park,박산다라,Q496170,GROUP,Wikidata_P463_P527
2PM,Q222760,Hwang Chansung,찬성,Q496362,GROUP,Wikidata_P463_P527
2PM,Q222760,Jang Wooyoung,우영,Q488344,GROUP,Wikidata_P463_P527
2PM,Q222760,Jay Park,박재범,Q429046,GROUP,Wikidata_P463_P527
2PM,Q222760,Jun. K,Jun. K,Q484815,GROUP,Wikidata_P463_P527
2PM,Q222760,Lee Jun-ho,이준호,Q488423,GROUP,Wikidata_P463_P527
2PM,Q222760,Nichkhun,닉쿤,Q483288,GROUP,Wikidata_P463_P527
2PM,Q222760,Ok Taec-yeon,택연,Q483363,GROUP,Wikidata_P463_P527
3YE,Q65269682,Park Yu-rim,박유림,Q73799496,GROUP,Wikidata_P463_P527
3YE,Q65269682,Son Yu-ji,손유지,Q47973704,GROUP,Wikidata_P463_P527
3YE,Q65269682,Yoon Ha-eun,윤하은,Q73800425,GROUP,Wikidata_P463_P527
4Minute,Q39682,Heo Ga-yoon,허가윤,Q485698,GROUP,Wikidata_P463_P527
4Minute,Q39682,Hyuna,현아,Q234066,GROUP,Wikidata_P463_P527
4Minute,Q39682,Jeon Ji-yoon,전지윤,Q491612,GROUP,Wikidata_P463_P527
4Minute,Q39682,Kwon So-hyun,권소현,Q485511,GROUP,Wikidata_P463_P527
4Minute,Q39682,Nam Ji-hyun,손지현,Q486483,GROUP,Wikidata_P463_P527
82Major,Q125200744,윤예찬,윤예찬,Q124961641,GROUP,Wikidata_P463_P527
8TURN,Q116813012,Cho Kyungmin,조경민,Q116937218,GROUP,Wikidata_P463_P527
9MUSES,Q498385,Bini,비니,Q16083125,GROUP,Wikidata_P463_P527
9MUSES,Q498385,Euaerin,이유애린,Q12612291,GROUP,Wikidata_P463_P527
9MUSES,Q498385,Gyeongree,경리,Q16080053,GROUP,Wikidata_P463_P527
9MUSES,Q498385,Jo Sojin,소진,Q19657310,GROUP,Wikidata_P463_P527
9MUSES,Q498385,Kim Ra-na,김라나,Q12587301,GROUP,Wikidata_P463_P527
9MUSES,Q498385,Lee Keum-jo,이금조,Q19657173,GROUP,Wikidata_P463_P527
9MUSES,Q498385,Moon Hyun-ah,현아,Q19794442,GROUP,Wikidata_P463_P527
9MUSES,Q498385,Park Eun-ji,은지,Q16090686,GROUP,Wikidata_P463_P527
9MUSES,Q498385,Pyo Hye-mi,표혜미,Q16092552,GROUP,Wikidata_P463_P527
9MUSES,Q498385,Ryu Se-ra,류세라,Q7385484,GROUP,Wikidata_P463_P527
A-JAX,Q492271,Ham Seung-jin,함승진,Q66629482,GROUP,Wikidata_P463_P527
A-JAX,Q492271,Jo Joong-hee,중희,Q97239593,GROUP,Wikidata_P463_P527
A-JAX,Q492271,Kim Hyeong-kon,형곤,Q16070940,GROUP,Wikidata_P463_P527
A-JAX,Q492271,Lee Seung-yeop,승엽,Q9205048,GROUP,Wikidata_P463_P527
A-JAX,Q492271,Maeng Yun-young,맹윤영,Q9126881,GROUP,Wikidata_P463_P527
A-JAX,Q492271,Moon Ji-hoo,문지후,Q9144894,GROUP,Wikidata_P463_P527
A-JAX,Q492271,Park Sung-min,성민,Q9194275,GROUP,Wikidata_P463_P527
A-JAX,Q492271,Seo Jae-hyung,서재형,Q9188714,GROUP,Wikidata_P463_P527
A.C.E,Q30236860,Kang Yu-chan,강유찬,Q113357150,GROUP,Wikidata_P463_P527
A.C.E,Q30236860,Kim Byeong-kwan,김병관,Q134315860,GROUP,Wikidata_P463_P527
A.C.E,Q30236860,Lee Ji-ham,이지함,Q134315862,GROUP,Wikidata_P463_P527
A.C.E,Q30236860,Park Jun-hee,박준희,Q131465180,GROUP,Wikidata_P463_P527
A.C.E,Q30236860,Wow,와우,Q134315861,GROUP,Wikidata_P463_P527
A.De,Q22773985,Ahn Cho-yoon,초윤,Q77266855,GROUP,Wikidata_P463_P527
A.De,Q22773985,Mi-so,미소,Q60703983,GROUP,Wikidata_P463_P527
A.De,Q22773985,Park Hae-young,해영,Q79404589,GROUP,Wikidata_P463_P527
A.De,Q22773985,Rachel,라헬,Q79404600,GROUP,Wikidata_P463_P527
A.De,Q22773985,Suyeon,수연,Q60703937,GROUP,Wikidata_P463_P527
A.De,Q22773985,Yeorin,여린,Q79404602,GROUP,Wikidata_P463_P527
A.De,Q22773985,Yoo Ji-seo,지서,Q79404603,GROUP,Wikidata_P463_P527
AB6IX,Q63852480,Jeon Woong,전웅,Q64684322,GROUP,Wikidata_P463_P527
AB6IX,Q63852480,Kim Dong-hyun,김동현,Q34438189,GROUP,Wikidata_P463_P527
AB6IX,Q63852480,Lee Dae-hwi,이대휘,Q30311778,GROUP,Wikidata_P463_P527
AB6IX,Q63852480,Park Woojin,박우진,Q30311706,GROUP,Wikidata_P463_P527
AHOF,Q135181578,Cha Woong Ki,웅기,Q12618529,GROUP,Wikidata_P463_P527
AHOF,Q135181578,Chien Chih En,,Q132076840,GROUP,Wikidata_P463_P527
AHOF,Q135181578,JL,,Q131920148,GROUP,Wikidata_P463_P527
AHOF,Q135181578,Zhang Shuaibo,장슈아이보,Q126684219,GROUP,Wikidata_P463_P527
AKMU,Q10728972,Lee Chan-hyuk,이찬혁,Q16071030,GROUP,Wikidata_P463_P527
AKMU,Q10728972,Lee Su-hyun,이수현,Q18697707,GROUP,Wikidata_P463_P527
ALLDAY PROJECT,Q134986635,Annie Moon,애니,Q137292194,GROUP,Wikidata_P463_P527
ALLDAY PROJECT,Q134986635,Bailey Sok,베일리,Q123912453,GROUP,Wikidata_P463_P527
ALLDAY PROJECT,Q134986635,Jo Woo-chan,조우찬,Q47088961,GROUP,Wikidata_P463_P527
ALLDAY PROJECT,Q134986635,Tarzzan,타잔,Q135580628,GROUP,Wikidata_P463_P527
ALLDAY PROJECT,Q134986635,Youngseo,영서,Q135644965,GROUP,Wikidata_P463_P527
ALPHA DRIVE ONE,Q136378026,Kim Jun Seo,김준서,Q104723606,GROUP,Wikidata_P463_P527
ALPHA DRIVE ONE,Q136378026,Leo,리오 리,Q126282778,GROUP,Wikidata_P463_P527
ALPHA DRIVE ONE,Q136378026,Sangwon,,Q136388152,GROUP,Wikidata_P463_P527
ALPHA DRIVE ONE,Q136378026,Xinlong,,Q137667477,GROUP,Wikidata_P463_P527
AMPERS&ONE,Q123458788,Brian Ho,브라이언 호,Q130218487,GROUP,Wikidata_P463_P527
AMPERS&ONE,Q123458788,Choi Ji-ho,최지호,Q130218347,GROUP,Wikidata_P463_P527
AMPERS&ONE,Q123458788,Kamden Winston Na,나캠든,Q130215845,GROUP,Wikidata_P463_P527
AMPERS&ONE,Q123458788,Kim Seung-mo,김승모,Q130222829,GROUP,Wikidata_P463_P527
AMPERS&ONE,Q123458788,Kyrell Valentine Choi,카이렐,Q130219374,GROUP,Wikidata_P463_P527
AMPERS&ONE,Q123458788,Mackiah Mercer,마카야,Q130222815,GROUP,Wikidata_P463_P527
AMPERS&ONE,Q123458788,Siyun,윤시윤,Q130218860,GROUP,Wikidata_P463_P527
AND2BLE,Q138948755,Han Yu-jin,한유진,Q117818067,GROUP,Wikidata_P463_P527
AND2BLE,Q138948755,Kim Gyu-vin,김규빈,Q117818049,GROUP,Wikidata_P463_P527
AND2BLE,Q138948755,Ricky Shen,리키,Q117817567,GROUP,Wikidata_P463_P527
AND2BLE,Q138948755,Yoo Seung-eon,유승언,Q139959901,GROUP,Wikidata_P463_P527
AND2BLE,Q138948755,Zhang Hao,장하오,Q117832250,GROUP,Wikidata_P463_P527
ANS,Q73795501,Bian,비안,Q73817100,GROUP,Wikidata_P463_P527
ANS,Q73795501,Dalyn,달린,Q73817097,GROUP,Wikidata_P463_P527
ANS,Q73795501,Dam I,담이,Q73817101,GROUP,Wikidata_P463_P527
ANS,Q73795501,Haena,해나,Q81812234,GROUP,Wikidata_P463_P527
ANS,Q73795501,J,제이,Q81811194,GROUP,Wikidata_P463_P527
ANS,Q73795501,Oh Se-jin,오세진,Q73817107,GROUP,Wikidata_P463_P527
ANS,Q73795501,Raon,라온,Q73817111,GROUP,Wikidata_P463_P527
ANS,Q73795501,Royeon,로연,Q73817106,GROUP,Wikidata_P463_P527
AOA,Q492035,Dohwa,도화,Q16767898,GROUP,Wikidata_P463_P527
AOA,Q492035,Kim Seolhyun,김설현,Q16173210,GROUP,Wikidata_P463_P527
AOA,Q492035,Kwon Mina,권민아,Q16171991,GROUP,Wikidata_P463_P527
AOA,Q492035,Park Cho-a,초아,Q16092089,GROUP,Wikidata_P463_P527
AOA,Q492035,Seo Youkyung,서유경,Q16767745,GROUP,Wikidata_P463_P527
AOA,Q492035,Seo Yu-na,유나,Q16767748,GROUP,Wikidata_P463_P527
AOA,Q492035,Shin Hye-jeong,혜정,Q16183324,GROUP,Wikidata_P463_P527
AOA,Q492035,Shin Ji-min,지민,Q16183093,GROUP,Wikidata_P463_P527
APRIL,Q20858387,Jeon So Min,소민,Q21058681,GROUP,Wikidata_P463_P527
APRIL,Q20858387,Kim Chae-won,김채원,Q21060406,GROUP,Wikidata_P463_P527
APRIL,Q20858387,Lee Hyun-joo,이현주,Q27920084,GROUP,Wikidata_P463_P527
APRIL,Q20858387,Lee Jin-sol,이진솔,Q25842431,GROUP,Wikidata_P463_P527
APRIL,Q20858387,Lee Na-eun,이나은,Q27658440,GROUP,Wikidata_P463_P527
APRIL,Q20858387,Rachel,레이첼,Q28063461,GROUP,Wikidata_P463_P527
APRIL,Q20858387,Yang Ye-na,양예나,Q27658442,GROUP,Wikidata_P463_P527
APRIL,Q20858387,Yoon Chae-kyung,윤채경,Q24859531,GROUP,Wikidata_P463_P527
ARIAZ,Q24834268,Choi Yeo-ri,최여리,Q80126990,GROUP,Wikidata_P463_P527
ARIAZ,Q24834268,Jang Hyog-yeong,장효경,Q80126992,GROUP,Wikidata_P463_P527
ARIAZ,Q24834268,Jo Ju-eun,조주은,Q80126993,GROUP,Wikidata_P463_P527
ARIAZ,Q24834268,Kang Si-hyeon,강시현,Q80126988,GROUP,Wikidata_P463_P527
ARIAZ,Q24834268,Kim Yun-ji,김윤지,Q80126986,GROUP,Wikidata_P463_P527
ARIAZ,Q24834268,Lee Da-won,이다원,Q80126987,GROUP,Wikidata_P463_P527
ARTMS,Q119692734,Choerry,최리,Q58224261,GROUP,Wikidata_P463_P527
ARTMS,Q119692734,Haseul,하슬,Q57318729,GROUP,Wikidata_P463_P527
ARTMS,Q119692734,Heejin,희진,Q56259179,GROUP,Wikidata_P463_P527
ARTMS,Q119692734,JinSoul,진솔,Q56825122,GROUP,Wikidata_P463_P527
ARTMS,Q119692734,Kim Lip,김립,Q56816418,GROUP,Wikidata_P463_P527
ASTRO,Q4811480,Hiroshi Hasegawa,,Q58226991,GROUP,Wikidata_P463_P527
ASTRO,Q4811480,Rohco,,Q61994801,GROUP,Wikidata_P463_P527
ATBO,Q112972232,Jeong Seung-hwan,정승환,Q119433339,GROUP,Wikidata_P463_P527
ATBO,Q112972232,Kim Yeon-kyu,김연규,Q123157356,GROUP,Wikidata_P463_P527
ATBO,Q112972232,Oh Junseok,오준석,Q115528250,GROUP,Wikidata_P463_P527
ATBO,Q112972232,Won Bin,원빈,Q119432686,GROUP,Wikidata_P463_P527
ATEEZ,Q59793088,Choi Jong-ho,최종호,Q85884933,GROUP,Wikidata_P463_P527
ATEEZ,Q59793088,Choi San,최산,Q85879242,GROUP,Wikidata_P463_P527
ATEEZ,Q59793088,Jeong Yun-ho,정윤호,Q85873722,GROUP,Wikidata_P463_P527
ATEEZ,Q59793088,Jung Woo-young,우영,Q65054015,GROUP,Wikidata_P463_P527
ATEEZ,Q59793088,Kang Yeo-sang,강여상,Q85878532,GROUP,Wikidata_P463_P527
ATEEZ,Q59793088,Kim Hong-joong,김홍중,Q85864418,GROUP,Wikidata_P463_P527
ATEEZ,Q59793088,Park Seong-hwa,박성화,Q85880867,GROUP,Wikidata_P463_P527
ATEEZ,Q59793088,Song Min-gi,송민기,Q85878823,GROUP,Wikidata_P463_P527
After School,Q389067,E-Young,이영,Q492767,GROUP,Wikidata_P463_P527
After School,Q389067,Kim Jung-ah,정아,Q5249793,GROUP,Wikidata_P463_P527
After School,Q389067,Lee Joo-yeon,주연,Q486942,GROUP,Wikidata_P463_P527
After School,Q389067,Lee Ka-eun,이가은,Q492691,GROUP,Wikidata_P463_P527
After School,Q389067,Nana,나나,Q491515,GROUP,Wikidata_P463_P527
After School,Q389067,Park Kahi,가희,Q488725,GROUP,Wikidata_P463_P527
After School,Q389067,Park Soo-ah,박수아,Q486196,GROUP,Wikidata_P463_P527
After School,Q389067,Raina,레이나,Q596923,GROUP,Wikidata_P463_P527
After School,Q389067,Rebekah Kim,베카,Q7302004,GROUP,Wikidata_P463_P527
After School,Q389067,Uee,유이,Q489006,GROUP,Wikidata_P463_P527
After School,Q389067,Yoo So-young,유소영,Q621380,GROUP,Wikidata_P463_P527
Ailee,Q487391,Ailee,에일리,Q487391,SOLO,Wikidata_Entity
Alice,Q30036738,Do-A,도아,Q64157527,GROUP,Wikidata_P463_P527
Alice,Q30036738,Hyeseong,혜성,Q60161901,GROUP,Wikidata_P463_P527
Alice,Q30036738,Karin,가린,Q54597211,GROUP,Wikidata_P463_P527
Alice,Q30036738,Kim So-hee,김소희,Q30337148,GROUP,Wikidata_P463_P527
Alice,Q30036738,Yukyung,유경,Q57600715,GROUP,Wikidata_P463_P527
Apink,Q483286,Hong Yoo-kyung,홍유경,Q6762473,GROUP,Wikidata_P463_P527
Apink,Q483286,Jeong Eun-ji,정은지,Q487831,GROUP,Wikidata_P463_P527
Apink,Q483286,Kim Nam-joo,김남주,Q4460516,GROUP,Wikidata_P463_P527
Apink,Q483286,Oh Ha-young,오하영,Q4798670,GROUP,Wikidata_P463_P527
Apink,Q483286,Park Cho-rong,박초롱,Q492738,GROUP,Wikidata_P463_P527
Apink,Q483286,Son Na-eun,손나은,Q492666,GROUP,Wikidata_P463_P527
Apink,Q483286,Yoon Bo-mi,윤보미,Q2495400,GROUP,Wikidata_P463_P527
AxMxP,Q133873333,Ha Yoo-joon,하유준,Q133520642,GROUP,Wikidata_P463_P527
B.D.U,Q125230505,Jay Chang,제이창,Q123157317,GROUP,Wikidata_P463_P527
B.O.Y.,Q15939696,The Best of Youth,,Q15939696,SOLO,Wikidata_Entity
B1A4,Q483751,Baro,차선우,Q15703547,GROUP,Wikidata_P463_P527
B1A4,Q483751,CNU,신우,Q11255149,GROUP,Wikidata_P463_P527
B1A4,Q483751,Gongchan,공찬,Q15703559,GROUP,Wikidata_P463_P527
B1A4,Q483751,Jung Jin-young,진영,Q15703515,GROUP,Wikidata_P463_P527
B1A4,Q483751,Sandeul,산들,Q15703533,GROUP,Wikidata_P463_P527
BABYMONSTER,Q115967938,Ahyeon,아현,Q123560890,GROUP,Wikidata_P463_P527
BABYMONSTER,Q115967938,Asa,아사,Q123554438,GROUP,Wikidata_P463_P527
BABYMONSTER,Q115967938,Chiquita,치키타,Q123554441,GROUP,Wikidata_P463_P527
BABYMONSTER,Q115967938,Pharita,파리타,Q123554436,GROUP,Wikidata_P463_P527
BABYMONSTER,Q115967938,Rami,라미,Q123554439,GROUP,Wikidata_P463_P527
BABYMONSTER,Q115967938,Rora,로라,Q123554440,GROUP,Wikidata_P463_P527
BABYMONSTER,Q115967938,Ruka,루카,Q123554435,GROUP,Wikidata_P463_P527
BADKIZ,Q17487159,Jina U,지나유,Q22974994,GROUP,Wikidata_P463_P527
BADKIZ,Q17487159,Lee Eun-ju,은솜,Q60668946,GROUP,Wikidata_P463_P527
BADKIZ,Q17487159,Monika,모니카,Q28698773,GROUP,Wikidata_P463_P527
BAE173,Q99610002,Bit,빛,Q107109290,GROUP,Wikidata_P463_P527
BAE173,Q99610002,Jeon Min-wook,제이민,Q107109704,GROUP,Wikidata_P463_P527
BAE173,Q99610002,Junseo,준서,Q107109745,GROUP,Wikidata_P463_P527
BAE173,Q99610002,Lee Han-gyul,이한결,Q65054605,GROUP,Wikidata_P463_P527
BAE173,Q99610002,Muzin,무진,Q107109162,GROUP,Wikidata_P463_P527
BAE173,Q99610002,Nam Do-hyon,남도현,Q65926316,GROUP,Wikidata_P463_P527
BAE173,Q99610002,Yoo Young-seo,영서,Q100314749,GROUP,Wikidata_P463_P527
BAE173,Q99610002,Yoojun,유준,Q107109485,GROUP,Wikidata_P463_P527
BANG&JUNG&YOO&MOON,Q2883643,Mikel Abrego,,Q956186,GROUP,Wikidata_P463_P527
BBGIRLS,Q492721,Eunji,은지,Q108261472,GROUP,Wikidata_P463_P527
BBGIRLS,Q492721,Eunyoung,은영,Q108261160,GROUP,Wikidata_P463_P527
BBGIRLS,Q492721,Han Ye-jin,예진,Q12607673,GROUP,Wikidata_P463_P527
BBGIRLS,Q492721,Hyeran,혜란,Q108261235,GROUP,Wikidata_P463_P527
BBGIRLS,Q492721,Lee Tae-yee,이화시,Q108261336,GROUP,Wikidata_P463_P527
BBGIRLS,Q492721,Minyoung,민영,Q108261380,GROUP,Wikidata_P463_P527
BBGIRLS,Q492721,Nam Youjoung,남유정,Q126684253,GROUP,Wikidata_P463_P527
BBGIRLS,Q492721,Seo-a,서아,Q108261214,GROUP,Wikidata_P463_P527
BBGIRLS,Q492721,Yoojin,유진,Q108261225,GROUP,Wikidata_P463_P527
BBGIRLS,Q492721,Yuna,유나,Q108261504,GROUP,Wikidata_P463_P527
BESTie,Q13813305,Kang Hye-yeon,혜연,Q16766832,GROUP,Wikidata_P463_P527
BESTie,Q13813305,Na Hae-ryung,나해령,Q16767981,GROUP,Wikidata_P463_P527
BESTie,Q13813305,Song Da-hye,송다혜,Q20687781,GROUP,Wikidata_P463_P527
BESTie,Q13813305,U Ji,유지,Q24855952,GROUP,Wikidata_P463_P527
BEWAVE,Q131768107,AIN,아인,Q131936839,GROUP,Wikidata_P463_P527
BEWAVE,Q131768107,Yunseul,윤슬,Q132307636,GROUP,Wikidata_P463_P527
BIBI,Q65060693,Bibi,비비,Q65060693,SOLO,Wikidata_Entity
BIG NAUGHTY,Q85980101,Big Naughty,빅 나티,Q85980101,SOLO,Wikidata_Entity
BIGBANG,Q282104,Daesung,대성,Q194798,GROUP,Wikidata_P463_P527
BIGBANG,Q282104,G-Dragon,지드래곤,Q495577,GROUP,Wikidata_P463_P527
BIGBANG,Q282104,Seungri,승리,Q428490,GROUP,Wikidata_P463_P527
BIGBANG,Q282104,T.O.P,T.O.P,Q495571,GROUP,Wikidata_P463_P527
BIGBANG,Q282104,Taeyang,태양,Q482991,GROUP,Wikidata_P463_P527
BIGFLO,Q18328761,하이탑,하이탑,Q55735655,GROUP,Wikidata_P463_P527
BIGFLO,Q18328761,Lee Eui-jin,의진,Q51884158,GROUP,Wikidata_P463_P527
BLACKPINK,Q25056945,Jennie,제니 김,Q26262599,GROUP,Wikidata_P463_P527
BLACKPINK,Q25056945,Jisoo,지수,Q27655361,GROUP,Wikidata_P463_P527
BLACKPINK,Q25056945,Lisa,리사,Q26707663,GROUP,Wikidata_P463_P527
BLACKPINK,Q25056945,Rosé,로제,Q27655344,GROUP,Wikidata_P463_P527
BLACKSWAN,Q97477974,Alexandra Reid,Alexandra Reid,Q26845374,GROUP,Wikidata_P463_P527
BLACKSWAN,Q97477974,Fatou Samba,,Q100587672,GROUP,Wikidata_P463_P527
BLACKSWAN,Q97477974,Leia,,Q100397038,GROUP,Wikidata_P463_P527
BLOO,Q85980027,Bloo,블루,Q85980027,SOLO,Wikidata_Entity
BOYFRIEND,Q307457,Hyunseong,현성,Q16767987,GROUP,Wikidata_P463_P527
BOYFRIEND,Q307457,Jeongmin,정민,Q16767845,GROUP,Wikidata_P463_P527
BOYFRIEND,Q307457,Jo Kwang-min,광민,Q16766758,GROUP,Wikidata_P463_P527
BOYFRIEND,Q307457,Jo Young-min,영민,Q11346187,GROUP,Wikidata_P463_P527
BOYFRIEND,Q307457,Kim Dong-hyun,동현,Q16080205,GROUP,Wikidata_P463_P527
BOYFRIEND,Q307457,Lee Jeongmin,,Q137670193,GROUP,Wikidata_P463_P527
BOYFRIEND,Q307457,Minwoo,노민우,Q16766824,GROUP,Wikidata_P463_P527
BOYNEXTDOOR,Q118178306,Leehan,이한,Q127427967,GROUP,Wikidata_P463_P527
BOYNEXTDOOR,Q118178306,Myung Jaehyun,명재현,Q123329392,GROUP,Wikidata_P463_P527
BOYNEXTDOOR,Q118178306,Riwoo,리우,Q126683846,GROUP,Wikidata_P463_P527
BOYNEXTDOOR,Q118178306,Sungho,성호,Q123329393,GROUP,Wikidata_P463_P527
BOYNEXTDOOR,Q118178306,Taesan,태산,Q125473767,GROUP,Wikidata_P463_P527
BOYNEXTDOOR,Q118178306,Woonhak,운학,Q123329024,GROUP,Wikidata_P463_P527
BTOB,Q491067,Jung Il-hoon,정일훈,Q13553537,GROUP,Wikidata_P463_P527
BTOB,Q491067,Lee Chang-sub,이창섭,Q16183546,GROUP,Wikidata_P463_P527
BTOB,Q491067,Lee Min-hyuk,이민혁,Q11266766,GROUP,Wikidata_P463_P527
BTOB,Q491067,Lim Hyun-sik,임현식,Q10884727,GROUP,Wikidata_P463_P527
BTOB,Q491067,Peniel Shin,프니엘,Q16235836,GROUP,Wikidata_P463_P527
BTOB,Q491067,Seo Eun-kwang,서은광,Q16233553,GROUP,Wikidata_P463_P527
BTOB,Q491067,Yook Sung-jae,육성재,Q16171180,GROUP,Wikidata_P463_P527
BTS,Q13580495,J-Hope,제이홉,Q16236223,GROUP,Wikidata_P463_P527
BTS,Q13580495,Jimin,지민,Q20947093,GROUP,Wikidata_P463_P527
BTS,Q13580495,Jungkook,정국,Q22338877,GROUP,Wikidata_P463_P527
BTS,Q13580495,Kim Seok-jin,진,Q24276424,GROUP,Wikidata_P463_P527
BTS,Q13580495,RM,김남준,Q20514446,GROUP,Wikidata_P463_P527
BTS,Q13580495,Suga,슈가,Q21075020,GROUP,Wikidata_P463_P527
BTS,Q13580495,V,뷔,Q18388296,GROUP,Wikidata_P463_P527
BVNDIT,Q62070469,Jungwoo,정우,Q64039138,GROUP,Wikidata_P463_P527
BVNDIT,Q62070469,Seungeun,승은,Q64038640,GROUP,Wikidata_P463_P527
BVNDIT,Q62070469,Simyeong,시명,Q63964483,GROUP,Wikidata_P463_P527
BVNDIT,Q62070469,Songhee,송희,Q64038543,GROUP,Wikidata_P463_P527
BVNDIT,Q62070469,Yiyeon,이연,Q64038706,GROUP,Wikidata_P463_P527
Baby V.O.X,Q490213,정현전,정현전,Q12616153,GROUP,Wikidata_P463_P527
Baby V.O.X,Q490213,차유미,차유미,Q16166390,GROUP,Wikidata_P463_P527
Baby V.O.X,Q490213,Jung Shi-woon,정시운,Q12615793,GROUP,Wikidata_P463_P527
Baby V.O.X,Q490213,Kan Mi-youn,간미연,Q489010,GROUP,Wikidata_P463_P527
Baby V.O.X,Q490213,Kim E-Z,김이지,Q5372469,GROUP,Wikidata_P463_P527
Baby V.O.X,Q490213,Lee Gai,이가이,Q12610817,GROUP,Wikidata_P463_P527
Baby V.O.X,Q490213,Lee Hee-jin,이희진,Q3079167,GROUP,Wikidata_P463_P527
Baby V.O.X,Q490213,Shim Eun-jin,심은진,Q625442,GROUP,Wikidata_P463_P527
Baby V.O.X,Q490213,Yoon Eun-hye,윤은혜,Q494725,GROUP,Wikidata_P463_P527
Baek A Yeon,Q497735,Baek A-yeon,백아연,Q497735,SOLO,Wikidata_Entity
Baekho,Q30014972,Baekho,강동호,Q30014972,SOLO,Wikidata_Entity
Be'O,Q110268956,Be'O,비오,Q110268956,SOLO,Wikidata_Entity
Berry Good,Q18381082,Gowoon,고운,Q63993919,GROUP,Wikidata_P463_P527
Berry Good,Q18381082,Johyun,조현,Q63922309,GROUP,Wikidata_P463_P527
Berry Good,Q18381082,Kang Se-hyung,강세형,Q63975266,GROUP,Wikidata_P463_P527
Berry Good,Q18381082,Kim Na-yeon,김나연,Q131936846,GROUP,Wikidata_P463_P527
Berry Good,Q18381082,Kim Tae-rin,다예,Q63967134,GROUP,Wikidata_P463_P527
Berry Good,Q18381082,Seoyul,서율,Q63943139,GROUP,Wikidata_P463_P527
Berry Good,Q18381082,Taeha,태하,Q63922275,GROUP,Wikidata_P463_P527
Big Mama,Q482875,Lee Young Hyun,이영현,Q16091016,GROUP,Wikidata_P463_P527
Big Mama,Q482875,Park Min Hye,박민혜,Q112021225,GROUP,Wikidata_P463_P527
Billlie,Q108888399,Haram,하람,Q117805493,GROUP,Wikidata_P463_P527
Billlie,Q108888399,Haruna,하루나,Q117805516,GROUP,Wikidata_P463_P527
Billlie,Q108888399,Kim Suhyeon,김수현,Q59594164,GROUP,Wikidata_P463_P527
Billlie,Q108888399,Moon Sua,문수아,Q22773742,GROUP,Wikidata_P463_P527
Billlie,Q108888399,Sheon,션,Q117747301,GROUP,Wikidata_P463_P527
Billlie,Q108888399,Siyoon,시윤,Q117805511,GROUP,Wikidata_P463_P527
Billlie,Q108888399,Tsuki,츠키,Q111113517,GROUP,Wikidata_P463_P527
Blady,Q19839916,CoCo,코코,Q61540408,GROUP,Wikidata_P463_P527
Blady,Q19839916,Gabin,김송이,Q17189438,GROUP,Wikidata_P463_P527
Blady,Q19839916,Hwang Ye-eun,예은,Q19940503,GROUP,Wikidata_P463_P527
Blady,Q19839916,Tina,티나,Q19941367,GROUP,Wikidata_P463_P527
Block B,Q498326,B-Bomb,비범,Q10846505,GROUP,Wikidata_P463_P527
Block B,Q498326,Jaehyo,재효,Q16172073,GROUP,Wikidata_P463_P527
Block B,Q498326,Lee Tae-il,태일,Q31179676,GROUP,Wikidata_P463_P527
Block B,Q498326,P.O,피오,Q10852064,GROUP,Wikidata_P463_P527
Block B,Q498326,Park Kyung,박경,Q22279572,GROUP,Wikidata_P463_P527
Block B,Q498326,U-Kwon,유권,Q27951485,GROUP,Wikidata_P463_P527
Block B,Q498326,Zico,지코,Q7696122,GROUP,Wikidata_P463_P527
BoA,Q232449,BoA,보아,Q232449,SOLO,Wikidata_Entity
Bolbbalgan4,Q26960605,Ahn Ji-young,안지영,Q31178173,GROUP,Wikidata_P463_P527
Bolbbalgan4,Q26960605,Woo Ji-yoon,우지윤,Q42705901,GROUP,Wikidata_P463_P527
Boy Story,Q57653434,Xinlong,,Q137667477,GROUP,Wikidata_P463_P527
Boy Story,Q57653434,Zihao,,Q137667736,GROUP,Wikidata_P463_P527
Brown Eyed Girls,Q483253,Gain,가인,Q485672,GROUP,Wikidata_P463_P527
Brown Eyed Girls,Q483253,JeA,제아,Q626325,GROUP,Wikidata_P463_P527
Brown Eyed Girls,Q483253,Miryo,미료,Q7265542,GROUP,Wikidata_P463_P527
Brown Eyed Girls,Q483253,Narsha,나르샤,Q491278,GROUP,Wikidata_P463_P527
Busters,Q48258503,지수,지수,Q79404596,GROUP,Wikidata_P463_P527
Busters,Q48258503,Jeong Ji-soo,정지수,Q107109690,GROUP,Wikidata_P463_P527
Busters,Q48258503,Kang Ye-seo,강예서,Q12582984,GROUP,Wikidata_P463_P527
Busters,Q48258503,Kim Chae-yeon,김채연,Q69696796,GROUP,Wikidata_P463_P527
Busters,Q48258503,Kim Min-ji,김민지,Q69697295,GROUP,Wikidata_P463_P527
Busters,Q48258503,Myung Hyung-seo,명형서,Q110970032,GROUP,Wikidata_P463_P527
C-Clown,Q491944,DPR Ian,DPR 이안,Q57911410,GROUP,Wikidata_P463_P527
C-Clown,Q491944,Kang Jun,강준,Q105704807,GROUP,Wikidata_P463_P527
C-Clown,Q491944,Maru,마루,Q57599540,GROUP,Wikidata_P463_P527
C-Clown,Q491944,Ray,레이,Q57599411,GROUP,Wikidata_P463_P527
C-Clown,Q491944,Siwoo,시우,Q57600321,GROUP,Wikidata_P463_P527
C-Clown,Q491944,T.K,T.K,Q57598831,GROUP,Wikidata_P463_P527
CHI CHI,Q5011177,지유,지유,Q59594726,GROUP,Wikidata_P463_P527
CHI CHI,Q5011177,Lee Si-a,이시아,Q16079908,GROUP,Wikidata_P463_P527
CHI CHI,Q5011177,Yoon Hye-won,나라,Q59788076,GROUP,Wikidata_P463_P527
CIX,Q63790991,BX,BX,Q119433221,GROUP,Wikidata_P463_P527
CIX,Q63790991,Bae Jin-young,배진영,Q30313912,GROUP,Wikidata_P463_P527
CIX,Q63790991,Kim Seung-hun,김승훈,Q63791275,GROUP,Wikidata_P463_P527
CIX,Q63790991,Lee Byounggon,이병곤,Q63791115,GROUP,Wikidata_P463_P527
CLASSy,Q111103138,Kim Riwon,김리원,Q113544042,GROUP,Wikidata_P463_P527
CLASSy,Q111103138,Kim Seon-you,김선유,Q115528243,GROUP,Wikidata_P463_P527
CLASSy,Q111103138,Myung Hyung-seo,명형서,Q110970032,GROUP,Wikidata_P463_P527
CLC,Q19626731,Choi Yu-jin,최유진,Q28698283,GROUP,Wikidata_P463_P527
CLC,Q19626731,Chonnasorn Sajakul,SORN,Q25091773,GROUP,Wikidata_P463_P527
CLC,Q19626731,Elkie,엘키,Q8261971,GROUP,Wikidata_P463_P527
CLC,Q19626731,Jang Ye-eun,장예은,Q38571183,GROUP,Wikidata_P463_P527
CLC,Q19626731,Kwon Eun-bin,권은빈,Q38572171,GROUP,Wikidata_P463_P527
CLC,Q19626731,Oh Seung-hee,오승희,Q25842416,GROUP,Wikidata_P463_P527
CLC,Q19626731,Seungyeon,장승연,Q48852365,GROUP,Wikidata_P463_P527
CLOSE YOUR EYES,Q131689681,Jang Yeo-jun,장여준,Q135011778,GROUP,Wikidata_P463_P527
CLOSE YOUR EYES,Q131689681,Jeon Min-wook,제이민,Q107109704,GROUP,Wikidata_P463_P527
CLOSE YOUR EYES,Q131689681,Kenshin,,Q139576567,GROUP,Wikidata_P463_P527
CLOSE YOUR EYES,Q131689681,Kim Sung-min,,Q139576541,GROUP,Wikidata_P463_P527
CLOSE YOUR EYES,Q131689681,Ma Jingxiang,,Q139576551,GROUP,Wikidata_P463_P527
CLOSE YOUR EYES,Q131689681,Seo Kyoung-bae,,Q139576572,GROUP,Wikidata_P463_P527
CLOSE YOUR EYES,Q131689681,Song Seung-ho,,Q139576560,GROUP,Wikidata_P463_P527
CNBLUE,Q483172,Jung Yong-hwa,정용화,Q153725,GROUP,Wikidata_P463_P527
CNBLUE,Q483172,Kang Min-hyuk,강민혁,Q485966,GROUP,Wikidata_P463_P527
CNBLUE,Q483172,Kwon Kwang Jin,권광진,Q18229754,GROUP,Wikidata_P463_P527
CNBLUE,Q483172,Lee Jong-hyun,이종현,Q488057,GROUP,Wikidata_P463_P527
CNBLUE,Q483172,Lee Jung-shin,이정신,Q491902,GROUP,Wikidata_P463_P527
CORTIS,Q135668928,Chao James,제임스,Q135963716,GROUP,Wikidata_P463_P527
CORTIS,Q135668928,Juhoon,김주훈,Q135963733,GROUP,Wikidata_P463_P527
CORTIS,Q135668928,Keonho,안건호,Q135963581,GROUP,Wikidata_P463_P527
CORTIS,Q135668928,Martin,마틴,Q135963739,GROUP,Wikidata_P463_P527
CORTIS,Q135668928,Seonghyeon,엄성현,Q135963751,GROUP,Wikidata_P463_P527
CRAVITY,Q90628571,Allen,마시권,Q123582474,GROUP,Wikidata_P463_P527
CRAVITY,Q90628571,Ham Won-jin,함원진,Q97301241,GROUP,Wikidata_P463_P527
CRAVITY,Q90628571,Kang Min-hee,강민희,Q66377043,GROUP,Wikidata_P463_P527
CRAVITY,Q90628571,Kim Tae-young,김태영,Q97320161,GROUP,Wikidata_P463_P527
CRAVITY,Q90628571,Koo Jung-mo,구정모,Q97301190,GROUP,Wikidata_P463_P527
CRAVITY,Q90628571,Seo Woo-bin,서우빈,Q97300555,GROUP,Wikidata_P463_P527
CRAVITY,Q90628571,Seongmin,안성민,Q97319761,GROUP,Wikidata_P463_P527
CRAVITY,Q90628571,Serim,세림,Q105463572,GROUP,Wikidata_P463_P527
CRAVITY,Q90628571,Song Hyeong-jun,송형준,Q65058867,GROUP,Wikidata_P463_P527
CSR,Q113240443,Duna,두나,Q117830696,GROUP,Wikidata_P463_P527
CSR,Q113240443,Geumhee,금희,Q117830692,GROUP,Wikidata_P463_P527
CSR,Q113240443,Seoyeon,서연,Q117830694,GROUP,Wikidata_P463_P527
CSR,Q113240443,Sihyeon,시현,Q117830693,GROUP,Wikidata_P463_P527
CSR,Q113240443,Sua,수아,Q117830691,GROUP,Wikidata_P463_P527
CSR,Q113240443,Yeham,예함,Q117830697,GROUP,Wikidata_P463_P527
CSR,Q113240443,Yuna,유나,Q117830695,GROUP,Wikidata_P463_P527
Chakra,Q623822,임선홍,임선홍,Q16091347,GROUP,Wikidata_P463_P527
Chakra,Q623822,Bona,보나,Q119432806,GROUP,Wikidata_P463_P527
Chakra,Q623822,Hwangbo,황보,Q490101,GROUP,Wikidata_P463_P527
Chakra,Q623822,Jung Ryeo-won,정려원,Q487861,GROUP,Wikidata_P463_P527
Chakra,Q623822,Lee Eun,이은,Q12612328,GROUP,Wikidata_P463_P527
Cherry Bullet,Q59325270,Choi Yu-ju,유주,Q60566799,GROUP,Wikidata_P463_P527
Cherry Bullet,Q59325270,ELLA,미래,Q60873617,GROUP,Wikidata_P463_P527
Cherry Bullet,Q59325270,Huang Ziting,황지팅,Q60873005,GROUP,Wikidata_P463_P527
Cherry Bullet,Q59325270,Huh Jiwon,허지원,Q60566856,GROUP,Wikidata_P463_P527
Cherry Bullet,Q59325270,Katsuno Rise,카츠노 리세,Q60874232,GROUP,Wikidata_P463_P527
Cherry Bullet,Q59325270,Kim Bo-ra,보라,Q60873744,GROUP,Wikidata_P463_P527
Cherry Bullet,Q59325270,Kokoro Kato,카토 코코로,Q60874071,GROUP,Wikidata_P463_P527
Cherry Bullet,Q59325270,Mao Hirokawa,히로카와 마오,Q60874713,GROUP,Wikidata_P463_P527
Cherry Bullet,Q59325270,Park Chae-rin,박채린,Q60874396,GROUP,Wikidata_P463_P527
Cherry Bullet,Q59325270,Park Hae-yoon,박해윤,Q60566726,GROUP,Wikidata_P463_P527
ChoColat,Q492251,Tia,티아,Q12621404,GROUP,Wikidata_P463_P527
Choi Yoojung,Q26710983,Choi Yoo-jung,최유정,Q26710983,SOLO,Wikidata_Entity
Chung Ha,Q26214034,Chungha,김청하,Q26214034,SOLO,Wikidata_Entity
Chuu,Q56816551,Chuu,츄,Q56816551,SOLO,Wikidata_Entity
Ciipher,Q105622929,원,원,Q112021626,GROUP,Wikidata_P463_P527
Ciipher,Q105622929,현빈,현빈,Q119431821,GROUP,Wikidata_P463_P527
Co-ed School,Q483806,Heo Chan-mi,허찬미,Q19603724,GROUP,Wikidata_P463_P527
Co-ed School,Q483806,Kang Ji Wook,강지욱,Q140185451,GROUP,Wikidata_P463_P527
Co-ed School,Q483806,Lee Soo-mi,이서안,Q493676,GROUP,Wikidata_P463_P527
Co-ed School,Q483806,Ryu Hyo-young,류효영,Q486594,GROUP,Wikidata_P463_P527
CocoSori,Q27019538,CoCo,코코,Q61540408,GROUP,Wikidata_P463_P527
CocoSori,Q27019538,SoRi,소리,Q61612053,GROUP,Wikidata_P463_P527
Crayon Pop,Q60157,ChoA,초아,Q17159005,GROUP,Wikidata_P463_P527
Crayon Pop,Q60157,Ellin,엘린,Q16767663,GROUP,Wikidata_P463_P527
Crayon Pop,Q60157,Gum-mi,금미,Q16865126,GROUP,Wikidata_P463_P527
Crayon Pop,Q60157,So Yul,소율,Q16865202,GROUP,Wikidata_P463_P527
Crayon Pop,Q60157,Way,웨이,Q16767739,GROUP,Wikidata_P463_P527
Cross Gene,Q307621,Casper True,캐스퍼,Q24836815,GROUP,Wikidata_P463_P527
Cross Gene,Q307621,Kim Sang-min,상민,Q107109294,GROUP,Wikidata_P463_P527
Cross Gene,Q307621,Kim Yong-seok,원찬,Q107109452,GROUP,Wikidata_P463_P527
Cross Gene,Q307621,Lee Se-young,세영,Q107109316,GROUP,Wikidata_P463_P527
Cross Gene,Q307621,Shin Won-ho,신,Q7497232,GROUP,Wikidata_P463_P527
Cross Gene,Q307621,Takuya Terada,타쿠야,Q11457992,GROUP,Wikidata_P463_P527
Crush,Q16187868,DJ Ravi Drums,,Q5205418,GROUP,Wikidata_P463_P527
Crush,Q16187868,David Van Landing,,Q11964849,GROUP,Wikidata_P463_P527
Crush,Q16187868,Jeff Lords,,Q11978320,GROUP,Wikidata_P463_P527
Crush,Q16187868,Jon Drenning,,Q17711702,GROUP,Wikidata_P463_P527
Cutie Street,Q130260884,Aika Sano,,Q130260939,GROUP,Wikidata_P463_P527
Cutie Street,Q130260884,Ayano Masuda,마스다 아야노,Q122354454,GROUP,Wikidata_P463_P527
Cutie Street,Q130260884,Emiru Kawamoto,,Q130261037,GROUP,Wikidata_P463_P527
Cutie Street,Q130260884,Haruka Sakuraba,사쿠라바 하루카,Q130261229,GROUP,Wikidata_P463_P527
Cutie Street,Q130260884,Kana Itakura,,Q130260977,GROUP,Wikidata_P463_P527
Cutie Street,Q130260884,Miyu Umeda,,Q130261103,GROUP,Wikidata_P463_P527
Cutie Street,Q130260884,Nagisa Manabe,,Q130261163,GROUP,Wikidata_P463_P527
Cutie Street,Q130260884,Risa Furusawa,,Q130260901,GROUP,Wikidata_P463_P527
D-CRUNCH,Q56520850,Baek Hyun-woo,백현우,Q121605119,GROUP,Wikidata_P463_P527
D-CRUNCH,Q56520850,Dylan,딜런,Q121605122,GROUP,Wikidata_P463_P527
D-CRUNCH,Q56520850,Ji Hyun-wook,지현욱,Q121605125,GROUP,Wikidata_P463_P527
D-CRUNCH,Q56520850,Kim Chan-young,김찬영,Q121605160,GROUP,Wikidata_P463_P527
D-CRUNCH,Q56520850,Kim Min-hyuk,김민혁,Q121605165,GROUP,Wikidata_P463_P527
D-CRUNCH,Q56520850,Lee Hyun-ho,이현호,Q121605178,GROUP,Wikidata_P463_P527
D-CRUNCH,Q56520850,O.V,오뷔,Q121605199,GROUP,Wikidata_P463_P527
D-CRUNCH,Q56520850,Park Hyun-oh,박현오,Q121605189,GROUP,Wikidata_P463_P527
D-CRUNCH,Q56520850,Park Jung-seung,박정승,Q121605215,GROUP,Wikidata_P463_P527
D1CE,Q63137883,Woo Jin-young,우진영,Q55732454,GROUP,Wikidata_P463_P527
DAILY:DIRECTION,Q137883875,E-VAN,,Q137883959,GROUP,Wikidata_P463_P527
DAILY:DIRECTION,Q137883875,Kim Joo Hyoung,,Q137883937,GROUP,Wikidata_P463_P527
DAY6,Q20898046,Im Jun Hyeok,임준혁,Q28410741,GROUP,Wikidata_P463_P527
DAY6,Q20898046,Jae Park,Jae,Q26220991,GROUP,Wikidata_P463_P527
DAY6,Q20898046,Kang Young-hyun,강영현,Q22101239,GROUP,Wikidata_P463_P527
DAY6,Q20898046,Kim Won-pil,원필,Q67674869,GROUP,Wikidata_P463_P527
DAY6,Q20898046,Park Sung-jin,성진,Q65762547,GROUP,Wikidata_P463_P527
DAY6,Q20898046,Yoon Do-woon,도운,Q67674200,GROUP,Wikidata_P463_P527
DIA,Q20733515,Ahn Eun-jin,안은진,Q28408492,GROUP,Wikidata_P463_P527
DIA,Q20733515,Ahn Som-yi,안솜이,Q30921037,GROUP,Wikidata_P463_P527
DIA,Q20733515,Heo Soo-yeon,허수연,Q28969139,GROUP,Wikidata_P463_P527
DIA,Q20733515,Huihyeon,기희현,Q26919611,GROUP,Wikidata_P463_P527
DIA,Q20733515,Jo Seung-hee,조승희,Q16084047,GROUP,Wikidata_P463_P527
DIA,Q20733515,Jung Chae-yeon,정채연,Q24959134,GROUP,Wikidata_P463_P527
DIA,Q20733515,Kwon Chae-won,권채원,Q30921468,GROUP,Wikidata_P463_P527
DIA,Q20733515,Lee Ju-eun,주은,Q65330332,GROUP,Wikidata_P463_P527
DIA,Q20733515,Lee So-yul,이소율,Q30923727,GROUP,Wikidata_P463_P527
DIA,Q20733515,Yebin,백예빈,Q30243794,GROUP,Wikidata_P463_P527
DKB,Q85825168,E-CHAN,E-CHAN,Q112023536,GROUP,Wikidata_P463_P527
DKZ,Q65051964,Jang Munik,장문익,Q97208555,GROUP,Wikidata_P463_P527
DKZ,Q65051964,Jeon Min-gyu,전민규,Q111693475,GROUP,Wikidata_P463_P527
DKZ,Q65051964,Jonghyeong,종형,Q116705085,GROUP,Wikidata_P463_P527
DKZ,Q65051964,Kim Jong-hyeong,김종형,Q111693306,GROUP,Wikidata_P463_P527
DKZ,Q65051964,Kim Se-hyeon,김세현,Q111693473,GROUP,Wikidata_P463_P527
DKZ,Q65051964,Lee Kyoung-yoon,이경윤,Q111693305,GROUP,Wikidata_P463_P527
DKZ,Q65051964,Park Jae-chan,박재찬,Q111693208,GROUP,Wikidata_P463_P527
DKZ,Q65051964,Ryu Gi-seok,류기석,Q111693458,GROUP,Wikidata_P463_P527
DKZ,Q65051964,Seol Won-dae,설원대,Q112257711,GROUP,Wikidata_P463_P527
DMTN,Q486946,Daniel Choi,최다니엘,Q134349109,GROUP,Wikidata_P463_P527
DMTN,Q486946,DayDay,데이 데이,Q17157691,GROUP,Wikidata_P463_P527
DMTN,Q486946,Inati,이나티,Q16175868,GROUP,Wikidata_P463_P527
DRIPPIN,Q101529768,Cha Jun-ho,차준호,Q65059171,GROUP,Wikidata_P463_P527
DRIPPIN,Q101529768,Hwang Yun-seong,황윤성,Q134569847,GROUP,Wikidata_P463_P527
DRIPPIN,Q101529768,Joo Chang-uk,주창욱,Q134569848,GROUP,Wikidata_P463_P527
DRIPPIN,Q101529768,Kim Dong-yun,김동윤,Q134569849,GROUP,Wikidata_P463_P527
DRIPPIN,Q101529768,Kim Min-seo,김민서,Q134569850,GROUP,Wikidata_P463_P527
DRIPPIN,Q101529768,Lee Hyeop,이협,Q134569846,GROUP,Wikidata_P463_P527
DXTEEN,Q116770778,Kōshin Terao,,Q124097470,GROUP,Wikidata_P463_P527
Dal★Shabet,Q492146,Ah Young,아영,Q15223756,GROUP,Wikidata_P463_P527
Dal★Shabet,Q492146,Jiyul,지율,Q16092017,GROUP,Wikidata_P463_P527
Dal★Shabet,Q492146,Jo Ka-eun,가은,Q20779702,GROUP,Wikidata_P463_P527
Dal★Shabet,Q492146,Serri,세리,Q16090220,GROUP,Wikidata_P463_P527
Dal★Shabet,Q492146,Subin,수빈,Q17403471,GROUP,Wikidata_P463_P527
Dal★Shabet,Q492146,Vicky,비키,Q16083143,GROUP,Wikidata_P463_P527
Dal★Shabet,Q492146,Woohee,우희,Q16090396,GROUP,Wikidata_P463_P527
Davichi,Q483209,Kang Min-kyeong,강민경,Q6823994,GROUP,Wikidata_P463_P527
Davichi,Q483209,Lee Hae-ri,이해리,Q6781164,GROUP,Wikidata_P463_P527
DearAlice,Q132200349,Blaise Noon,,Q136306912,GROUP,Wikidata_P463_P527
DearAlice,Q132200349,Dexter Greenwood,덱스터 그린우드,Q136306874,GROUP,Wikidata_P463_P527
DearAlice,Q132200349,James Sharp,,Q136306825,GROUP,Wikidata_P463_P527
DearAlice,Q132200349,"Oliver ""Olly"" Quinn",,Q136306887,GROUP,Wikidata_P463_P527
DearAlice,Q132200349,Reese Carter,리스 카터,Q136306906,GROUP,Wikidata_P463_P527
DreamNote,Q60175858,Ahn Han-byeol,안한별,Q63791524,GROUP,Wikidata_P463_P527
DreamNote,Q60175858,Choi Eui-jeong,최의정,Q63791511,GROUP,Wikidata_P463_P527
DreamNote,Q60175858,Jeon Ji-min,전지민,Q63791516,GROUP,Wikidata_P463_P527
DreamNote,Q60175858,Kim Ji-hyeon,김지현,Q63791513,GROUP,Wikidata_P463_P527
DreamNote,Q60175858,Moon Sin-ae,문신애,Q63791514,GROUP,Wikidata_P463_P527
DreamNote,Q60175858,Park Eun-jo,박은조,Q63791520,GROUP,Wikidata_P463_P527
DreamNote,Q60175858,Park Su-min,박수민,Q63791518,GROUP,Wikidata_P463_P527
DreamNote,Q60175858,Yoo Ha-bin,유하빈,Q63791522,GROUP,Wikidata_P463_P527
Dreamcatcher,Q20684822,Dami,다미,Q59313527,GROUP,Wikidata_P463_P527
Dreamcatcher,Q20684822,Gahyun,가현,Q59313606,GROUP,Wikidata_P463_P527
Dreamcatcher,Q20684822,Handong,한동,Q59313384,GROUP,Wikidata_P463_P527
Dreamcatcher,Q20684822,JiU,지유,Q59313184,GROUP,Wikidata_P463_P527
Dreamcatcher,Q20684822,Siyeon,시연,Q59313326,GROUP,Wikidata_P463_P527
Dreamcatcher,Q20684822,SuA,수아,Q59313270,GROUP,Wikidata_P463_P527
Dreamcatcher,Q20684822,Yoohyeon,유현,Q59313479,GROUP,Wikidata_P463_P527
Dynamic Duo,Q5318904,Choiza,최자,Q12619805,GROUP,Wikidata_P463_P527
Dynamic Duo,Q5318904,Gaeko,개코,Q12583269,GROUP,Wikidata_P463_P527
EL7Z UP,Q121501677,Hwiseo,휘서,Q123157276,GROUP,Wikidata_P463_P527
EL7Z UP,Q121501677,Jang Ye-eun,장예은,Q38571183,GROUP,Wikidata_P463_P527
EL7Z UP,Q121501677,Kei,Kei,Q12588803,GROUP,Wikidata_P463_P527
EL7Z UP,Q121501677,Kim Yeon-hee,연희,Q65920400,GROUP,Wikidata_P463_P527
EL7Z UP,Q121501677,Nana,나나,Q111264395,GROUP,Wikidata_P463_P527
EL7Z UP,Q121501677,Yeoreum,여름,Q28524707,GROUP,Wikidata_P463_P527
EL7Z UP,Q121501677,Yuki,유키,Q107559923,GROUP,Wikidata_P463_P527
ENHYPEN,Q99479445,Heeseung,에반,Q105717901,GROUP,Wikidata_P463_P527
ENHYPEN,Q99479445,Jake Sim,제이크,Q105718037,GROUP,Wikidata_P463_P527
ENHYPEN,Q99479445,Jay,제이,Q105717862,GROUP,Wikidata_P463_P527
ENHYPEN,Q99479445,Ni-Ki,니키,Q108043218,GROUP,Wikidata_P463_P527
ENHYPEN,Q99479445,Park Sung-hoon,박성훈,Q17198771,GROUP,Wikidata_P463_P527
ENHYPEN,Q99479445,Sunoo,선우,Q105718407,GROUP,Wikidata_P463_P527
ENHYPEN,Q99479445,Yang Jung-won,정원,Q105717977,GROUP,Wikidata_P463_P527
EPEX,Q107387899,에이든,에이든,Q124039310,GROUP,Wikidata_P463_P527
EPEX,Q107387899,Keum Dong Hyun,금동현,Q85882698,GROUP,Wikidata_P463_P527
EPEX,Q107387899,Wish,위시,Q112023395,GROUP,Wikidata_P463_P527
EVERGLOW,Q62067345,E:U,이유,Q62920133,GROUP,Wikidata_P463_P527
EVERGLOW,Q62067345,Han Eun-ji,한은지,Q62920418,GROUP,Wikidata_P463_P527
EVERGLOW,Q62067345,Heo Yoo-rim,허유림,Q62920953,GROUP,Wikidata_P463_P527
EVERGLOW,Q62067345,Jo Se-rim,조세림,Q62920711,GROUP,Wikidata_P463_P527
EVERGLOW,Q62067345,Sihyeon,김시현,Q62919296,GROUP,Wikidata_P463_P527
EVERGLOW,Q62067345,Wang Yiren,왕이런,Q62613278,GROUP,Wikidata_P463_P527
EVNNE,Q121493651,Yoo Seung-eon,유승언,Q139959901,GROUP,Wikidata_P463_P527
EXID,Q492381,Hani,안희연,Q16767951,GROUP,Wikidata_P463_P527
EXID,Q492381,Heo Sol-ji,솔지,Q16767600,GROUP,Wikidata_P463_P527
EXID,Q492381,Kang Hye-yeon,혜연,Q16766832,GROUP,Wikidata_P463_P527
EXID,Q492381,LE,LE,Q16766702,GROUP,Wikidata_P463_P527
EXID,Q492381,Na Hae-ryung,나해령,Q16767981,GROUP,Wikidata_P463_P527
EXID,Q492381,Park Jeong-hwa,박정화,Q20819890,GROUP,Wikidata_P463_P527
EXID,Q492381,Seo Hye-lin,혜린,Q16767990,GROUP,Wikidata_P463_P527
EXID,Q492381,U Ji,유지,Q24855952,GROUP,Wikidata_P463_P527
EXO,Q494717,카이,카이,Q10775090,GROUP,Wikidata_P463_P527
EXO,Q494717,Byun Baek-hyun,백현,Q4688701,GROUP,Wikidata_P463_P527
EXO,Q494717,Chen,첸,Q16098027,GROUP,Wikidata_P463_P527
EXO,Q494717,Doh Kyung-soo,도경수,Q15111667,GROUP,Wikidata_P463_P527
EXO,Q494717,Huang Zitao,타오,Q10769072,GROUP,Wikidata_P463_P527
EXO,Q494717,Kris Wu,크리스 우,Q6437313,GROUP,Wikidata_P463_P527
EXO,Q494717,Lay,레이,Q12494180,GROUP,Wikidata_P463_P527
EXO,Q494717,Lu Han,루한,Q10788758,GROUP,Wikidata_P463_P527
EXO,Q494717,Oh Se-hun,세훈,Q10802388,GROUP,Wikidata_P463_P527
EXO,Q494717,Park Chan-yeol,찬열,Q7137681,GROUP,Wikidata_P463_P527
EXO,Q494717,Suho,수호,Q10822003,GROUP,Wikidata_P463_P527
EXO,Q494717,Xiumin,시우민,Q10834841,GROUP,Wikidata_P463_P527
Eddy Kim,Q101826228,Eddy Kimani,,Q101826228,SOLO,Wikidata_Entity
Epik High,Q18788,DJ Tukutz,DJ 투컷,Q50593,GROUP,Wikidata_P463_P527
Epik High,Q18788,Mithra Jin,미쓰라 진,Q50594,GROUP,Wikidata_P463_P527
Epik High,Q18788,Tablo,타블로,Q18800,GROUP,Wikidata_P463_P527
Eric Nam,Q12606686,Eric Nam,에릭 남,Q12606686,SOLO,Wikidata_Entity
EvoL,Q5418536,SAAY,,Q131370552,GROUP,Wikidata_P463_P527
E’LAST,Q96418352,원혁,원혁,Q117434747,GROUP,Wikidata_P463_P527
F-ve Dolls,Q486683,Han Na-yeon,한나연,Q66817858,GROUP,Wikidata_P463_P527
F-ve Dolls,Q486683,Han Seo-in,한서인,Q16090299,GROUP,Wikidata_P463_P527
F-ve Dolls,Q486683,Heo Chan-mi,허찬미,Q19603724,GROUP,Wikidata_P463_P527
F-ve Dolls,Q486683,Jin Hye-won,진혜원,Q16177889,GROUP,Wikidata_P463_P527
F-ve Dolls,Q486683,Jo Seung-hee,조승희,Q16084047,GROUP,Wikidata_P463_P527
F-ve Dolls,Q486683,Lee Soo-mi,이서안,Q493676,GROUP,Wikidata_P463_P527
F-ve Dolls,Q486683,Ryu Hyo-young,류효영,Q486594,GROUP,Wikidata_P463_P527
F-ve Dolls,Q486683,Seo Eun-kyo,은교,Q16173491,GROUP,Wikidata_P463_P527
F.T. Island,Q483248,Choi Jong-hoon,최종훈,Q490438,GROUP,Wikidata_P463_P527
F.T. Island,Q483248,Choi Min-hwan,최민환,Q5103936,GROUP,Wikidata_P463_P527
F.T. Island,Q483248,Lee Hong-gi,이홍기,Q484834,GROUP,Wikidata_P463_P527
F.T. Island,Q483248,Lee Jae-jin,이재진,Q624401,GROUP,Wikidata_P463_P527
F.T. Island,Q483248,Oh Won-bin,오원빈,Q844600,GROUP,Wikidata_P463_P527
F.T. Island,Q483248,Song Seung-hyun,송승현,Q6546789,GROUP,Wikidata_P463_P527
FANATICS,Q60643800,Chiayi,지아이,Q60992888,GROUP,Wikidata_P463_P527
FANATICS,Q60643800,Doi,도이,Q66441477,GROUP,Wikidata_P463_P527
FANATICS,Q60643800,Jeong Yoon-hye,정윤혜,Q61770150,GROUP,Wikidata_P463_P527
FANATICS,Q60643800,Kim Do-ah,도아,Q61770153,GROUP,Wikidata_P463_P527
FANATICS,Q60643800,Lee Chae-lin,이채린,Q66441287,GROUP,Wikidata_P463_P527
FANATICS,Q60643800,Sika,시카,Q66440951,GROUP,Wikidata_P463_P527
FANTASY BOYS,Q120354264,Kang Min-seo,강민서,Q131547763,GROUP,Wikidata_P463_P527
FANTASY BOYS,Q120354264,Kim Woo-seok,김우석,Q130539632,GROUP,Wikidata_P463_P527
FANTASY BOYS,Q120354264,Urabe Hikaru,히카루,Q119431791,GROUP,Wikidata_P463_P527
FAVORITE,Q1398928,Favorite,,Q1398928,SOLO,Wikidata_Entity
FIESTAR,Q492076,Cao Lu,차오루,Q22975035,GROUP,Wikidata_P463_P527
FIESTAR,Q492076,Cheska,체스카,Q60233363,GROUP,Wikidata_P463_P527
FIESTAR,Q492076,Jei,재이,Q27951483,GROUP,Wikidata_P463_P527
FIESTAR,Q492076,Kim Hye-mi,김혜미,Q25842426,GROUP,Wikidata_P463_P527
FIESTAR,Q492076,Linzy,린지,Q27951586,GROUP,Wikidata_P463_P527
FIESTAR,Q492076,Yezi,예지,Q22974522,GROUP,Wikidata_P463_P527
FIFTY FIFTY,Q116731010,Athena,,Q129548317,GROUP,Wikidata_P463_P527
FIFTY FIFTY,Q116731010,Chanelle Moon,,Q129547871,GROUP,Wikidata_P463_P527
FIFTY FIFTY,Q116731010,Hana,,Q129548220,GROUP,Wikidata_P463_P527
FIFTY FIFTY,Q116731010,Keena,키나,Q117178583,GROUP,Wikidata_P463_P527
FIFTY FIFTY,Q116731010,Yewon,예원,Q129548065,GROUP,Wikidata_P463_P527
FLARE U,Q140385777,Chuei Liyu,최립우,Q137554623,GROUP,Wikidata_P463_P527
Fin.K.L,Q484082,Lee Hyori,이효리,Q232491,GROUP,Wikidata_P463_P527
Fin.K.L,Q484082,Lee Jin,이진,Q625121,GROUP,Wikidata_P463_P527
Fin.K.L,Q484082,Ock Joo-hyun,옥주현,Q490056,GROUP,Wikidata_P463_P527
Fin.K.L,Q484082,Sung Yu-ri,성유리,Q487560,GROUP,Wikidata_P463_P527
Forestella,Q43206739,Bae Doohoon,배두훈,Q113490343,GROUP,Wikidata_P463_P527
Forestella,Q43206739,Jo Mingyu,조민규,Q81226990,GROUP,Wikidata_P463_P527
Forestella,Q43206739,Kang Hyung-ho,강형호,Q112189953,GROUP,Wikidata_P463_P527
Forestella,Q43206739,Ko Woo-rim,고우림,Q112021444,GROUP,Wikidata_P463_P527
From20,Q16766877,From20,래환,Q16766877,SOLO,Wikidata_Entity
G-reyish,Q73795597,Go Hyun-seo,고현서,Q73920083,GROUP,Wikidata_P463_P527
G-reyish,Q73795597,Jeong Ye-na,정예나,Q73920079,GROUP,Wikidata_P463_P527
G-reyish,Q73795597,Lee Ye-so,이예소,Q73920080,GROUP,Wikidata_P463_P527
G-reyish,Q73795597,Park Shin-young,박신영,Q73920076,GROUP,Wikidata_P463_P527
G-reyish,Q73795597,Shin Hye-ji,신혜지,Q73920072,GROUP,Wikidata_P463_P527
GFRIEND,Q18733030,Eunha,은하,Q21710247,GROUP,Wikidata_P463_P527
GFRIEND,Q18733030,Kim So-won,소원,Q26162651,GROUP,Wikidata_P463_P527
GFRIEND,Q18733030,SinB,신비,Q21709909,GROUP,Wikidata_P463_P527
GFRIEND,Q18733030,Umji,엄지,Q24572927,GROUP,Wikidata_P463_P527
GFRIEND,Q18733030,Yerin,예린,Q19657363,GROUP,Wikidata_P463_P527
GFRIEND,Q18733030,Yuju,유주,Q20821809,GROUP,Wikidata_P463_P527
GHOST9,Q99902508,Lee Jin Woo,이진우,Q97308623,GROUP,Wikidata_P463_P527
GHOST9,Q99902508,Lee Tae Seung,이태승,Q97308624,GROUP,Wikidata_P463_P527
GHOST9,Q99902508,Lee Woo-jin,이우진,Q97308625,GROUP,Wikidata_P463_P527
GHOST9,Q99902508,Son Jun-hyung,손준형,Q111466890,GROUP,Wikidata_P463_P527
GIRLSET,Q122763643,Camila Ribeaux,,Q122763924,GROUP,Wikidata_P463_P527
GIRLSET,Q122763643,Kendall Ebeling,,Q122763931,GROUP,Wikidata_P463_P527
GIRLSET,Q122763643,Lexus Vang,,Q122763662,GROUP,Wikidata_P463_P527
GIRLSET,Q122763643,Savanna Collins,,Q122763944,GROUP,Wikidata_P463_P527
GLAM,Q6874568,Da-hee,다희,Q17157637,GROUP,Wikidata_P463_P527
GLAM,Q6874568,Haee,해이,Q9203527,GROUP,Wikidata_P463_P527
GLAM,Q6874568,Miso,미소,Q17158017,GROUP,Wikidata_P463_P527
GOOD DAY,Q39074586,Jee Won,지원,Q84324500,GROUP,Wikidata_P463_P527
GOOD DAY,Q39074586,Jin Hyeon-ju,진현주,Q84324505,GROUP,Wikidata_P463_P527
GOOD DAY,Q39074586,Song Hee-jin,송희진,Q24855825,GROUP,Wikidata_P463_P527
GOT the beat,Q110310446,BoA,보아,Q232449,GROUP,Wikidata_P463_P527
GOT the beat,Q110310446,Kang Seul-gi,슬기,Q15934116,GROUP,Wikidata_P463_P527
GOT the beat,Q110310446,Karina,카리나,Q101161002,GROUP,Wikidata_P463_P527
GOT the beat,Q110310446,Kim Hyo-yeon,효연,Q253619,GROUP,Wikidata_P463_P527
GOT the beat,Q110310446,Taeyeon,태연,Q233371,GROUP,Wikidata_P463_P527
GOT the beat,Q110310446,Wendy,웬디,Q17478642,GROUP,Wikidata_P463_P527
GOT the beat,Q110310446,Winter,윈터,Q101161289,GROUP,Wikidata_P463_P527
GOT7,Q23772001,BamBam,뱀뱀,Q16688282,GROUP,Wikidata_P463_P527
GOT7,Q23772001,Choi Young-jae,영재,Q17500581,GROUP,Wikidata_P463_P527
GOT7,Q23772001,JAY B,JAY B,Q491048,GROUP,Wikidata_P463_P527
GOT7,Q23772001,Jackson Wang,잭슨,Q16905948,GROUP,Wikidata_P463_P527
GOT7,Q23772001,Kim Yu-gyeom,유겸,Q17500887,GROUP,Wikidata_P463_P527
GOT7,Q23772001,Mark Tuan,마크,Q16075083,GROUP,Wikidata_P463_P527
GOT7,Q23772001,Park Jin-young,박진영,Q492313,GROUP,Wikidata_P463_P527
GWSN,Q55715778,Kang Min-ju,강민주,Q64177288,GROUP,Wikidata_P463_P527
GWSN,Q55715778,Lee Seo-young,이서영,Q64177114,GROUP,Wikidata_P463_P527
GWSN,Q55715778,Lena,강레나,Q64177448,GROUP,Wikidata_P463_P527
GWSN,Q55715778,Miya,미야우치 하루카,Q60175319,GROUP,Wikidata_P463_P527
GWSN,Q55715778,Seokyoung,서경,Q64176925,GROUP,Wikidata_P463_P527
GWSN,Q55715778,Seoryoung,서령,Q64176781,GROUP,Wikidata_P463_P527
GWSN,Q55715778,Wang Jing-Yi,왕징이,Q55695609,GROUP,Wikidata_P463_P527
Gavy NJ,Q623577,Jang Hee-young,장희영,Q16091512,GROUP,Wikidata_P463_P527
Girl's Day,Q497325,Bang Min-ah,민아,Q12596240,GROUP,Wikidata_P463_P527
Girl's Day,Q497325,Ji In,지인,Q16183118,GROUP,Wikidata_P463_P527
Girl's Day,Q497325,Jisun,제이엔,Q16091817,GROUP,Wikidata_P463_P527
Girl's Day,Q497325,Lee Hye-ri,혜리,Q11073341,GROUP,Wikidata_P463_P527
Girl's Day,Q497325,Park So-jin,소진,Q12602587,GROUP,Wikidata_P463_P527
Girl's Day,Q497325,Woo Ji-hae,지해,Q10321830,GROUP,Wikidata_P463_P527
Girl's Day,Q497325,Yura,유라,Q12609731,GROUP,Wikidata_P463_P527
Girls' Generation,Q20153,Im Yoon-ah,윤아,Q466975,GROUP,Wikidata_P463_P527
Girls' Generation,Q20153,Jessica Jung,제시카,Q233911,GROUP,Wikidata_P463_P527
Girls' Generation,Q20153,Kim Hyo-yeon,효연,Q253619,GROUP,Wikidata_P463_P527
Girls' Generation,Q20153,Kwon Yu-ri,유리,Q276158,GROUP,Wikidata_P463_P527
Girls' Generation,Q20153,Seo Joo-hyun,서현,Q240082,GROUP,Wikidata_P463_P527
Girls' Generation,Q20153,Sooyoung,수영,Q233385,GROUP,Wikidata_P463_P527
Girls' Generation,Q20153,Sunny,써니,Q233894,GROUP,Wikidata_P463_P527
Girls' Generation,Q20153,Taeyeon,태연,Q233371,GROUP,Wikidata_P463_P527
Girls' Generation,Q20153,Tiffany Young,티파니 영,Q236355,GROUP,Wikidata_P463_P527
Golden Child,Q30007238,Bae Seung-min,배승민,Q55737110,GROUP,Wikidata_P463_P527
Golden Child,Q30007238,Bong Jae-hyun,봉재현,Q55737161,GROUP,Wikidata_P463_P527
Golden Child,Q30007238,Choi Bo-min,최보민,Q43089334,GROUP,Wikidata_P463_P527
Golden Child,Q30007238,Hong Joo-chan,홍주찬,Q43089410,GROUP,Wikidata_P463_P527
Golden Child,Q30007238,Kim Dong-hyun,김동현,Q78123184,GROUP,Wikidata_P463_P527
Golden Child,Q30007238,Kim Ji-beom,김지범,Q55736774,GROUP,Wikidata_P463_P527
Golden Child,Q30007238,Lee Dae-yeol,이대열,Q19854876,GROUP,Wikidata_P463_P527
Golden Child,Q30007238,Lee Jang-jun,이장준,Q55737695,GROUP,Wikidata_P463_P527
Golden Child,Q30007238,Tag,TAG,Q43088647,GROUP,Wikidata_P463_P527
Golden Child,Q30007238,Y,Y,Q43088656,GROUP,Wikidata_P463_P527
Gyubin,Q125473704,Gyubin,규빈,Q125473704,SOLO,Wikidata_Entity
H.O.T.,Q483135,Jang Woo-hyuk,장우혁,Q497283,GROUP,Wikidata_P463_P527
H.O.T.,Q483135,Kangta,강타,Q482847,GROUP,Wikidata_P463_P527
H.O.T.,Q483135,Lee Jae-won,이재원,Q483991,GROUP,Wikidata_P463_P527
H.O.T.,Q483135,Moon Hee-joon,문희준,Q488600,GROUP,Wikidata_P463_P527
H.O.T.,Q483135,Tony An,토니 안,Q450171,GROUP,Wikidata_P463_P527
H1-KEY,Q111864756,Hwiseo,휘서,Q123157276,GROUP,Wikidata_P463_P527
H1-KEY,Q111864756,Riina,리이나,Q127424600,GROUP,Wikidata_P463_P527
H1-KEY,Q111864756,Seoi,서이,Q127424599,GROUP,Wikidata_P463_P527
H1-KEY,Q111864756,Yel,옐,Q127424601,GROUP,Wikidata_P463_P527
HAWW,Q124483339,Park Jeong-geun,정근,Q120696494,GROUP,Wikidata_P463_P527
HIGHLIGHT,Q269595,Jang Hyun-seung,장현승,Q486634,GROUP,Wikidata_P463_P527
HIGHLIGHT,Q269595,Lee Gi-kwang,이기광,Q10919869,GROUP,Wikidata_P463_P527
HIGHLIGHT,Q269595,Roh Ji-hoon,노지훈,Q4713053,GROUP,Wikidata_P463_P527
HIGHLIGHT,Q269595,Son Dong-woon,손동운,Q487010,GROUP,Wikidata_P463_P527
HIGHLIGHT,Q269595,Yang Yo-seob,양요섭,Q233717,GROUP,Wikidata_P463_P527
HIGHLIGHT,Q269595,Yong Jun-hyung,용준형,Q493526,GROUP,Wikidata_P463_P527
HIGHLIGHT,Q269595,Yoon Doo-joon,윤두준,Q491364,GROUP,Wikidata_P463_P527
HORI7ON,Q120016097,Jeromy Batac,,Q116771591,GROUP,Wikidata_P463_P527
HORI7ON,Q120016097,Kim Ng,,Q120022420,GROUP,Wikidata_P463_P527
HORI7ON,Q120016097,Kyler Chua,,Q120096237,GROUP,Wikidata_P463_P527
HORI7ON,Q120016097,Marcus Cabais,마커스,Q116486316,GROUP,Wikidata_P463_P527
HORI7ON,Q120016097,Reyster Yton,,Q120095363,GROUP,Wikidata_P463_P527
HORI7ON,Q120016097,Vinci Malizon,,Q116770882,GROUP,Wikidata_P463_P527
HORI7ON,Q120016097,Winston Pineda,,Q120022190,GROUP,Wikidata_P463_P527
HOTSHOT,Q20684188,Ha Sung-woon,하성운,Q30313948,GROUP,Wikidata_P463_P527
HOTSHOT,Q20684188,Ko Ho-jung,고호정,Q55727455,GROUP,Wikidata_P463_P527
HOTSHOT,Q20684188,Roh Tae-hyun,노태현,Q34441900,GROUP,Wikidata_P463_P527
Hashtag,Q124536451,Ruben Carpathian,,Q124536451,SOLO,Wikidata_Entity
Hearts2Hearts,Q131746784,A-na,에이나,Q131932325,GROUP,Wikidata_P463_P527
Hearts2Hearts,Q131746784,Carmen,카르멘,Q131932321,GROUP,Wikidata_P463_P527
Hearts2Hearts,Q131746784,Ian,이안,Q131932326,GROUP,Wikidata_P463_P527
Hearts2Hearts,Q131746784,Jiwoo,지우,Q131932320,GROUP,Wikidata_P463_P527
Hearts2Hearts,Q131746784,Juun,주은,Q131932324,GROUP,Wikidata_P463_P527
Hearts2Hearts,Q131746784,Stella,스텔라,Q131932323,GROUP,Wikidata_P463_P527
Hearts2Hearts,Q131746784,Ye-on,예온,Q131932327,GROUP,Wikidata_P463_P527
Hearts2Hearts,Q131746784,Yuha,유하,Q131932322,GROUP,Wikidata_P463_P527
Heize,Q24855768,Heize,헤이즈,Q24855768,SOLO,Wikidata_Entity
Hello Venus,Q488674,Alice,앨리스,Q16226493,GROUP,Wikidata_P463_P527
Hello Venus,Q488674,Kwon Na-ra,권나라,Q14493927,GROUP,Wikidata_P463_P527
Hello Venus,Q488674,Lee Hwa-kyum,이화겸,Q15427708,GROUP,Wikidata_P463_P527
Hello Venus,Q488674,Lee Seo-young,이서영,Q112020932,GROUP,Wikidata_P463_P527
Hello Venus,Q488674,Lime,라임,Q19968737,GROUP,Wikidata_P463_P527
Hello Venus,Q488674,Yeoreum,여름,Q110118380,GROUP,Wikidata_P463_P527
Hello Venus,Q488674,Yoo Ara,유아라,Q8055133,GROUP,Wikidata_P463_P527
Hello Venus,Q488674,Yoonjo,윤조,Q15865012,GROUP,Wikidata_P463_P527
Hi-Fi Un!corn,Q124518472,Son Gi Yun,손기윤,Q130930607,GROUP,Wikidata_P463_P527
Honey Popcorn,Q50821732,Kaede Hashimoto,하시모토 가에데,Q4923630,GROUP,Wikidata_P463_P527
Honey Popcorn,Q50821732,Moko Sakura,Moko Sakura,Q53764878,GROUP,Wikidata_P463_P527
Honey Popcorn,Q50821732,Nako Miyase,미야세 나코,Q60229860,GROUP,Wikidata_P463_P527
Honey Popcorn,Q50821732,Yua Mikami,미카미 유아,Q22128111,GROUP,Wikidata_P463_P527
Hoppipolla,Q90259159,Ha Hyeon-sang,하현상,Q97213737,GROUP,Wikidata_P463_P527
Hoppipolla,Q90259159,I'll,I'll,Q66362758,GROUP,Wikidata_P463_P527
Huh Jiwon,Q60566856,Huh Jiwon,허지원,Q60566856,SOLO,Wikidata_Entity
Hwang Chiyeul,Q21060878,Hwang Chi-yeul,황치열,Q21060878,SOLO,Wikidata_Entity
HyunA,Q19794442,Moon Hyun-ah,현아,Q19794442,SOLO,Wikidata_Entity
I.O.I,Q23688122,Choi Yoo-jung,최유정,Q26710983,GROUP,Wikidata_P463_P527
I.O.I,Q23688122,Chungha,김청하,Q26214034,GROUP,Wikidata_P463_P527
I.O.I,Q23688122,Jeon Somi,전소미,Q22910214,GROUP,Wikidata_P463_P527
I.O.I,Q23688122,Jung Chae-yeon,정채연,Q24959134,GROUP,Wikidata_P463_P527
I.O.I,Q23688122,Kang Mi-na,강미나,Q24663999,GROUP,Wikidata_P463_P527
I.O.I,Q23688122,Kim Do-yeon,김도연,Q26710973,GROUP,Wikidata_P463_P527
I.O.I,Q23688122,Kim Se-jeong,김세정,Q22911780,GROUP,Wikidata_P463_P527
I.O.I,Q23688122,Kim So-hye,김소혜,Q26214035,GROUP,Wikidata_P463_P527
I.O.I,Q23688122,Lim Na-young,임나영,Q24832146,GROUP,Wikidata_P463_P527
I.O.I,Q23688122,Yoo Yeon-jung,유연정,Q26710986,GROUP,Wikidata_P463_P527
I.O.I,Q23688122,Zhou Jieqiong,주결경,Q24833180,GROUP,Wikidata_P463_P527
ICHILLIN’,Q109256946,Chaerin,채린,Q132171315,GROUP,Wikidata_P463_P527
ICHILLIN’,Q109256946,Chowon,초원,Q132171318,GROUP,Wikidata_P463_P527
ICHILLIN’,Q109256946,E.Ji,이지,Q132171305,GROUP,Wikidata_P463_P527
ICHILLIN’,Q109256946,Jackie,재키,Q132171310,GROUP,Wikidata_P463_P527
ICHILLIN’,Q109256946,Jiyoon,지윤,Q132171303,GROUP,Wikidata_P463_P527
ICHILLIN’,Q109256946,Joonie,주니,Q132171312,GROUP,Wikidata_P463_P527
ICHILLIN’,Q109256946,Yeju,예주,Q132171316,GROUP,Wikidata_P463_P527
IDID,Q135466598,Baek Jun-hyuk,백준혁,Q134691469,GROUP,Wikidata_P463_P527
IDID,Q135466598,Chu Yoo-chan,추유찬,Q134689699,GROUP,Wikidata_P463_P527
IDID,Q135466598,Jang Yong-hoon,장용훈,Q134689736,GROUP,Wikidata_P463_P527
ILLIT,Q122179261,Iroha,이로하,Q126923761,GROUP,Wikidata_P463_P527
ILLIT,Q122179261,Minju,민주,Q126923757,GROUP,Wikidata_P463_P527
ILLIT,Q122179261,Moka,모카,Q126923758,GROUP,Wikidata_P463_P527
ILLIT,Q122179261,Wonhee,원희,Q126923760,GROUP,Wikidata_P463_P527
ILLIT,Q122179261,Yunah,윤아,Q126923756,GROUP,Wikidata_P463_P527
ILY:1,Q110959886,Ara,,Q111492589,GROUP,Wikidata_P463_P527
ILY:1,Q110959886,Elva,,Q111492632,GROUP,Wikidata_P463_P527
ILY:1,Q110959886,Hana,,Q111492536,GROUP,Wikidata_P463_P527
ILY:1,Q110959886,Nayu,나유,Q111492466,GROUP,Wikidata_P463_P527
ILY:1,Q110959886,Ririka,키시다 리리카,Q111492437,GROUP,Wikidata_P463_P527
ILY:1,Q110959886,Rona,,Q111492606,GROUP,Wikidata_P463_P527
INFINITE,Q50598,Hoya,이호원,Q3228878,GROUP,Wikidata_P463_P527
INFINITE,Q50598,Jang Dong-woo,장동우,Q8835339,GROUP,Wikidata_P463_P527
INFINITE,Q50598,Kim Myung-soo,엘,Q5909378,GROUP,Wikidata_P463_P527
INFINITE,Q50598,Kim Sung-kyu,김성규,Q6409458,GROUP,Wikidata_P463_P527
INFINITE,Q50598,Lee Sung-jong,성종,Q12602098,GROUP,Wikidata_P463_P527
INFINITE,Q50598,Lee Sungyeol,성열,Q7846352,GROUP,Wikidata_P463_P527
INFINITE,Q50598,Nam Woo-hyun,우현,Q10797190,GROUP,Wikidata_P463_P527
INI,Q107248914,Fengfan Xu,쉬펑판,Q107666253,GROUP,Wikidata_P463_P527
INI,Q107248914,Hiromu Takatsuka,타카츠카 히로무,Q107667128,GROUP,Wikidata_P463_P527
INI,Q107248914,Hiroto Nishi,니시 히로토,Q107256277,GROUP,Wikidata_P463_P527
INI,Q107248914,Jin Matsuda,,Q107664293,GROUP,Wikidata_P463_P527
INI,Q107248914,Kyosuke Fujimaki,후지마키 쿄스케,Q107663185,GROUP,Wikidata_P463_P527
INI,Q107248914,Masaya Kimura,키무라 마사야,Q107321249,GROUP,Wikidata_P463_P527
INI,Q107248914,Rihito Ikezaki,,Q107664383,GROUP,Wikidata_P463_P527
INI,Q107248914,Shogo Tajima,타지마 쇼고,Q107258226,GROUP,Wikidata_P463_P527
INI,Q107248914,Takeru Goto,고토 타케루,Q107666008,GROUP,Wikidata_P463_P527
INI,Q107248914,Takumi Ozaki,오자키 타쿠미,Q107325491,GROUP,Wikidata_P463_P527
INI,Q107248914,Yudai Sano,사노 유다이,Q107664675,GROUP,Wikidata_P463_P527
IS:SUE,Q125589349,Nano Kenmotsu,,Q126084174,GROUP,Wikidata_P463_P527
IS:SUE,Q125589349,Rin Aita,,Q126083900,GROUP,Wikidata_P463_P527
IS:SUE,Q125589349,Rino Sakaguchi,,Q126083837,GROUP,Wikidata_P463_P527
IS:SUE,Q125589349,Yuuki Tanaka,,Q126083977,GROUP,Wikidata_P463_P527
ISEGYE IDOL,Q112074413,Gosegu,고세구,Q118233843,GROUP,Wikidata_P463_P527
ISEGYE IDOL,Q112074413,Ine,아이네,Q118233491,GROUP,Wikidata_P463_P527
ISEGYE IDOL,Q112074413,Jingburger,징버거,Q118233666,GROUP,Wikidata_P463_P527
ISEGYE IDOL,Q112074413,Jururu,주르르,Q118233791,GROUP,Wikidata_P463_P527
ISEGYE IDOL,Q112074413,Lilpa,릴파,Q118233753,GROUP,Wikidata_P463_P527
ISEGYE IDOL,Q112074413,VIichan,비챤,Q118233908,GROUP,Wikidata_P463_P527
ITZY,Q60732823,Chaeryeong,채령,Q60829936,GROUP,Wikidata_P463_P527
ITZY,Q60732823,Hwang Ye-ji,황예지,Q60870268,GROUP,Wikidata_P463_P527
ITZY,Q60732823,Lia,최지수,Q60870266,GROUP,Wikidata_P463_P527
ITZY,Q60732823,Shin Ryu-jin,신류진,Q60870265,GROUP,Wikidata_P463_P527
ITZY,Q60732823,Shin Yu-na,신유나,Q60870263,GROUP,Wikidata_P463_P527
IU,Q20145,IU,아이유,Q20145,SOLO,Wikidata_Entity
IVE,Q109375061,An Yu-jin,안유진,Q55694622,GROUP,Wikidata_P463_P527
IVE,Q109375061,Gaeul,가을,Q109420011,GROUP,Wikidata_P463_P527
IVE,Q109375061,Jang Won-young,장원영,Q56476186,GROUP,Wikidata_P463_P527
IVE,Q109375061,Leeseo,이서,Q109572155,GROUP,Wikidata_P463_P527
IVE,Q109375061,Liz,리즈,Q109420139,GROUP,Wikidata_P463_P527
IVE,Q109375061,Rei,나오이 레이,Q109571132,GROUP,Wikidata_P463_P527
IZ,Q41145757,Jihoo,임수종,Q65159151,GROUP,Wikidata_P463_P527
IZ*ONE,Q56402353,An Yu-jin,안유진,Q55694622,GROUP,Wikidata_P463_P527
IZ*ONE,Q56402353,Chaeyeon,이채연,Q56441288,GROUP,Wikidata_P463_P527
IZ*ONE,Q56402353,Choi Ye-na,최예나,Q55694544,GROUP,Wikidata_P463_P527
IZ*ONE,Q56402353,Hitomi Honda,혼다 히토미,Q56479085,GROUP,Wikidata_P463_P527
IZ*ONE,Q56402353,Jang Won-young,장원영,Q56476186,GROUP,Wikidata_P463_P527
IZ*ONE,Q56402353,Jo Yu-ri,조유리,Q56678033,GROUP,Wikidata_P463_P527
IZ*ONE,Q56402353,Kang Hye-won,강혜원,Q56506824,GROUP,Wikidata_P463_P527
IZ*ONE,Q56402353,Kim Chaewon,김채원,Q56660174,GROUP,Wikidata_P463_P527
IZ*ONE,Q56402353,Kim Min-ju,김민주,Q56660171,GROUP,Wikidata_P463_P527
IZ*ONE,Q56402353,Kwon Eun-bi,권은비,Q56505060,GROUP,Wikidata_P463_P527
IZ*ONE,Q56402353,Nako Yabuki,야부키 나코,Q18235331,GROUP,Wikidata_P463_P527
IZ*ONE,Q56402353,Sakura Miyawaki,사쿠라,Q869966,GROUP,Wikidata_P463_P527
Ivy,Q3142165,Adam Schlesinger,아담 슐레진저,Q2824007,GROUP,Wikidata_P463_P527
Ivy,Q3142165,Andy Chase,,Q4760511,GROUP,Wikidata_P463_P527
Ivy,Q3142165,Dominique Durand,,Q137765391,GROUP,Wikidata_P463_P527
J.Y.Park,Q109307762,Bae,배이,Q109308055,GROUP,Wikidata_P463_P527
J.Y.Park,Q109307762,Haewon,오해원,Q109567033,GROUP,Wikidata_P463_P527
J.Y.Park,Q109307762,Jini,지니,Q109307988,GROUP,Wikidata_P463_P527
J.Y.Park,Q109307762,Jiwoo,지우,Q109308189,GROUP,Wikidata_P463_P527
J.Y.Park,Q109307762,Kyujin,규진,Q109308262,GROUP,Wikidata_P463_P527
J.Y.Park,Q109307762,Lily,릴리,Q26196972,GROUP,Wikidata_P463_P527
J.Y.Park,Q109307762,Sullyoon,설윤,Q109307956,GROUP,Wikidata_P463_P527
JBJ,Q39075630,Jin Longguo,용국,Q34441222,GROUP,Wikidata_P463_P527
JBJ,Q39075630,Kim Dong-han,김동한,Q42650401,GROUP,Wikidata_P463_P527
JBJ,Q39075630,Kim Sang-gyun,김상균,Q16168074,GROUP,Wikidata_P463_P527
JBJ,Q39075630,Kwon Hyun-bin,권현빈,Q36331297,GROUP,Wikidata_P463_P527
JBJ,Q39075630,Roh Tae-hyun,노태현,Q34441900,GROUP,Wikidata_P463_P527
JBJ,Q39075630,Takada Kenta,타카다 켄타,Q34442955,GROUP,Wikidata_P463_P527
JD1,Q85010490,Jung Dong-won,정동원,Q85010490,SOLO,Wikidata_Entity
JO1,Q78297569,Issei Mamehara,,Q81305479,GROUP,Wikidata_P463_P527
JO1,Q78297569,Junki Kono,,Q82563947,GROUP,Wikidata_P463_P527
JO1,Q78297569,Keigo Satō,,Q82563945,GROUP,Wikidata_P463_P527
JO1,Q78297569,Ren Kawashiri,,Q80998161,GROUP,Wikidata_P463_P527
JO1,Q78297569,Ruki Shiroiwa,,Q81374843,GROUP,Wikidata_P463_P527
JO1,Q78297569,Shion Tsurubo,,Q81033759,GROUP,Wikidata_P463_P527
JO1,Q78297569,Sho Yonashiro,,Q82563942,GROUP,Wikidata_P463_P527
JO1,Q78297569,Shosei Ohira,,Q81238076,GROUP,Wikidata_P463_P527
JO1,Q78297569,Sukai Kinjo,,Q81032718,GROUP,Wikidata_P463_P527
JO1,Q78297569,Syoya Kimata,,Q81968448,GROUP,Wikidata_P463_P527
JO1,Q78297569,Takumi Kawanishi,,Q81478890,GROUP,Wikidata_P463_P527
JQT,Q485691,Lee Sun-bin,이선빈,Q22974707,GROUP,Wikidata_P463_P527
JUNNY,Q107109742,JUNNY,주니,Q107109742,SOLO,Wikidata_Entity
Jannabi,Q27953445,Choi Jung-hoon,최정훈,Q109441577,GROUP,Wikidata_P463_P527
Jeon Somi,Q21058681,Jeon So Min,소민,Q21058681,SOLO,Wikidata_Entity
Jeong Sewoon,Q16746002,Jeong Se-woon,정세운,Q16746002,SOLO,Wikidata_Entity
Jewelry,Q490873,Cho Ha-rang,조민아,Q16091962,GROUP,Wikidata_P463_P527
Jewelry,Q490873,Ha Juyeon,하주연,Q11142250,GROUP,Wikidata_P463_P527
Jewelry,Q490873,Jun Eun-mi,전은미,Q63378931,GROUP,Wikidata_P463_P527
Jewelry,Q490873,Kim Eun-jung,김은정,Q16080353,GROUP,Wikidata_P463_P527
Jewelry,Q490873,Lee Ji-hyun,이지현,Q498364,GROUP,Wikidata_P463_P527
Jewelry,Q490873,Park Jung-ah,박정아,Q489949,GROUP,Wikidata_P463_P527
Jewelry,Q490873,Seo In-young,서인영,Q484187,GROUP,Wikidata_P463_P527
Jewelry,Q490873,Ye-won,예원,Q12588130,GROUP,Wikidata_P463_P527
Jewelry,Q490873,Yun Jin-sol,윤진솔,Q11094986,GROUP,Wikidata_P463_P527
Jiae,Q114772081,Jiae,지애,Q114772081,SOLO,Wikidata_Entity
Jini,Q109307988,Jini,지니,Q109307988,SOLO,Wikidata_Entity
Jo Yuri,Q56678033,Jo Yu-ri,조유리,Q56678033,SOLO,Wikidata_Entity
Jueun,Q65330332,Lee Ju-eun,주은,Q65330332,SOLO,Wikidata_Entity
K.will,Q326575,K.Will,케이윌,Q326575,SOLO,Wikidata_Entity
KANGTA,Q2404780,Kangta,강타,Q482847,GROUP,Wikidata_P463_P527
KANGTA,Q2404780,Vanness Wu,우젠하오,Q702542,GROUP,Wikidata_P463_P527
KARA,Q124459,Goo Hara,구하라,Q494996,GROUP,Wikidata_P463_P527
KARA,Q124459,Han Seung-yeon,한승연,Q495020,GROUP,Wikidata_P463_P527
KARA,Q124459,Heo Young-ji,허영지,Q17302045,GROUP,Wikidata_P463_P527
KARA,Q124459,Kang Ji-young,강지영,Q495009,GROUP,Wikidata_P463_P527
KARA,Q124459,Kim Sung-hee,김성희,Q498071,GROUP,Wikidata_P463_P527
KARA,Q124459,Nicole Jung,니콜,Q494992,GROUP,Wikidata_P463_P527
KARA,Q124459,Park Gyu-ri,박규리,Q495000,GROUP,Wikidata_P463_P527
KARD,Q27989963,BM,BM,Q28826153,GROUP,Wikidata_P463_P527
KARD,Q27989963,J.Seph,제이셉,Q28824304,GROUP,Wikidata_P463_P527
KARD,Q27989963,Jeon Ji-woo,전지우,Q28669460,GROUP,Wikidata_P463_P527
KARD,Q27989963,Jeon So Min,소민,Q21058681,GROUP,Wikidata_P463_P527
KATSEYE,Q123480242,Daniela Avanzini,다니엘라,Q124692767,GROUP,Wikidata_P463_P527
KATSEYE,Q123480242,Lara Raj,라라,Q124692773,GROUP,Wikidata_P463_P527
KATSEYE,Q123480242,Manon Bannerman,마농 배너맨,Q124692741,GROUP,Wikidata_P463_P527
KATSEYE,Q123480242,Megan Skiendiel,메간,Q124692787,GROUP,Wikidata_P463_P527
KATSEYE,Q123480242,Sophia Laforteza,소피아,Q124692753,GROUP,Wikidata_P463_P527
KATSEYE,Q123480242,Yoonchae Jeung,윤채,Q124692801,GROUP,Wikidata_P463_P527
KENTA・SANGGYUN,Q56534357,Kim Sang-gyun,김상균,Q16168074,GROUP,Wikidata_P463_P527
KENTA・SANGGYUN,Q56534357,Takada Kenta,타카다 켄타,Q34442955,GROUP,Wikidata_P463_P527
KISS OF LIFE,Q118314702,Belle,벨,Q120960067,GROUP,Wikidata_P463_P527
KISS OF LIFE,Q118314702,Haneul,하늘,Q120960068,GROUP,Wikidata_P463_P527
KISS OF LIFE,Q118314702,Julie,쥴리,Q120960066,GROUP,Wikidata_P463_P527
KISS OF LIFE,Q118314702,Natty,나띠,Q93481484,GROUP,Wikidata_P463_P527
KNK,Q23022478,Hyunjong,현경,Q68478721,GROUP,Wikidata_P463_P527
KNK,Q23022478,Jeong In-seong,정인성,Q60567217,GROUP,Wikidata_P463_P527
KNK,Q23022478,Kim Jihun,김지훈,Q67991396,GROUP,Wikidata_P463_P527
KNK,Q23022478,Lee Dong-won,이동원,Q67991392,GROUP,Wikidata_P463_P527
KNK,Q23022478,Oh Heejun,오희준,Q67991401,GROUP,Wikidata_P463_P527
KNK,Q23022478,Park Seo Ham,박서함,Q49233458,GROUP,Wikidata_P463_P527
Kandis,Q2615105,Frank Thøgersen,,Q16323571,GROUP,Wikidata_P463_P527
Kandis,Q2615105,Johnny Hansen,,Q12320237,GROUP,Wikidata_P463_P527
Kandis,Q2615105,Jørgen Hein Jørgensen,,Q101966911,GROUP,Wikidata_P463_P527
Kandis,Q2615105,Michael Kratz,,Q47001133,GROUP,Wikidata_P463_P527
Kep1er,Q109077000,Choi Yu-jin,최유진,Q28698283,GROUP,Wikidata_P463_P527
Kep1er,Q109077000,Hikaru Ezaki,에자키 히카루,Q109108909,GROUP,Wikidata_P463_P527
Kep1er,Q109077000,Huening Bahiyyih,휴닝바히에,Q109109100,GROUP,Wikidata_P463_P527
Kep1er,Q109077000,Kang Ye-seo,강예서,Q12582984,GROUP,Wikidata_P463_P527
Kep1er,Q109077000,Kim Chae-hyun,김채현,Q109108660,GROUP,Wikidata_P463_P527
Kep1er,Q109077000,Kim Dayeon,김다연,Q109120276,GROUP,Wikidata_P463_P527
Kep1er,Q109077000,Seo Young-eun,서영은,Q109141485,GROUP,Wikidata_P463_P527
Kep1er,Q109077000,Shen Xiaoting,션샤오팅,Q109108495,GROUP,Wikidata_P463_P527
KiiiKiii,Q132526762,Haum,하음,Q133828177,GROUP,Wikidata_P463_P527
KiiiKiii,Q132526762,Jiyu,지유,Q133828174,GROUP,Wikidata_P463_P527
KiiiKiii,Q132526762,Kya,키야,Q133828178,GROUP,Wikidata_P463_P527
KiiiKiii,Q132526762,Leesol,이솔,Q133828175,GROUP,Wikidata_P463_P527
KiiiKiii,Q132526762,Sui,수이,Q133828176,GROUP,Wikidata_P463_P527
Kim Jae-joong,Q169717,Kim Jae-joong,김재중,Q169717,SOLO,Wikidata_Entity
Kim Se-jeong,Q22911780,Kim Se-jeong,김세정,Q22911780,SOLO,Wikidata_Entity
Kim Seri,Q93132814,AleXa,알렉사,Q93132814,SOLO,Wikidata_Entity
Kim Wooseok,Q28698246,Kim Woo-seok,김우석,Q28698246,SOLO,Wikidata_Entity
Kwon Eunbi,Q56505060,Kwon Eun-bi,권은비,Q56505060,SOLO,Wikidata_Entity
LABOUM,Q18344661,Ahn Sol-bin,솔빈,Q25842425,GROUP,Wikidata_P463_P527
LABOUM,Q18344661,Haein,해인,Q54598788,GROUP,Wikidata_P463_P527
LABOUM,Q18344661,Jeong So-yeon,소연,Q25842424,GROUP,Wikidata_P463_P527
LABOUM,Q18344661,Jinyea,진예,Q50109116,GROUP,Wikidata_P463_P527
LABOUM,Q18344661,Kim Yu-jeong,유정,Q30944712,GROUP,Wikidata_P463_P527
LABOUM,Q18344661,Yulhee,율희,Q30949603,GROUP,Wikidata_P463_P527
LAPILLUS,Q112620284,Chanty,샨티,Q115518557,GROUP,Wikidata_P463_P527
LC9,Q13580493,Kang Hyeon-su,강현수,Q67933442,GROUP,Wikidata_P463_P527
LE SSERAFIM,Q111381707,Hong Eun-chae,홍은채,Q111544444,GROUP,Wikidata_P463_P527
LE SSERAFIM,Q111381707,Huh Yun-jin,허윤진,Q111537648,GROUP,Wikidata_P463_P527
LE SSERAFIM,Q111381707,Kazuha Nakamura,카즈하,Q111544446,GROUP,Wikidata_P463_P527
LE SSERAFIM,Q111381707,Kim Chaewon,김채원,Q56660174,GROUP,Wikidata_P463_P527
LE SSERAFIM,Q111381707,Kim Ga-ram,김가람,Q111544443,GROUP,Wikidata_P463_P527
LE SSERAFIM,Q111381707,Sakura Miyawaki,사쿠라,Q869966,GROUP,Wikidata_P463_P527
LED Apple,Q487363,I-OH,이오,Q16091024,GROUP,Wikidata_P463_P527
LED Apple,Q487363,Jae-hoon,재훈,Q16097672,GROUP,Wikidata_P463_P527
LED Apple,Q487363,Jang Han-byul,한별,Q12624041,GROUP,Wikidata_P463_P527
LED Apple,Q487363,Kim Hyo-seok,김효석,Q14944850,GROUP,Wikidata_P463_P527
LED Apple,Q487363,Kyumin,규민,Q12586220,GROUP,Wikidata_P463_P527
LED Apple,Q487363,Lee Min-yong,이민용,Q16097208,GROUP,Wikidata_P463_P527
LED Apple,Q487363,Lee Sung-hyun,이성현,Q16097348,GROUP,Wikidata_P463_P527
LED Apple,Q487363,Park Keon-woo,박건우,Q12583400,GROUP,Wikidata_P463_P527
LED Apple,Q487363,Yeong-joon,영준,Q12607520,GROUP,Wikidata_P463_P527
LED Apple,Q487363,Zeze,최재훈,Q120260925,GROUP,Wikidata_P463_P527
LIGHTSUM,Q107005985,Chowon,초원,Q112966238,GROUP,Wikidata_P463_P527
LIGHTSUM,Q107005985,Hina,히나,Q112966239,GROUP,Wikidata_P463_P527
LIGHTSUM,Q107005985,Juhyeon,주현,Q110405710,GROUP,Wikidata_P463_P527
LIGHTSUM,Q107005985,Kim Ji-an,김지안,Q115588873,GROUP,Wikidata_P463_P527
LIGHTSUM,Q107005985,Kim Na-young,김나영,Q110405051,GROUP,Wikidata_P463_P527
LIGHTSUM,Q107005985,Oh Hui-yeon,오휘연,Q115588871,GROUP,Wikidata_P463_P527
LIGHTSUM,Q107005985,Sangah,상아,Q115588560,GROUP,Wikidata_P463_P527
LIGHTSUM,Q107005985,Yujeong,유정,Q109257515,GROUP,Wikidata_P463_P527
LOONA,Q28025953,Choerry,최리,Q58224261,GROUP,Wikidata_P463_P527
LOONA,Q28025953,Chuu,츄,Q56816551,GROUP,Wikidata_P463_P527
LOONA,Q28025953,Go Won,고원,Q58825794,GROUP,Wikidata_P463_P527
LOONA,Q28025953,Haseul,하슬,Q57318729,GROUP,Wikidata_P463_P527
LOONA,Q28025953,Heejin,희진,Q56259179,GROUP,Wikidata_P463_P527
LOONA,Q28025953,Hyeju,혜주,Q58825825,GROUP,Wikidata_P463_P527
LOONA,Q28025953,JinSoul,진솔,Q56825122,GROUP,Wikidata_P463_P527
LOONA,Q28025953,Kim Hyunjin,현진,Q48893612,GROUP,Wikidata_P463_P527
LOONA,Q28025953,Kim Lip,김립,Q56816418,GROUP,Wikidata_P463_P527
LOONA,Q28025953,ViVi,비비,Q57317398,GROUP,Wikidata_P463_P527
LOONA,Q28025953,Yeojin,여진,Q56824821,GROUP,Wikidata_P463_P527
LOONA,Q28025953,Yves,이브,Q58825704,GROUP,Wikidata_P463_P527
LUNARSOLAR,Q98136614,권지은,권지은,Q138754976,GROUP,Wikidata_P463_P527
Ladies’ Code,Q11588897,Ashley Choi,애슐리,Q18325355,GROUP,Wikidata_P463_P527
Ladies’ Code,Q11588897,EunB,은비,Q16173535,GROUP,Wikidata_P463_P527
Ladies’ Code,Q11588897,Kwon Ri-se,권리세,Q9300078,GROUP,Wikidata_P463_P527
Ladies’ Code,Q11588897,Lee So-jung,소정,Q16083607,GROUP,Wikidata_P463_P527
Ladies’ Code,Q11588897,Zuny,주니,Q18325356,GROUP,Wikidata_P463_P527
Latency,Q137734516,Jee Won,지원,Q84324500,GROUP,Wikidata_P463_P527
Latency,Q137734516,Kim Hyunjin,현진,Q48893612,GROUP,Wikidata_P463_P527
Lee Hi,Q24945,Lee Hi,이하이,Q24945,SOLO,Wikidata_Entity
Lee Hyori,Q232491,Lee Hyori,이효리,Q232491,SOLO,Wikidata_Entity
Lee Jiyeon,Q55733453,Lee Ji-yeon,이지연,Q55733453,SOLO,Wikidata_Entity
Lee Jun Young,Q28699255,Lee Jun-young,이준영,Q28699255,SOLO,Wikidata_Entity
Lee Youngji,Q96873744,Lee Young-ji,이영지,Q96873744,SOLO,Wikidata_Entity
Loossemble,Q121975741,Hyeju,혜주,Q58825825,GROUP,Wikidata_P463_P527
Loossemble,Q121975741,Kim Hyunjin,현진,Q48893612,GROUP,Wikidata_P463_P527
Loossemble,Q121975741,ViVi,비비,Q57317398,GROUP,Wikidata_P463_P527
Loossemble,Q121975741,Yeojin,여진,Q56824821,GROUP,Wikidata_P463_P527
Lovelyz,Q18437003,Baby Soul,베이비소울,Q16181012,GROUP,Wikidata_P463_P527
Lovelyz,Q18437003,JIN,JIN,Q18381209,GROUP,Wikidata_P463_P527
Lovelyz,Q18437003,Jeong Ye-in,정예인,Q21012418,GROUP,Wikidata_P463_P527
Lovelyz,Q18437003,Kei,Kei,Q12588803,GROUP,Wikidata_P463_P527
Lovelyz,Q18437003,Lee Mi-joo,이미주,Q21059878,GROUP,Wikidata_P463_P527
Lovelyz,Q18437003,Ryu Su-jeong,류수정,Q20946085,GROUP,Wikidata_P463_P527
Lovelyz,Q18437003,Seo Ji-soo,서지수,Q18531271,GROUP,Wikidata_P463_P527
Lovelyz,Q18437003,Yoo Ji-ae,유지애,Q13428840,GROUP,Wikidata_P463_P527
Lucas,Q320980,Lucas van Leyden,,Q320980,SOLO,Wikidata_Entity
MADEIN,Q114554468,Kang Ye-seo,강예서,Q12582984,GROUP,Wikidata_P463_P527
MADEIN,Q114554468,Kim Su-hye,김수혜,Q114554575,GROUP,Wikidata_P463_P527
MADEIN,Q114554468,Mashiro Sakamoto,사카모토 마시로,Q109108584,GROUP,Wikidata_P463_P527
MADEIN,Q114554468,MiU,이토 미유,Q114554571,GROUP,Wikidata_P463_P527
MADEIN,Q114554468,Oh Ga-eun,오가은,Q114554574,GROUP,Wikidata_P463_P527
MAMAMOO,Q17278068,Hwasa,화사,Q19603912,GROUP,Wikidata_P463_P527
MAMAMOO,Q17278068,Moonbyul,문별,Q19483782,GROUP,Wikidata_P463_P527
MAMAMOO,Q17278068,Solar,솔라,Q19483969,GROUP,Wikidata_P463_P527
MAMAMOO,Q17278068,Wheein,휘인,Q19603930,GROUP,Wikidata_P463_P527
MBLAQ,Q499183,G.O,지오,Q5512084,GROUP,Wikidata_P463_P527
MBLAQ,Q499183,Lee Joon,이준,Q496846,GROUP,Wikidata_P463_P527
MBLAQ,Q499183,Mir,미르,Q11242163,GROUP,Wikidata_P463_P527
MBLAQ,Q499183,Seungho,승호,Q13607989,GROUP,Wikidata_P463_P527
MBLAQ,Q499183,Thunder,천둥,Q1195195,GROUP,Wikidata_P463_P527
MCND,Q85873198,BIC,빅,Q124854418,GROUP,Wikidata_P463_P527
MCND,Q85873198,Castle J,캐슬제이,Q97704455,GROUP,Wikidata_P463_P527
MCND,Q85873198,Huijin,노휘준,Q97932927,GROUP,Wikidata_P463_P527
MCND,Q85873198,Minjae,송민재,Q124854436,GROUP,Wikidata_P463_P527
MCND,Q85873198,Win,방준혁,Q124289564,GROUP,Wikidata_P463_P527
ME:I,Q123859475,AYANE,,Q126066834,GROUP,Wikidata_P463_P527
ME:I,Q123859475,KEIKO,,Q126068829,GROUP,Wikidata_P463_P527
ME:I,Q123859475,KOKONA,,Q126068084,GROUP,Wikidata_P463_P527
ME:I,Q123859475,Kokoro Kato,카토 코코로,Q60874071,GROUP,Wikidata_P463_P527
ME:I,Q123859475,MIU,,Q126067083,GROUP,Wikidata_P463_P527
ME:I,Q123859475,Momona Kasahara,카사하라 모모나,Q29635449,GROUP,Wikidata_P463_P527
ME:I,Q123859475,RINON,,Q126066683,GROUP,Wikidata_P463_P527
ME:I,Q123859475,Ran Ishii,이시이 란,Q79018672,GROUP,Wikidata_P463_P527
ME:I,Q123859475,SUZU,,Q126067576,GROUP,Wikidata_P463_P527
ME:I,Q123859475,Shizuku Iida,,Q123860042,GROUP,Wikidata_P463_P527
ME:I,Q123859475,TSUZUMI,,Q126069328,GROUP,Wikidata_P463_P527
MEOVV,Q130084175,Anna Tanaka,안나,Q65963088,GROUP,Wikidata_P463_P527
MEOVV,Q130084175,Ella Gross,엘라,Q126015441,GROUP,Wikidata_P463_P527
MEOVV,Q130084175,Gawon,가원,Q132147276,GROUP,Wikidata_P463_P527
MEOVV,Q130084175,Narin,나린,Q132147277,GROUP,Wikidata_P463_P527
MEOVV,Q130084175,Sooin,수인,Q132147275,GROUP,Wikidata_P463_P527
MILLIC,Q447437,Millie Small,,Q447437,SOLO,Wikidata_Entity
MINIMANI,Q117435233,Yu Soo-hyun,유수현,Q126080030,GROUP,Wikidata_P463_P527
MIRAE,Q105451317,이준혁,이준혁,Q112023501,GROUP,Wikidata_P463_P527
MIRAE,Q105451317,E-VAN,,Q137883959,GROUP,Wikidata_P463_P527
MIRAE,Q105451317,Lee Jun-hyuk,이준혁,Q131582068,GROUP,Wikidata_P463_P527
MIRAE,Q105451317,Son Dong-pyo,손동표,Q66737978,GROUP,Wikidata_P463_P527
MOBB,Q26817488,Bobby,바비,Q18015644,GROUP,Wikidata_P463_P527
MODYSSEY,Q137666840,Zihao,,Q137667736,GROUP,Wikidata_P463_P527
MOMOLAND,Q27820706,Ahin,아인,Q43111145,GROUP,Wikidata_P463_P527
MOMOLAND,Q27820706,Daisy,데이지,Q43110988,GROUP,Wikidata_P463_P527
MOMOLAND,Q27820706,JooE,주이,Q47524999,GROUP,Wikidata_P463_P527
MOMOLAND,Q27820706,Kim Na-yun,나윤,Q53316840,GROUP,Wikidata_P463_P527
MOMOLAND,Q27820706,Kim Tae-ha,태하,Q53316743,GROUP,Wikidata_P463_P527
MOMOLAND,Q27820706,Lee Hye-bin,혜빈,Q53316231,GROUP,Wikidata_P463_P527
MOMOLAND,Q27820706,Nancy,낸시,Q18116606,GROUP,Wikidata_P463_P527
MOMOLAND,Q27820706,Sung Ji-yeon,제인,Q53316644,GROUP,Wikidata_P463_P527
MOMOLAND,Q27820706,Yeonwoo,연우,Q29994676,GROUP,Wikidata_P463_P527
MONSTA X,Q19855151,Hyung-won,형원,Q28549791,GROUP,Wikidata_P463_P527
MONSTA X,Q19855151,I.M,아이엠,Q28549782,GROUP,Wikidata_P463_P527
MONSTA X,Q19855151,Kihyun,기현,Q27951584,GROUP,Wikidata_P463_P527
MONSTA X,Q19855151,Lee Jooheon,주헌,Q23008017,GROUP,Wikidata_P463_P527
MONSTA X,Q19855151,Minhyuk,민혁,Q28746303,GROUP,Wikidata_P463_P527
MONSTA X,Q19855151,Shownu,셔누,Q24834621,GROUP,Wikidata_P463_P527
MONSTA X,Q19855151,Wonho,원호,Q28549863,GROUP,Wikidata_P463_P527
MUU,Q5397294,Artists’ Association MUU,,Q5397294,SOLO,Wikidata_Entity
MYTEEN,Q28415681,Kim Kook-heon,김국헌,Q66711922,GROUP,Wikidata_P463_P527
MYTEEN,Q28415681,Lee Tae-vin,이태빈,Q104665815,GROUP,Wikidata_P463_P527
MYTEEN,Q28415681,Shin Jun-seop,신준섭,Q85877738,GROUP,Wikidata_P463_P527
MYTEEN,Q28415681,Song Yu-bin,송유빈,Q24855847,GROUP,Wikidata_P463_P527
MelodyDay,Q16951368,Cha-hee,차희,Q64039216,GROUP,Wikidata_P463_P527
MelodyDay,Q16951368,Ye-in,예인,Q85982827,GROUP,Wikidata_P463_P527
MelodyDay,Q16951368,Yeo-eun,여은,Q21059493,GROUP,Wikidata_P463_P527
MelodyDay,Q16951368,Yoo-min,유민,Q105706019,GROUP,Wikidata_P463_P527
Mirani,Q105705445,Mirani,미란이,Q105705445,SOLO,Wikidata_Entity
Miss A,Q284740,Bae Suzy,수지,Q464645,GROUP,Wikidata_P463_P527
Miss A,Q284740,Meng Jia,지아,Q495302,GROUP,Wikidata_P463_P527
Miss A,Q284740,Min,민,Q495099,GROUP,Wikidata_P463_P527
Miss A,Q284740,Wang Feifei,페이,Q3457830,GROUP,Wikidata_P463_P527
MyB,Q22099765,Choi Moon-hee,문희,Q47672191,GROUP,Wikidata_P463_P527
MyB,Q22099765,HARU,하루,Q61098087,GROUP,Wikidata_P463_P527
MyB,Q22099765,Jeon Hee-joo,전희주,Q64574752,GROUP,Wikidata_P463_P527
MyB,Q22099765,Jung Ha-yoon,정하윤,Q86901476,GROUP,Wikidata_P463_P527
N.Flying,Q15727149,Cha Hun,차훈,Q18230972,GROUP,Wikidata_P463_P527
N.Flying,Q15727149,Kim Jae-hyun,김재현,Q18444053,GROUP,Wikidata_P463_P527
N.Flying,Q15727149,Kwon Kwang Jin,권광진,Q18229754,GROUP,Wikidata_P463_P527
N.Flying,Q15727149,Lee Seung-hyub,이승협,Q18230780,GROUP,Wikidata_P463_P527
N.Flying,Q15727149,Seo Dong-sung,서동성,Q97208928,GROUP,Wikidata_P463_P527
N.Flying,Q15727149,Yoo Hwe-seung,유회승,Q60467873,GROUP,Wikidata_P463_P527
NAZE,Q16394330,Nazeni Hovhannisyan,나제니 홉한니샨,Q16394330,SOLO,Wikidata_Entity
NCT,Q23725822,Dong Sicheng,윈윈,Q56259872,GROUP,Wikidata_P463_P527
NCT,Q23725822,Haechan,이동혁,Q19730396,GROUP,Wikidata_P463_P527
NCT,Q23725822,Hirose Ryo,히로세 료,Q123153864,GROUP,Wikidata_P463_P527
NCT,Q23725822,Jaehyun,정재현,Q26267642,GROUP,Wikidata_P463_P527
NCT,Q23725822,Johnny Suh,쟈니,Q47690025,GROUP,Wikidata_P463_P527
NCT,Q23725822,Jung Sung-chan,정성찬,Q104370500,GROUP,Wikidata_P463_P527
NCT,Q23725822,Kim Daeyoung,김대영,Q122349180,GROUP,Wikidata_P463_P527
NCT,Q23725822,Kim Doyoung,도영,Q26689987,GROUP,Wikidata_P463_P527
NCT,Q23725822,Kim Jungwoo,김정우,Q60831979,GROUP,Wikidata_P463_P527
NCT,Q23725822,Lee Je-no,제노,Q28741579,GROUP,Wikidata_P463_P527
NCT,Q23725822,Lee Tae-yong,태용,Q26459163,GROUP,Wikidata_P463_P527
NCT,Q23725822,Liu Yangyang,양양,Q67975872,GROUP,Wikidata_P463_P527
NCT,Q23725822,Lucas,루카스,Q52219380,GROUP,Wikidata_P463_P527
NCT,Q23725822,Maeda Riku,마에다 리쿠,Q122309465,GROUP,Wikidata_P463_P527
NCT,Q23725822,Mark Lee,마크,Q26689986,GROUP,Wikidata_P463_P527
NCT,Q23725822,Moon Tae-il,태일,Q28653640,GROUP,Wikidata_P463_P527
NCT,Q23725822,Na Jaemin,나재민,Q27431345,GROUP,Wikidata_P463_P527
NCT,Q23725822,Oh Sion,오시온,Q122272723,GROUP,Wikidata_P463_P527
NCT,Q23725822,Park Ji-sung,박지성,Q27477017,GROUP,Wikidata_P463_P527
NCT,Q23725822,Qian Kun,쿤,Q60644128,GROUP,Wikidata_P463_P527
NCT,Q23725822,Renjun Huang,런쥔,Q60229471,GROUP,Wikidata_P463_P527
NCT,Q23725822,Sakuya Fujinaga,후지나가 사쿠야,Q122363261,GROUP,Wikidata_P463_P527
NCT,Q23725822,Shotaro Osaki,쇼타로,Q104604557,GROUP,Wikidata_P463_P527
NCT,Q23725822,Ten,텐,Q26451151,GROUP,Wikidata_P463_P527
NCT,Q23725822,Tokuno Yushi,토쿠노 유우시,Q122293880,GROUP,Wikidata_P463_P527
NCT,Q23725822,Wong Kunhang,헨드리,Q64604849,GROUP,Wikidata_P463_P527
NCT,Q23725822,Xiao Dejun,샤오쥔,Q67975453,GROUP,Wikidata_P463_P527
NCT,Q23725822,Yuta Nakamoto,나카모토 유타,Q22773776,GROUP,Wikidata_P463_P527
NCT,Q23725822,Zhong Chenle,천러,Q30945670,GROUP,Wikidata_P463_P527
NCT 127,Q55624444,Dong Sicheng,윈윈,Q56259872,GROUP,Wikidata_P463_P527
NCT 127,Q55624444,Haechan,이동혁,Q19730396,GROUP,Wikidata_P463_P527
NCT 127,Q55624444,Jaehyun,정재현,Q26267642,GROUP,Wikidata_P463_P527
NCT 127,Q55624444,Johnny Suh,쟈니,Q47690025,GROUP,Wikidata_P463_P527
NCT 127,Q55624444,Kim Doyoung,도영,Q26689987,GROUP,Wikidata_P463_P527
NCT 127,Q55624444,Kim Jungwoo,김정우,Q60831979,GROUP,Wikidata_P463_P527
NCT 127,Q55624444,Lee Tae-yong,태용,Q26459163,GROUP,Wikidata_P463_P527
NCT 127,Q55624444,Mark Lee,마크,Q26689986,GROUP,Wikidata_P463_P527
NCT 127,Q55624444,Moon Tae-il,태일,Q28653640,GROUP,Wikidata_P463_P527
NCT 127,Q55624444,Yuta Nakamoto,나카모토 유타,Q22773776,GROUP,Wikidata_P463_P527
NCT DREAM,Q47002841,Haechan,이동혁,Q19730396,GROUP,Wikidata_P463_P527
NCT DREAM,Q47002841,Lee Je-no,제노,Q28741579,GROUP,Wikidata_P463_P527
NCT DREAM,Q47002841,Mark Lee,마크,Q26689986,GROUP,Wikidata_P463_P527
NCT DREAM,Q47002841,Na Jaemin,나재민,Q27431345,GROUP,Wikidata_P463_P527
NCT DREAM,Q47002841,Park Ji-sung,박지성,Q27477017,GROUP,Wikidata_P463_P527
NCT DREAM,Q47002841,Renjun Huang,런쥔,Q60229471,GROUP,Wikidata_P463_P527
NCT DREAM,Q47002841,Zhong Chenle,천러,Q30945670,GROUP,Wikidata_P463_P527
NCT WISH,Q122575981,Hirose Ryo,히로세 료,Q123153864,GROUP,Wikidata_P463_P527
NCT WISH,Q122575981,Kim Daeyoung,김대영,Q122349180,GROUP,Wikidata_P463_P527
NCT WISH,Q122575981,Maeda Riku,마에다 리쿠,Q122309465,GROUP,Wikidata_P463_P527
NCT WISH,Q122575981,Oh Sion,오시온,Q122272723,GROUP,Wikidata_P463_P527
NCT WISH,Q122575981,Sakuya Fujinaga,후지나가 사쿠야,Q122363261,GROUP,Wikidata_P463_P527
NCT WISH,Q122575981,Tokuno Yushi,토쿠노 유우시,Q122293880,GROUP,Wikidata_P463_P527
NINE.i,Q111463362,Kim Joo Hyoung,,Q137883937,GROUP,Wikidata_P463_P527
NINE.i,Q111463362,Seo Won,서원,Q117747162,GROUP,Wikidata_P463_P527
NMIXX,Q109307762,Bae,배이,Q109308055,GROUP,Wikidata_P463_P527
NMIXX,Q109307762,Haewon,오해원,Q109567033,GROUP,Wikidata_P463_P527
NMIXX,Q109307762,Jini,지니,Q109307988,GROUP,Wikidata_P463_P527
NMIXX,Q109307762,Jiwoo,지우,Q109308189,GROUP,Wikidata_P463_P527
NMIXX,Q109307762,Kyujin,규진,Q109308262,GROUP,Wikidata_P463_P527
NMIXX,Q109307762,Lily,릴리,Q26196972,GROUP,Wikidata_P463_P527
NMIXX,Q109307762,Sullyoon,설윤,Q109307956,GROUP,Wikidata_P463_P527
NO:EL,Q55728779,Noel,노엘,Q55728779,SOLO,Wikidata_Entity
NOMAD,Q110205519,Nomad,,Q110205519,SOLO,Wikidata_Entity
NRG,Q626033,Chun Myung-hoon,천명훈,Q12618867,GROUP,Wikidata_P463_P527
NRG,Q626033,Kim Hwan-sung,김환성,Q16080763,GROUP,Wikidata_P463_P527
NRG,Q626033,Lee Sung-jin,이성진,Q16090965,GROUP,Wikidata_P463_P527
NRG,Q626033,Moon Sung-hoon,문성훈,Q16079898,GROUP,Wikidata_P463_P527
NRG,Q626033,Noh Yoo-min,노유민,Q12590426,GROUP,Wikidata_P463_P527
NTX,Q108878805,지성,지성,Q112023090,GROUP,Wikidata_P463_P527
NTX,Q108878805,형진,형진,Q113489850,GROUP,Wikidata_P463_P527
NU'EST,Q225105,Aron,아론,Q30014943,GROUP,Wikidata_P463_P527
NU'EST,Q225105,Baekho,강동호,Q30014972,GROUP,Wikidata_P463_P527
NU'EST,Q225105,Hwang Min-hyun,민현,Q30014912,GROUP,Wikidata_P463_P527
NU'EST,Q225105,Kim Jong Hyun,JR,Q27951585,GROUP,Wikidata_P463_P527
NU'EST,Q225105,Ren,렌,Q16156921,GROUP,Wikidata_P463_P527
Nature,Q56501962,Aurora,오로라,Q62602942,GROUP,Wikidata_P463_P527
Nature,Q56501962,Choi Yoo-bin,최유빈,Q62602972,GROUP,Wikidata_P463_P527
Nature,Q56501962,Gaga,가가,Q62602978,GROUP,Wikidata_P463_P527
Nature,Q56501962,Haru,하루,Q60993166,GROUP,Wikidata_P463_P527
Nature,Q56501962,Im Ha-young,임하영,Q62602961,GROUP,Wikidata_P463_P527
Nature,Q56501962,Kang Ye-jin,강예진,Q62603002,GROUP,Wikidata_P463_P527
Nature,Q56501962,Kim Min-jung,김민정,Q62603015,GROUP,Wikidata_P463_P527
Nature,Q56501962,Kim Sae-rok,김새록,Q62602945,GROUP,Wikidata_P463_P527
Nature,Q56501962,Kim So-hee,김소희,Q26260697,GROUP,Wikidata_P463_P527
Nature,Q56501962,Yoo Hye-joon,유혜준,Q62603009,GROUP,Wikidata_P463_P527
NewJeans,Q113189277,다니엘,다니엘,Q113455624,GROUP,Wikidata_P463_P527
NewJeans,Q113189277,Haerin,해린,Q113508917,GROUP,Wikidata_P463_P527
NewJeans,Q113189277,Hanni Pham,하니,Q113455973,GROUP,Wikidata_P463_P527
NewJeans,Q113189277,Hyein,혜인,Q113561413,GROUP,Wikidata_P463_P527
NewJeans,Q113189277,Minji,민지,Q113561403,GROUP,Wikidata_P463_P527
NiziU,Q96647935,Ayaka Arai,,Q138005079,GROUP,Wikidata_P463_P527
NiziU,Q96647935,Ayaka Arai,아라이 아야카,Q106926437,GROUP,Wikidata_P463_P527
NiziU,Q96647935,Mako Yamaguchi,야마구치 마코,Q106918546,GROUP,Wikidata_P463_P527
NiziU,Q96647935,Maya Katsumura,카츠무라 마야,Q106925309,GROUP,Wikidata_P463_P527
NiziU,Q96647935,Mayuka Ogo,오고 마유카,Q106940477,GROUP,Wikidata_P463_P527
NiziU,Q96647935,Miihi Suzuno,스즈노 미이히,Q106940664,GROUP,Wikidata_P463_P527
NiziU,Q96647935,Nina Makino,마키노 니나,Q100493495,GROUP,Wikidata_P463_P527
NiziU,Q96647935,Riku Oe,오오에 리쿠,Q106926179,GROUP,Wikidata_P463_P527
NiziU,Q96647935,Rima Nakabayashi,요코이 리마,Q106940564,GROUP,Wikidata_P463_P527
NiziU,Q96647935,Rio Hanabashi,하나바시 리오,Q106923586,GROUP,Wikidata_P463_P527
NouerA,Q132119456,JUNPYO,준표,Q133826545,GROUP,Wikidata_P463_P527
NouerA,Q132119456,LIN,린,Q133826419,GROUP,Wikidata_P463_P527
NuNew,Q111303654,Chawarin Perdpiriyawong,차와린 펏피리야웡,Q111303654,SOLO,Wikidata_Entity
OH MY GIRL,Q19794854,Arin,아린,Q29876894,GROUP,Wikidata_P463_P527
OH MY GIRL,Q19794854,Choi Hyo-jung,효정,Q22975425,GROUP,Wikidata_P463_P527
OH MY GIRL,Q19794854,Hyun Seung-hee,현승희,Q21709893,GROUP,Wikidata_P463_P527
OH MY GIRL,Q19794854,Jiho,공지호,Q21710585,GROUP,Wikidata_P463_P527
OH MY GIRL,Q19794854,JinE,진이,Q42302579,GROUP,Wikidata_P463_P527
OH MY GIRL,Q19794854,Mimi,미미,Q29876869,GROUP,Wikidata_P463_P527
OH MY GIRL,Q19794854,Yooa,유아,Q21710217,GROUP,Wikidata_P463_P527
OH MY GIRL,Q19794854,Yubin,유빈,Q21577062,GROUP,Wikidata_P463_P527
ONE PACT,Q123256080,Jay Chang,제이창,Q123157317,GROUP,Wikidata_P463_P527
ONE PACT,Q123256080,Yoon Jong-woo,윤종우,Q116226515,GROUP,Wikidata_P463_P527
ONEUS,Q60528927,Hwanwoong,환웅,Q60529461,GROUP,Wikidata_P463_P527
ONEUS,Q60528927,Lee Keon-hee,이건희,Q60529223,GROUP,Wikidata_P463_P527
ONEUS,Q60528927,Lee Seo-ho,이서호,Q60529366,GROUP,Wikidata_P463_P527
ONEUS,Q60528927,Leedo,이도,Q60529282,GROUP,Wikidata_P463_P527
ONEUS,Q60528927,Ravn,레이븐,Q60529323,GROUP,Wikidata_P463_P527
ONEUS,Q60528927,Xion,시온,Q60529407,GROUP,Wikidata_P463_P527
ONEWE,Q42288986,CyA,이기욱,Q110104611,GROUP,Wikidata_P463_P527
ONEWE,Q42288986,Giuk,기욱,Q124949958,GROUP,Wikidata_P463_P527
ONEWE,Q42288986,Son Dong-myeong,손동명,Q60991339,GROUP,Wikidata_P463_P527
ONF,Q35101861,E-TION,이션,Q97340017,GROUP,Wikidata_P463_P527
ONF,Q35101861,Hyojin,효진,Q120792829,GROUP,Wikidata_P463_P527
ONF,Q35101861,Kim Min-seok,김민석,Q65054024,GROUP,Wikidata_P463_P527
ONF,Q35101861,Mizuguchi Yuto,유,Q120793053,GROUP,Wikidata_P463_P527
ONF,Q35101861,Park Min-kyun,MK,Q65048912,GROUP,Wikidata_P463_P527
ONF,Q35101861,Seungjun,제이어스,Q120792908,GROUP,Wikidata_P463_P527
ONF,Q35101861,Wyatt,와이엇,Q120792977,GROUP,Wikidata_P463_P527
ONLEE,Q123701374,Onlee,ONLEE,Q123701374,SOLO,Wikidata_Entity
Olivia Marsh,Q132712533,Olivia Marsh,,Q132712533,SOLO,Wikidata_Entity
Omega X,Q107502104,Jang Se-bin,장세빈,Q67983984,GROUP,Wikidata_P463_P527
Omega X,Q107502104,Kim Jae-han,김재한,Q60993016,GROUP,Wikidata_P463_P527
Omega X,Q107502104,Shin Ye-chan,예찬,Q115287775,GROUP,Wikidata_P463_P527
OnlyOneOf,Q64214669,Jeong Ukjin,정욱진,Q131637692,GROUP,Wikidata_P463_P527
OnlyOneOf,Q64214669,KB,신규빈,Q112966240,GROUP,Wikidata_P463_P527
OnlyOneOf,Q64214669,Kim Jun-hyung,김준형,Q112966241,GROUP,Wikidata_P463_P527
OnlyOneOf,Q64214669,Lee Sung-ho,이성호,Q112966243,GROUP,Wikidata_P463_P527
OnlyOneOf,Q64214669,Lee Tae-yeob,이태엽,Q111693070,GROUP,Wikidata_P463_P527
OnlyOneOf,Q64214669,Lee Yong-su,이용수,Q111693067,GROUP,Wikidata_P463_P527
OnlyOneOf,Q64214669,Park Ji-sung,박지성,Q112965877,GROUP,Wikidata_P463_P527
P1Harmony,Q101529383,Choi Ji-ung,최지웅,Q121579089,GROUP,Wikidata_P463_P527
P1Harmony,Q101529383,Haku Shota,하쿠 쇼타,Q121579375,GROUP,Wikidata_P463_P527
P1Harmony,Q101529383,Hwang In-tak,황인탁,Q121579095,GROUP,Wikidata_P463_P527
P1Harmony,Q101529383,Jongseob,김종섭,Q30006465,GROUP,Wikidata_P463_P527
P1Harmony,Q101529383,Theo,최태양,Q121579075,GROUP,Wikidata_P463_P527
P1Harmony,Q101529383,Yoon Kee-ho,기호,Q114690500,GROUP,Wikidata_P463_P527
PENTAGON,Q23936742,Dawn,이던,Q42101185,GROUP,Wikidata_P463_P527
PENTAGON,Q23936742,Hongseok,홍석,Q41201062,GROUP,Wikidata_P463_P527
PENTAGON,Q23936742,Hui,후이,Q43089418,GROUP,Wikidata_P463_P527
PENTAGON,Q23936742,Jinho,진호,Q41967606,GROUP,Wikidata_P463_P527
PENTAGON,Q23936742,Kino,키노,Q61863841,GROUP,Wikidata_P463_P527
PENTAGON,Q23936742,Shinwon,신원,Q67987045,GROUP,Wikidata_P463_P527
PENTAGON,Q23936742,Wooseok,우석,Q61863582,GROUP,Wikidata_P463_P527
PENTAGON,Q23936742,Yan An,옌안,Q67987751,GROUP,Wikidata_P463_P527
PENTAGON,Q23936742,Yeo One,여원,Q67987298,GROUP,Wikidata_P463_P527
PENTAGON,Q23936742,Yuto Adachi,유토,Q61863639,GROUP,Wikidata_P463_P527
PIXY,Q98096705,Choi Yu-jeong,최유정,Q132153451,GROUP,Wikidata_P463_P527
PIXY,Q98096705,ELLA,미래,Q60873617,GROUP,Wikidata_P463_P527
PIXY,Q98096705,Satbyeol,샛별,Q110272735,GROUP,Wikidata_P463_P527
PRISTIN,Q26265886,Jung Eun-woo,정은우,Q27952338,GROUP,Wikidata_P463_P527
PRISTIN,Q26265886,Kang Kyung-won,강경원,Q27953985,GROUP,Wikidata_P463_P527
PRISTIN,Q26265886,Kang Yae-bin,강예빈,Q27953986,GROUP,Wikidata_P463_P527
PRISTIN,Q26265886,Kim Minkyeung,김민경,Q27953983,GROUP,Wikidata_P463_P527
PRISTIN,Q26265886,Kyla,카일라,Q28970744,GROUP,Wikidata_P463_P527
PRISTIN,Q26265886,Lim Na-young,임나영,Q24832146,GROUP,Wikidata_P463_P527
PRISTIN,Q26265886,Shannon Bae,성연,Q27951936,GROUP,Wikidata_P463_P527
PRISTIN,Q26265886,Xiyeon,시연,Q27953988,GROUP,Wikidata_P463_P527
PRISTIN,Q26265886,Yehana,예하나,Q48893617,GROUP,Wikidata_P463_P527
PRISTIN,Q26265886,Zhou Jieqiong,주결경,Q24833180,GROUP,Wikidata_P463_P527
PURPLE KISS,Q97780109,Chaein,채인,Q107559921,GROUP,Wikidata_P463_P527
PURPLE KISS,Q97780109,Dosie,도시,Q107559919,GROUP,Wikidata_P463_P527
PURPLE KISS,Q97780109,Ireh,이레,Q107559920,GROUP,Wikidata_P463_P527
PURPLE KISS,Q97780109,Na Go-eun,나고은,Q107253228,GROUP,Wikidata_P463_P527
PURPLE KISS,Q97780109,Park Ji-eun,박지은,Q107559918,GROUP,Wikidata_P463_P527
PURPLE KISS,Q97780109,Swan,수안,Q107559922,GROUP,Wikidata_P463_P527
PURPLE KISS,Q97780109,Yuki,유키,Q107559923,GROUP,Wikidata_P463_P527
Park Eun-bin,Q491387,Park Eun-bin,박은빈,Q491387,SOLO,Wikidata_Entity
Park Jihoon,Q30114466,Park Ji-hoon,박지훈,Q30114466,SOLO,Wikidata_Entity
Park Min Jung,Q69697161,Park Min-jeong,박민정,Q69697161,SOLO,Wikidata_Entity
PinkFantasy,Q60994549,Arang,,Q111308055,GROUP,Wikidata_P463_P527
PinkFantasy,Q60994549,Daewang,,Q111308475,GROUP,Wikidata_P463_P527
PinkFantasy,Q60994549,Harin,,Q111307945,GROUP,Wikidata_P463_P527
PinkFantasy,Q60994549,Heesun,희선,Q111785716,GROUP,Wikidata_P463_P527
PinkFantasy,Q60994549,Kim Hee-jung,김희정,Q97303476,GROUP,Wikidata_P463_P527
PinkFantasy,Q60994549,Miku,,Q111796303,GROUP,Wikidata_P463_P527
PinkFantasy,Q60994549,Momoka,모모카,Q111308973,GROUP,Wikidata_P463_P527
PinkFantasy,Q60994549,SeeA,시아,Q107523172,GROUP,Wikidata_P463_P527
PinkFantasy,Q60994549,Yechan,김예찬,Q109818242,GROUP,Wikidata_P463_P527
Psy,Q20150,Psy,싸이,Q20150,SOLO,Wikidata_Entity
Purplebeck,Q64785127,Jung Yerim,정예림,Q64785153,GROUP,Wikidata_P463_P527
Purplebeck,Q64785127,Layeon,라연,Q64785158,GROUP,Wikidata_P463_P527
Purplebeck,Q64785127,Park Minyi,박민이,Q64785162,GROUP,Wikidata_P463_P527
Purplebeck,Q64785127,Seyeon,세연,Q64785163,GROUP,Wikidata_P463_P527
Purplebeck,Q64785127,Yeowool,여울,Q64785149,GROUP,Wikidata_P463_P527
QWER,Q124412677,Chodan,쵸단,Q126202939,GROUP,Wikidata_P463_P527
QWER,Q124412677,Hina,냥뇽녕냥,Q126202942,GROUP,Wikidata_P463_P527
QWER,Q124412677,Magenta,마젠타,Q126202943,GROUP,Wikidata_P463_P527
QWER,Q124412677,Siyeon,시연,Q126202948,GROUP,Wikidata_P463_P527
RAINZ,Q41399213,Hong Eun-ki,홍은기,Q97339381,GROUP,Wikidata_P463_P527
RAINZ,Q41399213,Jang Dae-hyeon,장대현,Q67934969,GROUP,Wikidata_P463_P527
RAINZ,Q41399213,Kim Seong-lee,김성리,Q43088724,GROUP,Wikidata_P463_P527
RAINZ,Q41399213,Lee Ki-won,이기원,Q58862083,GROUP,Wikidata_P463_P527
RAINZ,Q41399213,Seo Sung-hyuk,서성혁,Q105705721,GROUP,Wikidata_P463_P527
RESCENE,Q124856415,Liv,리브,Q132007179,GROUP,Wikidata_P463_P527
RESCENE,Q124856415,May,메이,Q132007185,GROUP,Wikidata_P463_P527
RESCENE,Q124856415,Minami,미나미,Q132007182,GROUP,Wikidata_P463_P527
RESCENE,Q124856415,Woni,원이,Q132007176,GROUP,Wikidata_P463_P527
RESCENE,Q124856415,Zena,제나,Q132007188,GROUP,Wikidata_P463_P527
RIIZE,Q121075203,Anton Lee,앤톤,Q123310101,GROUP,Wikidata_P463_P527
RIIZE,Q121075203,Jung Sung-chan,정성찬,Q104370500,GROUP,Wikidata_P463_P527
RIIZE,Q121075203,Lee So-hee,이소희,Q123528913,GROUP,Wikidata_P463_P527
RIIZE,Q121075203,Park Won-bin,박원빈,Q123528897,GROUP,Wikidata_P463_P527
RIIZE,Q121075203,Seunghan,승한,Q131154617,GROUP,Wikidata_P463_P527
RIIZE,Q121075203,Shotaro Osaki,쇼타로,Q104604557,GROUP,Wikidata_P463_P527
RIIZE,Q121075203,Song Eun-seok,은석,Q123528880,GROUP,Wikidata_P463_P527
RaNia,Q491708,Cháng Yījiāo,,Q139469755,GROUP,Wikidata_P463_P527
RaNia,Q491708,Cosmic Girl,유주이,Q30943809,GROUP,Wikidata_P463_P527
RaNia,Q491708,Jang Jin-yeong,장진영,Q30942276,GROUP,Wikidata_P463_P527
RaNia,Q491708,Jutamas Wichai,,Q60780518,GROUP,Wikidata_P463_P527
RaNia,Q491708,Kim Da Rae,김다래,Q30942284,GROUP,Wikidata_P463_P527
RaNia,Q491708,Kim Hye-me,김혜미,Q60778579,GROUP,Wikidata_P463_P527
RaNia,Q491708,Kim Yu-min,김유민,Q24857942,GROUP,Wikidata_P463_P527
RaNia,Q491708,Riko,리코,Q22973730,GROUP,Wikidata_P463_P527
RaNia,Q491708,T-ae,티애,Q12621409,GROUP,Wikidata_P463_P527
RaNia,Q491708,Yina,이나,Q60901144,GROUP,Wikidata_P463_P527
RaNia,Q491708,Youngheun,영흔,Q71440403,GROUP,Wikidata_P463_P527
RaNia,Q491708,Zi.U,지유,Q28870931,GROUP,Wikidata_P463_P527
Red Velvet,Q17466114,Irene,아이린,Q12605358,GROUP,Wikidata_P463_P527
Red Velvet,Q17466114,Joy,조이,Q17484113,GROUP,Wikidata_P463_P527
Red Velvet,Q17466114,Kang Seul-gi,슬기,Q15934116,GROUP,Wikidata_P463_P527
Red Velvet,Q17466114,Wendy,웬디,Q17478642,GROUP,Wikidata_P463_P527
Red Velvet,Q17466114,Yeri,예리,Q19940498,GROUP,Wikidata_P463_P527
RedSquare,Q96401398,Green,그린,Q108935096,GROUP,Wikidata_P463_P527
Rocket Punch,Q65771078,Jeong Da-hyun,정다현,Q65920506,GROUP,Wikidata_P463_P527
Rocket Punch,Q65771078,Juri Takahashi,타카하시 쥬리,Q5358943,GROUP,Wikidata_P463_P527
Rocket Punch,Q65771078,Kim So-hee,소희,Q65920474,GROUP,Wikidata_P463_P527
Rocket Punch,Q65771078,Kim Su-yun,수윤,Q65920408,GROUP,Wikidata_P463_P527
Rocket Punch,Q65771078,Kim Yeon-hee,연희,Q65920400,GROUP,Wikidata_P463_P527
Rocket Punch,Q65771078,Seo Yun-kyoung,윤경,Q65920433,GROUP,Wikidata_P463_P527
Rolling Quartz,Q104655627,Arem,아름,Q131126504,GROUP,Wikidata_P463_P527
Rolling Quartz,Q104655627,Hyunjung,최현정,Q131126501,GROUP,Wikidata_P463_P527
Rolling Quartz,Q104655627,Iree,아이리,Q131126498,GROUP,Wikidata_P463_P527
Rolling Quartz,Q104655627,Jayoung,자영,Q131126487,GROUP,Wikidata_P463_P527
Rolling Quartz,Q104655627,Yeongeun,영은,Q131126506,GROUP,Wikidata_P463_P527
S.E.S,Q491542,Bada,바다,Q498805,GROUP,Wikidata_P463_P527
S.E.S,Q491542,Eugene,유진,Q489952,GROUP,Wikidata_P463_P527
S.E.S,Q491542,Shoo,유수영,Q626827,GROUP,Wikidata_P463_P527
S.I.S,Q39433817,Choi Min-ji,최민지,Q63226264,GROUP,Wikidata_P463_P527
S.I.S,Q39433817,Choi Moon-ju,최문주,Q63226265,GROUP,Wikidata_P463_P527
S.I.S,Q39433817,Kim Ah-hyun,김아현,Q63226263,GROUP,Wikidata_P463_P527
S.I.S,Q39433817,Kim Ji-hye,김지혜,Q63226262,GROUP,Wikidata_P463_P527
S.I.S,Q39433817,Kim Seung-yeon,김승연,Q63226266,GROUP,Wikidata_P463_P527
S.I.S,Q39433817,Lee Se-bin,이세빈,Q63226267,GROUP,Wikidata_P463_P527
SATURDAY,Q60992060,Choi Haneul,최하늘,Q62984143,GROUP,Wikidata_P463_P527
SATURDAY,Q60992060,Im Jiyeon,임지연,Q62984351,GROUP,Wikidata_P463_P527
SATURDAY,Q60992060,Kim Chae Won,김채원,Q62984452,GROUP,Wikidata_P463_P527
SATURDAY,Q60992060,Kim Cho-hee,김초희,Q62984184,GROUP,Wikidata_P463_P527
SATURDAY,Q60992060,Kim Si-on,김시온,Q62984007,GROUP,Wikidata_P463_P527
SATURDAY,Q60992060,Lee Ju-yeon,이주연,Q62984234,GROUP,Wikidata_P463_P527
SATURDAY,Q60992060,Park Min-seo,박민서,Q71245507,GROUP,Wikidata_P463_P527
SATURDAY,Q60992060,Soon Min-ji,손민지,Q62984297,GROUP,Wikidata_P463_P527
SATURDAY,Q60992060,Sunha,선하,Q62984417,GROUP,Wikidata_P463_P527
SAY MY NAME,Q130581752,Hitomi Honda,혼다 히토미,Q56479085,GROUP,Wikidata_P463_P527
SAY MY NAME,Q130581752,Mei Terada,,Q134592308,GROUP,Wikidata_P463_P527
SE SO NEON,Q78775759,Hwang So-yoon,황소윤,Q105800249,GROUP,Wikidata_P463_P527
SEVENTEEN,Q14524548,Boo Seung-kwan,승관,Q21824947,GROUP,Wikidata_P463_P527
SEVENTEEN,Q14524548,Choi Seung-cheol,에스쿱스,Q21824968,GROUP,Wikidata_P463_P527
SEVENTEEN,Q14524548,Dino,디노,Q20779386,GROUP,Wikidata_P463_P527
SEVENTEEN,Q14524548,Hoshi,호시,Q21825470,GROUP,Wikidata_P463_P527
SEVENTEEN,Q14524548,Jeon Won-woo,원우,Q21623339,GROUP,Wikidata_P463_P527
SEVENTEEN,Q14524548,Joshua Hong,조슈아,Q21825065,GROUP,Wikidata_P463_P527
SEVENTEEN,Q14524548,Kim Min-gyu,민규,Q21824887,GROUP,Wikidata_P463_P527
SEVENTEEN,Q14524548,Lee Seok-min,도겸,Q21824862,GROUP,Wikidata_P463_P527
SEVENTEEN,Q14524548,Vernon Chwe,버논,Q21824912,GROUP,Wikidata_P463_P527
SEVENTEEN,Q14524548,Wen Junhui,준,Q20972211,GROUP,Wikidata_P463_P527
SEVENTEEN,Q14524548,Woozi,우지,Q21824990,GROUP,Wikidata_P463_P527
SEVENTEEN,Q14524548,Xu Minghao,디에잇,Q21824868,GROUP,Wikidata_P463_P527
SEVENTEEN,Q14524548,Yoon Jeong-han,정한,Q24566664,GROUP,Wikidata_P463_P527
SF9,Q26856852,Hwiyoung,김영균,Q65051952,GROUP,Wikidata_P463_P527
SF9,Q26856852,Kang Chan-hee,강찬희,Q6824033,GROUP,Wikidata_P463_P527
SF9,Q26856852,Kim In Seong,김인성,Q49233446,GROUP,Wikidata_P463_P527
SF9,Q26856852,Kim Young-bin,김영빈,Q65051951,GROUP,Wikidata_P463_P527
SF9,Q26856852,Lee Dawon,다원,Q28790327,GROUP,Wikidata_P463_P527
SF9,Q26856852,Lee Jae-yoon,이재윤,Q69916579,GROUP,Wikidata_P463_P527
SF9,Q26856852,Lee Sang-hyuk,이상혁,Q85884657,GROUP,Wikidata_P463_P527
SF9,Q26856852,Ro Woon,로운,Q28790332,GROUP,Wikidata_P463_P527
SF9,Q26856852,Yoo Tae-yang,유태양,Q85881428,GROUP,Wikidata_P463_P527
SF9,Q26856852,Zuho,주호,Q47665386,GROUP,Wikidata_P463_P527
SHINVI,Q624035,Oh Sang Eun,니모,Q12590740,GROUP,Wikidata_P463_P527
SHINee,Q269836,Choi Min-ho,민호,Q134575,GROUP,Wikidata_P463_P527
SHINee,Q269836,Key,Key,Q483980,GROUP,Wikidata_P463_P527
SHINee,Q269836,Kim Jong-hyun,종현,Q484484,GROUP,Wikidata_P463_P527
SHINee,Q269836,Lee Taemin,태민,Q153597,GROUP,Wikidata_P463_P527
SHINee,Q269836,Onew,온유,Q494692,GROUP,Wikidata_P463_P527
SISTAR,Q223048,Hyolyn,효린,Q496329,GROUP,Wikidata_P463_P527
SISTAR,Q223048,Kim Da-som,김다솜,Q6408548,GROUP,Wikidata_P463_P527
SISTAR,Q223048,Soyou,소유,Q5361514,GROUP,Wikidata_P463_P527
SISTAR,Q223048,Yoon Bo-ra,보라,Q5363925,GROUP,Wikidata_P463_P527
SKINZ,Q17012277,Skinz,,Q17012277,SOLO,Wikidata_Entity
SKYE,Q42327284,현욱,현욱,Q97228780,GROUP,Wikidata_P463_P527
SKYE,Q42327284,연태,연태,Q112020744,GROUP,Wikidata_P463_P527
SKYE,Q42327284,Hwang In-ho,황인호,Q28412071,GROUP,Wikidata_P463_P527
SKYE,Q42327284,Kim Sung Hyun,김성현,Q47668236,GROUP,Wikidata_P463_P527
SMORZ,Q135067839,Charlott,샬롯,Q135067944,GROUP,Wikidata_P463_P527
SMORZ,Q135067839,Ginni,지니,Q135067949,GROUP,Wikidata_P463_P527
SMORZ,Q135067839,Hira,히라,Q135067979,GROUP,Wikidata_P463_P527
SMORZ,Q135067839,Lika,리카,Q135067925,GROUP,Wikidata_P463_P527
SMORZ,Q135067839,Vicki,비키,Q135067985,GROUP,Wikidata_P463_P527
SMORZ,Q135067839,Zellda,젤다,Q135067917,GROUP,Wikidata_P463_P527
SONAMOO,Q18651163,Choi Yun-seon,뉴썬,Q43110976,GROUP,Wikidata_P463_P527
SONAMOO,Q18651163,D.ana,디애나,Q20810724,GROUP,Wikidata_P463_P527
SONAMOO,Q18651163,Hong Eui-jin,의진,Q43111227,GROUP,Wikidata_P463_P527
SONAMOO,Q18651163,Ji Su-min,수민,Q20774986,GROUP,Wikidata_P463_P527
SONAMOO,Q18651163,Kim Do-hee,김도희,Q43248310,GROUP,Wikidata_P463_P527
SONAMOO,Q18651163,Kim Na-hyun,나현,Q28870934,GROUP,Wikidata_P463_P527
SONAMOO,Q18651163,Seong Min-jae,민재,Q21006748,GROUP,Wikidata_P463_P527
SPICA,Q492387,Kim Bo-hyung,김보형,Q8978582,GROUP,Wikidata_P463_P527
SPICA,Q492387,Kim Boa,김보아,Q7204670,GROUP,Wikidata_P463_P527
SPICA,Q492387,Park Juhyun,박시현,Q9022435,GROUP,Wikidata_P463_P527
SPICA,Q492387,Park Narae,박나래,Q9194180,GROUP,Wikidata_P463_P527
SPICA,Q492387,Yang Ji-won,양지원,Q3207955,GROUP,Wikidata_P463_P527
STAYC,Q101541493,Isa,아이사,Q106518536,GROUP,Wikidata_P463_P527
STAYC,Q101541493,J,재이,Q106518625,GROUP,Wikidata_P463_P527
STAYC,Q101541493,Park Si-eun,박시은,Q16180796,GROUP,Wikidata_P463_P527
STAYC,Q101541493,Seeun,세은,Q106518627,GROUP,Wikidata_P463_P527
STAYC,Q101541493,Sumin,수민,Q106518333,GROUP,Wikidata_P463_P527
STAYC,Q101541493,Yoon,윤,Q106518626,GROUP,Wikidata_P463_P527
SUPER JUNIOR,Q239693,Cho Kyuhyun,규현,Q494816,GROUP,Wikidata_P463_P527
SUPER JUNIOR,Q239693,Choi Siwon,최시원,Q153657,GROUP,Wikidata_P463_P527
SUPER JUNIOR,Q239693,Eunhyuk,은혁,Q483161,GROUP,Wikidata_P463_P527
SUPER JUNIOR,Q239693,Han Geng,한경,Q391429,GROUP,Wikidata_P463_P527
SUPER JUNIOR,Q239693,Kangin,강인,Q483175,GROUP,Wikidata_P463_P527
SUPER JUNIOR,Q239693,Kim Hee-chul,김희철,Q380123,GROUP,Wikidata_P463_P527
SUPER JUNIOR,Q239693,Kim Kibum,김기범,Q483541,GROUP,Wikidata_P463_P527
SUPER JUNIOR,Q239693,Kim Ryeowook,려욱,Q482855,GROUP,Wikidata_P463_P527
SUPER JUNIOR,Q239693,Lee Dong-hae,동해,Q153638,GROUP,Wikidata_P463_P527
SUPER JUNIOR,Q239693,Lee Sungmin,성민,Q494222,GROUP,Wikidata_P463_P527
SUPER JUNIOR,Q239693,Leeteuk,이특,Q489838,GROUP,Wikidata_P463_P527
SUPER JUNIOR,Q239693,Shindong,신동,Q483171,GROUP,Wikidata_P463_P527
SUPER JUNIOR,Q239693,Yesung,예성,Q483158,GROUP,Wikidata_P463_P527
SURAN,Q27953716,Suran,수란,Q27953716,SOLO,Wikidata_Entity
Samuel,Q172678,Samuel L. Jackson,새뮤얼 L. 잭슨,Q172678,SOLO,Wikidata_Entity
Santos Bravos,Q137397652,Alejandro Aramburú,,Q137439486,GROUP,Wikidata_P463_P527
Santos Bravos,Q137397652,Drew Venegas,,Q137439789,GROUP,Wikidata_P463_P527
Santos Bravos,Q137397652,Kenneth Lavíll,,Q136456009,GROUP,Wikidata_P463_P527
Secret,Q482995,Han Seon-hwa,한선화,Q495069,GROUP,Wikidata_P463_P527
Secret,Q482995,Jun Hyo-seong,전효성,Q491568,GROUP,Wikidata_P463_P527
Secret,Q482995,Jung Ha-na,징거,Q497761,GROUP,Wikidata_P463_P527
Secret,Q482995,Song Jieun,송지은,Q498199,GROUP,Wikidata_P463_P527
Secret Number,Q96274223,Denise Kim,데니스김,Q100794734,GROUP,Wikidata_P463_P527
Secret Number,Q96274223,Dinda,,Q136461143,GROUP,Wikidata_P463_P527
Secret Number,Q96274223,Dita Karang,디타,Q95130462,GROUP,Wikidata_P463_P527
Secret Number,Q96274223,Jinny Park,진희,Q100794612,GROUP,Wikidata_P463_P527
Secret Number,Q96274223,Lee Soo-dam,이수담,Q100794150,GROUP,Wikidata_P463_P527
Secret Number,Q96274223,Léa,레아,Q96761053,GROUP,Wikidata_P463_P527
Secret Number,Q96274223,MELONii,박민지,Q110103170,GROUP,Wikidata_P463_P527
Secret Number,Q96274223,Zuu,주,Q111672020,GROUP,Wikidata_P463_P527
SeeYa,Q489543,Kim Yeonji,김연지,Q10855849,GROUP,Wikidata_P463_P527
SeeYa,Q489543,Lee Bo-ram,이보람,Q11265912,GROUP,Wikidata_P463_P527
SeeYa,Q489543,Lee Soo-mi,이서안,Q493676,GROUP,Wikidata_P463_P527
SeeYa,Q489543,Nam Gyu-ri,남규리,Q490397,GROUP,Wikidata_P463_P527
Seo Taiji,Q488973,Lee Juno,이주노,Q12612702,GROUP,Wikidata_P463_P527
Seo Taiji,Q488973,Seo Taiji,서태지,Q368852,GROUP,Wikidata_P463_P527
Seo Taiji,Q488973,Yang Hyun-suk,양현석,Q490938,GROUP,Wikidata_P463_P527
Seo Taiji and Boys,Q488973,Lee Juno,이주노,Q12612702,GROUP,Wikidata_P463_P527
Seo Taiji and Boys,Q488973,Seo Taiji,서태지,Q368852,GROUP,Wikidata_P463_P527
Seo Taiji and Boys,Q488973,Yang Hyun-suk,양현석,Q490938,GROUP,Wikidata_P463_P527
Seori,Q109281867,Seori,서리,Q109281867,SOLO,Wikidata_Entity
Shin Jimin,Q16183093,Shin Ji-min,지민,Q16183093,SOLO,Wikidata_Entity
Shinhwa,Q482620,Andy Lee,앤디,Q486649,GROUP,Wikidata_P463_P527
Shinhwa,Q482620,Eric Mun,문정혁,Q491580,GROUP,Wikidata_P463_P527
Shinhwa,Q482620,Jun Jin,전진,Q486478,GROUP,Wikidata_P463_P527
Shinhwa,Q482620,Kim Dong-wan,김동완,Q497319,GROUP,Wikidata_P463_P527
Shinhwa,Q482620,Lee Min-woo,이민우,Q186601,GROUP,Wikidata_P463_P527
Shinhwa,Q482620,Shin Hye-sung,신혜성,Q484812,GROUP,Wikidata_P463_P527
Snuper,Q22098485,Choi Hyung-gun,최형근,Q67983614,GROUP,Wikidata_P463_P527
Snuper,Q22098485,Choi Sung-hyuk,최성혁,Q67983951,GROUP,Wikidata_P463_P527
Snuper,Q22098485,Jang Se-bin,장세빈,Q67983984,GROUP,Wikidata_P463_P527
Snuper,Q22098485,Jo Sang-ho,조상호,Q67983960,GROUP,Wikidata_P463_P527
Snuper,Q22098485,Shim Sang-il,심상일,Q67983947,GROUP,Wikidata_P463_P527
Snuper,Q22098485,Yoo Tae-woong,유태웅,Q16170645,GROUP,Wikidata_P463_P527
SoRi,Q61612053,SoRi,소리,Q61612053,SOLO,Wikidata_Entity
Son Dam Bi,Q266356,Son Dam-bi,손담비,Q266356,SOLO,Wikidata_Entity
Stellar,Q7607174,Boh Runga,,Q4937985,GROUP,Wikidata_P463_P527
Stray Kids,Q46134670,Bang Chan,방찬,Q59670293,GROUP,Wikidata_P463_P527
Stray Kids,Q46134670,Changbin,창빈,Q61100669,GROUP,Wikidata_P463_P527
Stray Kids,Q46134670,Felix,필릭스,Q61100678,GROUP,Wikidata_P463_P527
Stray Kids,Q46134670,Han,한,Q60994278,GROUP,Wikidata_P463_P527
Stray Kids,Q46134670,Hyunjin,현진,Q57601775,GROUP,Wikidata_P463_P527
Stray Kids,Q46134670,I.N,아이엔,Q59831589,GROUP,Wikidata_P463_P527
Stray Kids,Q46134670,Kim Woo-jin,김우진,Q61100680,GROUP,Wikidata_P463_P527
Stray Kids,Q46134670,Lee Know,리노,Q59260597,GROUP,Wikidata_P463_P527
Stray Kids,Q46134670,Rafa Polinesio,,Q111978958,GROUP,Wikidata_P463_P527
Stray Kids,Q46134670,Seungmin,승민,Q60467634,GROUP,Wikidata_P463_P527
Sunny Hill,Q486323,Jubi,주비,Q12617359,GROUP,Wikidata_P463_P527
SuperM,Q66710876,카이,카이,Q10775090,GROUP,Wikidata_P463_P527
SuperM,Q66710876,Byun Baek-hyun,백현,Q4688701,GROUP,Wikidata_P463_P527
SuperM,Q66710876,Lee Tae-yong,태용,Q26459163,GROUP,Wikidata_P463_P527
SuperM,Q66710876,Lee Taemin,태민,Q153597,GROUP,Wikidata_P463_P527
SuperM,Q66710876,Lucas,루카스,Q52219380,GROUP,Wikidata_P463_P527
SuperM,Q66710876,Mark Lee,마크,Q26689986,GROUP,Wikidata_P463_P527
SuperM,Q66710876,Ten,텐,Q26451151,GROUP,Wikidata_P463_P527
Superkind,Q112692507,Daemon,대이먼,Q112692536,GROUP,Wikidata_P463_P527
Superkind,Q112692507,Eugene,유진,Q112692522,GROUP,Wikidata_P463_P527
Superkind,Q112692507,Geon,건,Q112692531,GROUP,Wikidata_P463_P527
Superkind,Q112692507,Sio,시오,Q112692559,GROUP,Wikidata_P463_P527
Suzy,Q464645,Bae Suzy,수지,Q464645,SOLO,Wikidata_Entity
T-ARA,Q495383,Hahm Eun-jung,함은정,Q140099,GROUP,Wikidata_P463_P527
T-ARA,Q495383,Hyomin,효민,Q263279,GROUP,Wikidata_P463_P527
T-ARA,Q495383,Jeon Bo-ram,보람,Q486074,GROUP,Wikidata_P463_P527
T-ARA,Q495383,Kim Dani,다니,Q12590780,GROUP,Wikidata_P463_P527
T-ARA,Q495383,Lee Areum,이아름,Q1093105,GROUP,Wikidata_P463_P527
T-ARA,Q495383,Park Ji-yeon,지연,Q483563,GROUP,Wikidata_P463_P527
T-ARA,Q495383,Park So-yeon,소연,Q484886,GROUP,Wikidata_P463_P527
T-ARA,Q495383,Qri,큐리,Q487897,GROUP,Wikidata_P463_P527
T-ARA,Q495383,Ryu Hwa-young,류화영,Q486995,GROUP,Wikidata_P463_P527
TFN,Q105093757,Kevin,케빈,Q107109809,GROUP,Wikidata_P463_P527
TFN,Q105093757,Noa,노아,Q107109130,GROUP,Wikidata_P463_P527
TFN,Q105093757,Sian,시안,Q107109354,GROUP,Wikidata_P463_P527
THE BOYZ,Q41949104,Eric,에릭,Q61750285,GROUP,Wikidata_P463_P527
THE BOYZ,Q41949104,Hwall,활,Q61100151,GROUP,Wikidata_P463_P527
THE BOYZ,Q41949104,Hyunjae,현재,Q61100807,GROUP,Wikidata_P463_P527
THE BOYZ,Q41949104,Jacob,제이콥,Q61863763,GROUP,Wikidata_P463_P527
THE BOYZ,Q41949104,Ju Hak-nyeon,주학년,Q60608527,GROUP,Wikidata_P463_P527
THE BOYZ,Q41949104,Kevin Moon,케빈,Q61750304,GROUP,Wikidata_P463_P527
THE BOYZ,Q41949104,Kim Sun-woo,선우,Q61750270,GROUP,Wikidata_P463_P527
THE BOYZ,Q41949104,Lee Ju Yeon,주연,Q61863774,GROUP,Wikidata_P463_P527
THE BOYZ,Q41949104,New,뉴,Q61863055,GROUP,Wikidata_P463_P527
THE BOYZ,Q41949104,Q,큐,Q61863833,GROUP,Wikidata_P463_P527
THE BOYZ,Q41949104,Sangyeon,상연,Q61863254,GROUP,Wikidata_P463_P527
THE BOYZ,Q41949104,Younghoon,영훈,Q61863509,GROUP,Wikidata_P463_P527
TNX,Q111745890,Woo Kyung-jun,우경준,Q115528249,GROUP,Wikidata_P463_P527
TO1,Q86730786,Cha Woong Ki,웅기,Q12618529,GROUP,Wikidata_P463_P527
TOMORROW X TOGETHER,Q60550265,Beomgyu,범규,Q62396696,GROUP,Wikidata_P463_P527
TOMORROW X TOGETHER,Q60550265,Huening Kai,휴닝카이,Q61715236,GROUP,Wikidata_P463_P527
TOMORROW X TOGETHER,Q60550265,Soobin,수빈,Q62396828,GROUP,Wikidata_P463_P527
TOMORROW X TOGETHER,Q60550265,Taehyun,태현,Q61715235,GROUP,Wikidata_P463_P527
TOMORROW X TOGETHER,Q60550265,Yeonjun,연준,Q62396954,GROUP,Wikidata_P463_P527
TOZ,Q130475627,Toyonaga Takuto,,Q130474904,GROUP,Wikidata_P463_P527
TRCNG,Q42431662,Kim Ji-hun,지훈,Q12588834,GROUP,Wikidata_P463_P527
TRCNG,Q42431662,Kim Ji-sung,지성,Q79404278,GROUP,Wikidata_P463_P527
TRCNG,Q42431662,Kim Kang-min,강민,Q112022592,GROUP,Wikidata_P463_P527
TRCNG,Q42431662,Yang Tae-seon,태선,Q69697035,GROUP,Wikidata_P463_P527
TREASURE,Q61057550,Bang Ye-dam,방예담,Q16323115,GROUP,Wikidata_P463_P527
TREASURE,Q61057550,Choi Hyun-suk,최현석,Q63850969,GROUP,Wikidata_P463_P527
TREASURE,Q61057550,Hamada Asahi,아사히,Q97352000,GROUP,Wikidata_P463_P527
TREASURE,Q61057550,Jihoon,지훈,Q97352001,GROUP,Wikidata_P463_P527
TREASURE,Q61057550,Kim Do-young,김도영,Q97320177,GROUP,Wikidata_P463_P527
TREASURE,Q61057550,Kim Jun-kyu,김준규,Q97319986,GROUP,Wikidata_P463_P527
TREASURE,Q61057550,Park Jeong-woo,박정우,Q97326265,GROUP,Wikidata_P463_P527
TREASURE,Q61057550,So Jung-hwan,소정환,Q97352009,GROUP,Wikidata_P463_P527
TREASURE,Q61057550,Takata Mashiho,마시호,Q97352002,GROUP,Wikidata_P463_P527
TREASURE,Q61057550,Watanabe Haruto,하루토,Q97352003,GROUP,Wikidata_P463_P527
TREASURE,Q61057550,Yoon Jae-Hyuk,윤재혁,Q98136886,GROUP,Wikidata_P463_P527
TREASURE,Q61057550,Yoshi,요시,Q98136892,GROUP,Wikidata_P463_P527
TRI.BE,Q105592472,HyunBin,현빈,Q124791565,GROUP,Wikidata_P463_P527
TRI.BE,Q105592472,Jia,지아,Q105718392,GROUP,Wikidata_P463_P527
TRI.BE,Q105592472,Jinha,진하,Q124791616,GROUP,Wikidata_P463_P527
TRI.BE,Q105592472,Kelly,켈리,Q105592481,GROUP,Wikidata_P463_P527
TRI.BE,Q105592472,Mire,미레,Q124791600,GROUP,Wikidata_P463_P527
TRI.BE,Q105592472,Soeun,소은,Q124791592,GROUP,Wikidata_P463_P527
TRI.BE,Q105592472,SongSun,김송선,Q124791451,GROUP,Wikidata_P463_P527
TUIDE,Q141030335,Elena,,Q141030881,GROUP,Wikidata_P463_P527
TUIDE,Q141030335,Jia,,Q141030884,GROUP,Wikidata_P463_P527
TUIDE,Q141030335,Saki,,Q141030888,GROUP,Wikidata_P463_P527
TUIDE,Q141030335,Seah,,Q141030892,GROUP,Wikidata_P463_P527
TUIDE,Q141030335,Seohee,,Q141030875,GROUP,Wikidata_P463_P527
TUIDE,Q141030335,Seoyeon,,Q141030878,GROUP,Wikidata_P463_P527
TUIDE,Q141030335,Yi Hani,,Q141030895,GROUP,Wikidata_P463_P527
TVXQ,Q192983,Changmin,최강창민,Q483041,GROUP,Wikidata_P463_P527
TVXQ,Q192983,Kim Bo-mi,김보미,Q12587510,GROUP,Wikidata_P463_P527
TVXQ,Q192983,Kim Jae-joong,김재중,Q169717,GROUP,Wikidata_P463_P527
TVXQ,Q192983,Kim Junsu,김준수,Q482783,GROUP,Wikidata_P463_P527
TVXQ,Q192983,Park Yoo-chun,박유천,Q482519,GROUP,Wikidata_P463_P527
TVXQ,Q192983,Yunho,유노윤호,Q495352,GROUP,Wikidata_P463_P527
TWICE,Q20645861,Chou Tzuyu,쯔위,Q20688219,GROUP,Wikidata_P463_P527
TWICE,Q20645861,Im Nayeon,나연,Q22804243,GROUP,Wikidata_P463_P527
TWICE,Q20645861,Kim Da-hyun,다현,Q22773838,GROUP,Wikidata_P463_P527
TWICE,Q20645861,Mina Myoi,미나,Q20688186,GROUP,Wikidata_P463_P527
TWICE,Q20645861,Minatozaki Sana,사나,Q23012025,GROUP,Wikidata_P463_P527
TWICE,Q20645861,Momo,모모,Q23779926,GROUP,Wikidata_P463_P527
TWICE,Q20645861,Park Ji-hyo,지효,Q22774055,GROUP,Wikidata_P463_P527
TWICE,Q20645861,Son Chaeyoung,채영,Q24043625,GROUP,Wikidata_P463_P527
TWICE,Q20645861,Yoo Jeong-yeon,정연,Q25374501,GROUP,Wikidata_P463_P527
TWS,Q124091148,Dohoon,도훈,Q125865775,GROUP,Wikidata_P463_P527
TWS,Q124091148,Han Jihoon,지훈,Q124091988,GROUP,Wikidata_P463_P527
TWS,Q124091148,Hanjin,한진,Q132041929,GROUP,Wikidata_P463_P527
TWS,Q124091148,Kyungmin,경민,Q132041931,GROUP,Wikidata_P463_P527
TWS,Q124091148,Shinyu,신유,Q132041926,GROUP,Wikidata_P463_P527
TWS,Q124091148,Youngjae,영재,Q132041928,GROUP,Wikidata_P463_P527
Taemin,Q269836,Choi Min-ho,민호,Q134575,GROUP,Wikidata_P463_P527
Taemin,Q269836,Key,Key,Q483980,GROUP,Wikidata_P463_P527
Taemin,Q269836,Kim Jong-hyun,종현,Q484484,GROUP,Wikidata_P463_P527
Taemin,Q269836,Lee Taemin,태민,Q153597,GROUP,Wikidata_P463_P527
Taemin,Q269836,Onew,온유,Q494692,GROUP,Wikidata_P463_P527
Tahiti,Q12070509,Ari,아리,Q43111132,GROUP,Wikidata_P463_P527
Tahiti,Q12070509,Shin Ji-soo,신지수,Q22975001,GROUP,Wikidata_P463_P527
Teen Top,Q307368,Ahn Daniel,니엘,Q12590744,GROUP,Wikidata_P463_P527
Teen Top,Q307368,Byung-heon,병헌,Q16097542,GROUP,Wikidata_P463_P527
Teen Top,Q307368,C.A.P.,C.A.P,Q12580794,GROUP,Wikidata_P463_P527
Teen Top,Q307368,Changjo,창조,Q16097737,GROUP,Wikidata_P463_P527
Teen Top,Q307368,Chunji,천지,Q12618970,GROUP,Wikidata_P463_P527
Teen Top,Q307368,Ricky,리키,Q12594449,GROUP,Wikidata_P463_P527
Tempest,Q110920753,화랑,화랑,Q97225586,GROUP,Wikidata_P463_P527
Tempest,Q110920753,Hanbin,한빈,Q104434346,GROUP,Wikidata_P463_P527
Tempest,Q110920753,LEW,의웅,Q43089094,GROUP,Wikidata_P463_P527
Tempest,Q110920753,Song Jae-won,송재원,Q125473671,GROUP,Wikidata_P463_P527
The Rose,Q47276215,Kim Woo-sung,김우성,Q66311686,GROUP,Wikidata_P463_P527
Triple H,Q29350008,Dawn,이던,Q42101185,GROUP,Wikidata_P463_P527
Triple H,Q29350008,Hui,후이,Q43089418,GROUP,Wikidata_P463_P527
Triple H,Q29350008,Hyuna,현아,Q234066,GROUP,Wikidata_P463_P527
Trouble Maker,Q492416,Hyuna,현아,Q234066,GROUP,Wikidata_P463_P527
Trouble Maker,Q492416,Jang Hyun-seung,장현승,Q486634,GROUP,Wikidata_P463_P527
U-KISS,Q482543,AJ,AJ,Q17682969,GROUP,Wikidata_P463_P527
U-KISS,Q482543,Alexander Lee Eusebio,알렉산더,Q487462,GROUP,Wikidata_P463_P527
U-KISS,Q482543,Allen Kim,김기범,Q625732,GROUP,Wikidata_P463_P527
U-KISS,Q482543,Eli Kim,일라이,Q5360259,GROUP,Wikidata_P463_P527
U-KISS,Q482543,Jun,이준영,Q49580130,GROUP,Wikidata_P463_P527
U-KISS,Q482543,Kevin Woo,케빈,Q6397789,GROUP,Wikidata_P463_P527
U-KISS,Q482543,Lee Kiseop,기섭,Q2591401,GROUP,Wikidata_P463_P527
U-KISS,Q482543,Shin Dongho,신동호,Q493590,GROUP,Wikidata_P463_P527
U-KISS,Q482543,Shin Soohyun,수현,Q7497227,GROUP,Wikidata_P463_P527
U-KISS,Q482543,Yeo Hoon-min,훈,Q8052399,GROUP,Wikidata_P463_P527
UN,Q7865415,Choi Jung-won,최정원,Q16079963,GROUP,Wikidata_P463_P527
UN,Q7865415,Kim Jeong-hoon,김정훈,Q485654,GROUP,Wikidata_P463_P527
UNB,Q48938268,Daewon,대원,Q55736873,GROUP,Wikidata_P463_P527
UNB,Q48938268,Feeldog,필독,Q27951527,GROUP,Wikidata_P463_P527
UNB,Q48938268,Ji Han-sol,지한솔,Q41513728,GROUP,Wikidata_P463_P527
UNB,Q48938268,Jun,이준영,Q49580130,GROUP,Wikidata_P463_P527
UNB,Q48938268,Kang Yu-chan,강유찬,Q113357150,GROUP,Wikidata_P463_P527
UNB,Q48938268,Kim Ki-joong,기중,Q112021346,GROUP,Wikidata_P463_P527
UNB,Q48938268,Ko Ho-jung,고호정,Q55727455,GROUP,Wikidata_P463_P527
UNB,Q48938268,Lee Eui-jin,의진,Q51884158,GROUP,Wikidata_P463_P527
UNI.T,Q48938270,Hong Eui-jin,의진,Q43111227,GROUP,Wikidata_P463_P527
UNI.T,Q48938270,Jinyea,진예,Q50109116,GROUP,Wikidata_P463_P527
UNI.T,Q48938270,Lee Hyun-joo,이현주,Q27920084,GROUP,Wikidata_P463_P527
UNI.T,Q48938270,Lee Su-ji,이수지,Q24857307,GROUP,Wikidata_P463_P527
UNI.T,Q48938270,NC.A,NC.A,Q15137086,GROUP,Wikidata_P463_P527
UNI.T,Q48938270,Woohee,우희,Q16090396,GROUP,Wikidata_P463_P527
UNI.T,Q48938270,Yang Ji-won,양지원,Q3207955,GROUP,Wikidata_P463_P527
UNI.T,Q48938270,Yebin,백예빈,Q30243794,GROUP,Wikidata_P463_P527
UNI.T,Q48938270,Yoonjo,윤조,Q15865012,GROUP,Wikidata_P463_P527
UNIQ,Q18712416,Kim Sung-joo,김성주,Q21040489,GROUP,Wikidata_P463_P527
UNIQ,Q18712416,Li Wenhan,리원한,Q42907478,GROUP,Wikidata_P463_P527
UNIQ,Q18712416,WOODZ,우즈,Q27953522,GROUP,Wikidata_P463_P527
UNIQ,Q18712416,Wang Yibo,왕이보,Q21094167,GROUP,Wikidata_P463_P527
UNIQ,Q18712416,Zhou Yixuan,조이쉔,Q21094138,GROUP,Wikidata_P463_P527
UNIS,Q124362218,Bang Yun-ha,방윤하,Q125223001,GROUP,Wikidata_P463_P527
UNIS,Q124362218,Elisia Parmisano,,Q124283321,GROUP,Wikidata_P463_P527
UNIS,Q124362218,Gehlee Dangca,,Q124295849,GROUP,Wikidata_P463_P527
UNIS,Q124362218,Jin Hyeon-ju,진현주,Q84324505,GROUP,Wikidata_P463_P527
UNIS,Q124362218,Kotoko,코토코,Q125222461,GROUP,Wikidata_P463_P527
UNIS,Q124362218,Lim Seo-won,임서원,Q125223945,GROUP,Wikidata_P463_P527
UNIS,Q124362218,Nana,,Q125221721,GROUP,Wikidata_P463_P527
UNIS,Q124362218,Oh Yoon-a,오윤아,Q125223559,GROUP,Wikidata_P463_P527
UP10TION,Q21012399,Bit-to,비토,Q28698250,GROUP,Wikidata_P463_P527
UP10TION,Q21012399,Gyujin,규진,Q59594098,GROUP,Wikidata_P463_P527
UP10TION,Q21012399,Hwanhee,환희,Q67981163,GROUP,Wikidata_P463_P527
UP10TION,Q21012399,Jinhoo,진후,Q67981151,GROUP,Wikidata_P463_P527
UP10TION,Q21012399,Kim Woo-seok,김우석,Q28698246,GROUP,Wikidata_P463_P527
UP10TION,Q21012399,Kogyeol,고결,Q67981192,GROUP,Wikidata_P463_P527
UP10TION,Q21012399,Kuhn,쿤,Q67980868,GROUP,Wikidata_P463_P527
UP10TION,Q21012399,Lee Dongyeol,이동열,Q67981175,GROUP,Wikidata_P463_P527
UP10TION,Q21012399,Lee Jin-hyuk,이진혁,Q64796810,GROUP,Wikidata_P463_P527
UP10TION,Q21012399,Sunyoul,선율,Q28698248,GROUP,Wikidata_P463_P527
USPEER,Q134540226,Chaena,채나,Q134561345,GROUP,Wikidata_P463_P527
USPEER,Q134540226,Daon,다온,Q134561344,GROUP,Wikidata_P463_P527
USPEER,Q134540226,Roa,로아,Q134561346,GROUP,Wikidata_P463_P527
USPEER,Q134540226,Seoyu,서유,Q134561343,GROUP,Wikidata_P463_P527
USPEER,Q134540226,Sian,시안,Q134561342,GROUP,Wikidata_P463_P527
USPEER,Q134540226,Soee,소이,Q134561341,GROUP,Wikidata_P463_P527
USPEER,Q134540226,Yeowon,여원,Q134561340,GROUP,Wikidata_P463_P527
VANNER,Q63790667,GON,곤,Q132076325,GROUP,Wikidata_P463_P527
VANNER,Q63790667,Hye Sung,혜성,Q133980425,GROUP,Wikidata_P463_P527
VANNER,Q63790667,Park Sung-kook,박성국,Q133980450,GROUP,Wikidata_P463_P527
VANNER,Q63790667,Tae Hwan,태환,Q133980195,GROUP,Wikidata_P463_P527
VANNER,Q63790667,Yeong Gwang,영광,Q133980460,GROUP,Wikidata_P463_P527
VERIVERY,Q60577989,호영,호영,Q112020784,GROUP,Wikidata_P463_P527
VERIVERY,Q60577989,강민,강민,Q119710511,GROUP,Wikidata_P463_P527
VERIVERY,Q60577989,민찬,민찬,Q112020782,GROUP,Wikidata_P463_P527
VERIVERY,Q60577989,Gyehyeon,계현,Q122760771,GROUP,Wikidata_P463_P527
VERIVERY,Q60577989,Lee Dongheon,동헌,Q107109143,GROUP,Wikidata_P463_P527
VICTON,Q27861498,Choi Byung-chan,최병찬,Q57074219,GROUP,Wikidata_P463_P527
VICTON,Q27861498,Do Han-se,도한세,Q56819291,GROUP,Wikidata_P463_P527
VICTON,Q27861498,Han Seung-woo,한승우,Q56691163,GROUP,Wikidata_P463_P527
VICTON,Q27861498,Heo Chan,허찬,Q90713611,GROUP,Wikidata_P463_P527
VICTON,Q27861498,Kang Seung-sik,강승식,Q56690776,GROUP,Wikidata_P463_P527
VICTON,Q27861498,Lim Se-jun,임세준,Q91176175,GROUP,Wikidata_P463_P527
VICTON,Q27861498,Su-bin,수빈,Q68625274,GROUP,Wikidata_P463_P527
VIVIZ,Q108853211,Eunha,은하,Q21710247,GROUP,Wikidata_P463_P527
VIVIZ,Q108853211,SinB,신비,Q21709909,GROUP,Wikidata_P463_P527
VIVIZ,Q108853211,Umji,엄지,Q24572927,GROUP,Wikidata_P463_P527
VIXX,Q1447659,Hyuk,혁,Q18551454,GROUP,Wikidata_P463_P527
VIXX,Q1447659,Ken,켄,Q18551317,GROUP,Wikidata_P463_P527
VIXX,Q1447659,Lee Hong-bin,홍빈,Q18551486,GROUP,Wikidata_P463_P527
VIXX,Q1447659,Leo,레오,Q18550576,GROUP,Wikidata_P463_P527
VIXX,Q1447659,N,엔,Q9013304,GROUP,Wikidata_P463_P527
VIXX,Q1447659,Park Jun-hee,박준희,Q131465180,GROUP,Wikidata_P463_P527
VIXX,Q1447659,Ravi,라비,Q9027801,GROUP,Wikidata_P463_P527
VVUP,Q125131224,Kim,,Q135091451,GROUP,Wikidata_P463_P527
VVUP,Q125131224,Paan,,Q136898057,GROUP,Wikidata_P463_P527
WE IN THE ZONE,Q64481613,Kim Shi-hyun,김시현,Q16067762,GROUP,Wikidata_P463_P527
WINNER,Q15116397,Kang Seung-yoon,강승윤,Q10729153,GROUP,Wikidata_P463_P527
WINNER,Q15116397,Kim Jin-woo,김진우,Q17708811,GROUP,Wikidata_P463_P527
WINNER,Q15116397,Lee Seung-hoon,이승훈,Q15931598,GROUP,Wikidata_P463_P527
WINNER,Q15116397,Nam Tae-hyun,남태현,Q15981190,GROUP,Wikidata_P463_P527
WINNER,Q15116397,Song Min-ho,송민호,Q17682967,GROUP,Wikidata_P463_P527
WJSN,Q21964258,Bona,보나,Q28870936,GROUP,Wikidata_P463_P527
WJSN,Q21964258,Cheng Xiao,성소,Q24959132,GROUP,Wikidata_P463_P527
WJSN,Q21964258,Dawon,다원,Q24867616,GROUP,Wikidata_P463_P527
WJSN,Q21964258,Dayoung,다영,Q25418040,GROUP,Wikidata_P463_P527
WJSN,Q21964258,Eunseo,은서,Q33574748,GROUP,Wikidata_P463_P527
WJSN,Q21964258,Exy,엑시,Q24958839,GROUP,Wikidata_P463_P527
WJSN,Q21964258,Luda,루다,Q52504841,GROUP,Wikidata_P463_P527
WJSN,Q21964258,Meng Mei Qi,미기,Q28661939,GROUP,Wikidata_P463_P527
WJSN,Q21964258,Seola,설아,Q28417155,GROUP,Wikidata_P463_P527
WJSN,Q21964258,Soobin,수빈,Q60917505,GROUP,Wikidata_P463_P527
WJSN,Q21964258,Wu Xuan Yi,우쉬엔이,Q30942487,GROUP,Wikidata_P463_P527
WJSN,Q21964258,Yeoreum,여름,Q28524707,GROUP,Wikidata_P463_P527
WJSN,Q21964258,Yoo Yeon-jung,유연정,Q26710986,GROUP,Wikidata_P463_P527
WOOAH,Q94615987,Lucy,루시,Q111264400,GROUP,Wikidata_P463_P527
WOOAH,Q94615987,Minseo,민서,Q111264402,GROUP,Wikidata_P463_P527
WOOAH,Q94615987,Nana,나나,Q111264395,GROUP,Wikidata_P463_P527
WOOAH,Q94615987,Sora,소라,Q111264397,GROUP,Wikidata_P463_P527
WOOAH,Q94615987,Wooyeon,우연,Q111264396,GROUP,Wikidata_P463_P527
Wanna One,Q30311578,Bae Jin-young,배진영,Q30313912,GROUP,Wikidata_P463_P527
Wanna One,Q30311578,Ha Sung-woon,하성운,Q30313948,GROUP,Wikidata_P463_P527
Wanna One,Q30311578,Hwang Min-hyun,민현,Q30014912,GROUP,Wikidata_P463_P527
Wanna One,Q30311578,Kang Daniel,강다니엘,Q30243777,GROUP,Wikidata_P463_P527
Wanna One,Q30311578,Kim Jae Hwan,김재환,Q30311663,GROUP,Wikidata_P463_P527
Wanna One,Q30311578,Lai Kuan-li,라이관린,Q30311684,GROUP,Wikidata_P463_P527
Wanna One,Q30311578,Lee Dae-hwi,이대휘,Q30311778,GROUP,Wikidata_P463_P527
Wanna One,Q30311578,Ong Seongwu,옹성우,Q30311753,GROUP,Wikidata_P463_P527
Wanna One,Q30311578,Park Ji-hoon,박지훈,Q30114466,GROUP,Wikidata_P463_P527
Wanna One,Q30311578,Park Woojin,박우진,Q30311706,GROUP,Wikidata_P463_P527
Wanna One,Q30311578,Yoon Ji-sung,윤지성,Q30311766,GROUP,Wikidata_P463_P527
WayV,Q60062907,Dong Sicheng,윈윈,Q56259872,GROUP,Wikidata_P463_P527
WayV,Q60062907,Liu Yangyang,양양,Q67975872,GROUP,Wikidata_P463_P527
WayV,Q60062907,Lucas,루카스,Q52219380,GROUP,Wikidata_P463_P527
WayV,Q60062907,Qian Kun,쿤,Q60644128,GROUP,Wikidata_P463_P527
WayV,Q60062907,Ten,텐,Q26451151,GROUP,Wikidata_P463_P527
WayV,Q60062907,Wong Kunhang,헨드리,Q64604849,GROUP,Wikidata_P463_P527
WayV,Q60062907,Xiao Dejun,샤오쥔,Q67975453,GROUP,Wikidata_P463_P527
Weeekly,Q65046002,Cho Hye-won,조혜원,Q93969533,GROUP,Wikidata_P463_P527
Weeekly,Q65046002,Jihan,지한,Q93969537,GROUP,Wikidata_P463_P527
Weeekly,Q65046002,Lee Jae-hee,이재희,Q93970112,GROUP,Wikidata_P463_P527
Weeekly,Q65046002,Lee Soo-jin,이수진,Q93969535,GROUP,Wikidata_P463_P527
Weeekly,Q65046002,Monday,먼데이,Q93969529,GROUP,Wikidata_P463_P527
Weeekly,Q65046002,Park So-eun,박소은,Q93969530,GROUP,Wikidata_P463_P527
Weeekly,Q65046002,Yonnie,신지윤,Q93969540,GROUP,Wikidata_P463_P527
Weki Meki,Q32860762,Choi Yoo-jung,최유정,Q26710983,GROUP,Wikidata_P463_P527
Weki Meki,Q32860762,Elly,엘리,Q47460217,GROUP,Wikidata_P463_P527
Weki Meki,Q32860762,Ji Su-yeon,지수연,Q43431125,GROUP,Wikidata_P463_P527
Weki Meki,Q32860762,Kim Do-yeon,김도연,Q26710973,GROUP,Wikidata_P463_P527
Weki Meki,Q32860762,Lua,루아,Q47669568,GROUP,Wikidata_P463_P527
Weki Meki,Q32860762,Lucy,루시,Q27951671,GROUP,Wikidata_P463_P527
Weki Meki,Q32860762,Rina,리나,Q47687990,GROUP,Wikidata_P463_P527
Weki Meki,Q32860762,Sei,세이,Q42850795,GROUP,Wikidata_P463_P527
Wonder Girls,Q476119,Hyelim,혜림,Q493899,GROUP,Wikidata_P463_P527
Wonder Girls,Q476119,Hyuna,현아,Q234066,GROUP,Wikidata_P463_P527
Wonder Girls,Q476119,Park Ye-eun,예은,Q483638,GROUP,Wikidata_P463_P527
Wonder Girls,Q476119,Sohee,안소희,Q483633,GROUP,Wikidata_P463_P527
Wonder Girls,Q476119,Sunmi,선미,Q624995,GROUP,Wikidata_P463_P527
Wonder Girls,Q476119,Sunye,선예,Q483642,GROUP,Wikidata_P463_P527
Wonder Girls,Q476119,Yubin,유빈,Q496580,GROUP,Wikidata_P463_P527
Wonho,Q28549863,Wonho,원호,Q28549863,SOLO,Wikidata_Entity
X1,Q65665588,Cha Jun-ho,차준호,Q65059171,GROUP,Wikidata_P463_P527
X1,Q65665588,Han Seung-woo,한승우,Q56691163,GROUP,Wikidata_P463_P527
X1,Q65665588,Kang Min-hee,강민희,Q66377043,GROUP,Wikidata_P463_P527
X1,Q65665588,Kim Woo-seok,김우석,Q28698246,GROUP,Wikidata_P463_P527
X1,Q65665588,Kim Yo-han,김요한,Q65832560,GROUP,Wikidata_P463_P527
X1,Q65665588,Lee Eun-sang,이은상,Q66368439,GROUP,Wikidata_P463_P527
X1,Q65665588,Lee Han-gyul,이한결,Q65054605,GROUP,Wikidata_P463_P527
X1,Q65665588,Nam Do-hyon,남도현,Q65926316,GROUP,Wikidata_P463_P527
X1,Q65665588,Son Dong-pyo,손동표,Q66737978,GROUP,Wikidata_P463_P527
X1,Q65665588,Song Hyeong-jun,송형준,Q65058867,GROUP,Wikidata_P463_P527
X1,Q65665588,WOODZ,우즈,Q27953522,GROUP,Wikidata_P463_P527
X:IN,Q117354566,Aria Gauthami,아리아,Q119784459,GROUP,Wikidata_P463_P527
X:IN,Q117354566,Chi.u,이재이,Q117706627,GROUP,Wikidata_P463_P527
X:IN,Q117354566,E.Sha,,Q117706636,GROUP,Wikidata_P463_P527
X:IN,Q117354566,Hannah,,Q123589809,GROUP,Wikidata_P463_P527
X:IN,Q117354566,Nizz,,Q123589806,GROUP,Wikidata_P463_P527
X:IN,Q117354566,Nova,노바,Q123589807,GROUP,Wikidata_P463_P527
X:IN,Q117354566,Roa,곽지은,Q117706594,GROUP,Wikidata_P463_P527
XD,Q125200745,BAO,바오,Q123157354,GROUP,Wikidata_P463_P527
XD,Q125200745,Jae min,재민,Q123157355,GROUP,Wikidata_P463_P527
XD,Q125200745,Kwon Yong-hyeon,용현,Q107109453,GROUP,Wikidata_P463_P527
XD,Q125200745,Park Do-ha,도하,Q123157351,GROUP,Wikidata_P463_P527
XD,Q125200745,Roni,로니,Q123157358,GROUP,Wikidata_P463_P527
XD,Q125200745,Shun,슌,Q123157353,GROUP,Wikidata_P463_P527
XENO-T,Q15633507,Gohn,곤,Q16179570,GROUP,Wikidata_P463_P527
XENO-T,Q15633507,Jenissi,제니씨,Q16179702,GROUP,Wikidata_P463_P527
XENO-T,Q15633507,Kidoh,키도,Q18711353,GROUP,Wikidata_P463_P527
XENO-T,Q15633507,Kim Sang-gyun,김상균,Q16168074,GROUP,Wikidata_P463_P527
XENO-T,Q15633507,NAVINCI,NAVINCI,Q43089385,GROUP,Wikidata_P463_P527
XENO-T,Q15633507,Nakta,낙타,Q16180320,GROUP,Wikidata_P463_P527
XENO-T,Q15633507,P-Goon,P군,Q16172124,GROUP,Wikidata_P463_P527
XENO-T,Q15633507,Sangdo,상도,Q16167012,GROUP,Wikidata_P463_P527
XG,Q111419721,Amy Harvey,하비,Q30937999,GROUP,Wikidata_P463_P527
XG,Q111419721,Chisa,CHISA,Q34857497,GROUP,Wikidata_P463_P527
XG,Q111419721,Cocona,COCONA,Q122981341,GROUP,Wikidata_P463_P527
XG,Q111419721,Hinata,HINATA,Q114690696,GROUP,Wikidata_P463_P527
XG,Q111419721,Juria,JURIA,Q122981270,GROUP,Wikidata_P463_P527
XG,Q111419721,Jurin Asaya,JURIN,Q114690351,GROUP,Wikidata_P463_P527
XG,Q111419721,Maya,MAYA,Q122981309,GROUP,Wikidata_P463_P527
XIA,Q482783,Kim Junsu,김준수,Q482783,SOLO,Wikidata_Entity
XLOV,Q131624412,Chen Kuan Jui,,Q120696343,GROUP,Wikidata_P463_P527
XLOV,Q131624412,Wumuti,우무티,Q137442303,GROUP,Wikidata_P463_P527
Xdinary Heroes,Q109579414,Gaon,곽지석,Q114403435,GROUP,Wikidata_P463_P527
Xdinary Heroes,Q109579414,Gunil,구건일,Q114403427,GROUP,Wikidata_P463_P527
Xdinary Heroes,Q109579414,Jooyeon,주연,Q109579489,GROUP,Wikidata_P463_P527
Xdinary Heroes,Q109579414,Jun Han,준한,Q114403328,GROUP,Wikidata_P463_P527
Xdinary Heroes,Q109579414,Jungsu,김정수,Q114403430,GROUP,Wikidata_P463_P527
Xdinary Heroes,Q109579414,O.de,O.de,Q110113954,GROUP,Wikidata_P463_P527
Yeojin,Q56824821,Yeojin,여진,Q56824821,SOLO,Wikidata_Entity
Yerin Baek,Q9021940,Baek Ye-rin,백예린,Q9021940,SOLO,Wikidata_Entity
Yoon Seobin,Q115528364,Yoon Seo-Bin,윤서빈,Q115528364,SOLO,Wikidata_Entity
You Dayeon,Q135615370,You Dayeon,유다연,Q135615370,SOLO,Wikidata_Entity
Youkyung,Q16767745,Seo Youkyung,서유경,Q16767745,SOLO,Wikidata_Entity
Young Posse,Q123099728,Doeun,도은,Q134579900,GROUP,Wikidata_P463_P527
Young Posse,Q123099728,Jiana,지아나,Q134579899,GROUP,Wikidata_P463_P527
Young Posse,Q123099728,Jieun,한지은,Q134579901,GROUP,Wikidata_P463_P527
Young Posse,Q123099728,Sunhye,정선혜,Q134579897,GROUP,Wikidata_P463_P527
Young Posse,Q123099728,Yeonjung,위연정,Q134579898,GROUP,Wikidata_P463_P527
Younha,Q11265033,Younha discography,윤하의 음반 목록,Q11265033,SOLO,Wikidata_Entity
Younite,Q111199847,은호,은호,Q113490326,GROUP,Wikidata_P463_P527
Younite,Q111199847,Lee Eun-sang,이은상,Q66368439,GROUP,Wikidata_P463_P527
Yuju,Q20821809,Yuju,유주,Q20821809,SOLO,Wikidata_Entity
Yukika,Q9129696,Yukika Teramoto,테라모토 유키카,Q9129696,SOLO,Wikidata_Entity
Yves,Q106057,Yves Montand,이브 몽탕,Q106057,SOLO,Wikidata_Entity
Z-Girls,Q61882117,Mahiro Kawamura,카와무라 마히로,Q47664570,GROUP,Wikidata_P463_P527
Z-Girls,Q61882117,Wang Nai-Xuan,조앤,Q62083920,GROUP,Wikidata_P463_P527
ZE:A,Q483626,Ha Min-woo,하민우,Q6790218,GROUP,Wikidata_P463_P527
ZE:A,Q483626,Hwang Kwanghee,황광희,Q130884,GROUP,Wikidata_P463_P527
ZE:A,Q483626,Jung Hee-cheol,정희철,Q6756034,GROUP,Wikidata_P463_P527
ZE:A,Q483626,Kevin,케빈,Q11704112,GROUP,Wikidata_P463_P527
ZE:A,Q483626,Kim Dong-jun,김동준,Q129484,GROUP,Wikidata_P463_P527
ZE:A,Q483626,Kim Tae-heon,김태헌,Q6763158,GROUP,Wikidata_P463_P527
ZE:A,Q483626,Moon Joon-young,문준영,Q6854182,GROUP,Wikidata_P463_P527
ZE:A,Q483626,Park Hyung-sik,박형식,Q6757073,GROUP,Wikidata_P463_P527
ZE:A,Q483626,Yim Si-wan,임시완,Q82788,GROUP,Wikidata_P463_P527
ZEROBASEONE,Q117808633,Han Yu-jin,한유진,Q117818067,GROUP,Wikidata_P463_P527
ZEROBASEONE,Q117808633,Kim Gyu-vin,김규빈,Q117818049,GROUP,Wikidata_P463_P527
ZEROBASEONE,Q117808633,Kim Ji-woong,김지웅,Q115933814,GROUP,Wikidata_P463_P527
ZEROBASEONE,Q117808633,Kim Tae-rae,김태래,Q117817675,GROUP,Wikidata_P463_P527
ZEROBASEONE,Q117808633,Park Gun-wook,박건욱,Q117818064,GROUP,Wikidata_P463_P527
ZEROBASEONE,Q117808633,Ricky Shen,리키,Q117817567,GROUP,Wikidata_P463_P527
ZEROBASEONE,Q117808633,Seok Matthew,석매튜,Q117818045,GROUP,Wikidata_P463_P527
ZEROBASEONE,Q117808633,Sung Han-bin,성한빈,Q117746200,GROUP,Wikidata_P463_P527
ZEROBASEONE,Q117808633,Zhang Hao,장하오,Q117832250,GROUP,Wikidata_P463_P527
ZION.T,Q23044904,Zion.T discography,,Q23044904,SOLO,Wikidata_Entity
aespa,Q100877982,Giselle,지젤,Q101161168,GROUP,Wikidata_P463_P527
aespa,Q100877982,Karina,카리나,Q101161002,GROUP,Wikidata_P463_P527
aespa,Q100877982,Ningning,닝닝,Q101161499,GROUP,Wikidata_P463_P527
aespa,Q100877982,Winter,윈터,Q101161289,GROUP,Wikidata_P463_P527
bugAboo,Q108378903,Rainie,,Q105717849,GROUP,Wikidata_P463_P527
cignature,Q84311821,Chaesol,채솔,Q84324499,GROUP,Wikidata_P463_P527
cignature,Q84311821,Chloe,클로이,Q107213607,GROUP,Wikidata_P463_P527
cignature,Q84311821,Do Hee,도희,Q107213681,GROUP,Wikidata_P463_P527
cignature,Q84311821,Hana,선,Q84324502,GROUP,Wikidata_P463_P527
cignature,Q84311821,Jee Won,지원,Q84324500,GROUP,Wikidata_P463_P527
cignature,Q84311821,Jin Hyeon-ju,진현주,Q84324505,GROUP,Wikidata_P463_P527
cignature,Q84311821,Seline,셀린,Q84324503,GROUP,Wikidata_P463_P527
cignature,Q84311821,Semi,세미,Q84324506,GROUP,Wikidata_P463_P527
cignature,Q84311821,Unia,예아,Q84324501,GROUP,Wikidata_P463_P527
f(x),Q344286,Amber Liu,엠버,Q489556,GROUP,Wikidata_P463_P527
f(x),Q344286,Krystal Jung,정수정,Q464623,GROUP,Wikidata_P463_P527
f(x),Q344286,Luna,루나,Q489432,GROUP,Wikidata_P463_P527
f(x),Q344286,Sulli,설리,Q496501,GROUP,Wikidata_P463_P527
f(x),Q344286,Victoria Song,빅토리아,Q340123,GROUP,Wikidata_P463_P527
fromis_9,Q41398331,Baek Ji-heon,백지헌,Q56660176,GROUP,Wikidata_P463_P527
fromis_9,Q41398331,Jang Gyu-ri,장규리,Q53334919,GROUP,Wikidata_P463_P527
fromis_9,Q41398331,Lee Chae-young,이채영,Q56660258,GROUP,Wikidata_P463_P527
fromis_9,Q41398331,Lee Na-gyung,이나경,Q56660245,GROUP,Wikidata_P463_P527
fromis_9,Q41398331,Lee Sae-rom,이새롬,Q54598370,GROUP,Wikidata_P463_P527
fromis_9,Q41398331,Lee Seo-yeon,이서연,Q56660256,GROUP,Wikidata_P463_P527
fromis_9,Q41398331,Park Ji-won,박지원,Q56695886,GROUP,Wikidata_P463_P527
fromis_9,Q41398331,Roh Ji-sun,노지선,Q58816684,GROUP,Wikidata_P463_P527
fromis_9,Q41398331,Song Ha-young,송하영,Q58816368,GROUP,Wikidata_P463_P527
g.o.d,Q482380,Danny Ahn,데니 안,Q484387,GROUP,Wikidata_P463_P527
g.o.d,Q482380,Joon Park,박준형,Q484394,GROUP,Wikidata_P463_P527
g.o.d,Q482380,Kim Tae-woo,김태우,Q484209,GROUP,Wikidata_P463_P527
g.o.d,Q482380,Son Ho-young,손호영,Q489667,GROUP,Wikidata_P463_P527
g.o.d,Q482380,Yoon Kye-sang,윤계상,Q484850,GROUP,Wikidata_P463_P527
gugudan,Q24694634,Han Hae-bin,해빈,Q27748792,GROUP,Wikidata_P463_P527
gugudan,Q24694634,Jang So-jin,소이,Q27748796,GROUP,Wikidata_P463_P527
gugudan,Q24694634,Jo Aram,조아람,Q27748797,GROUP,Wikidata_P463_P527
gugudan,Q24694634,Jung Mi-mi,미미,Q27748771,GROUP,Wikidata_P463_P527
gugudan,Q24694634,Kang Mi-na,강미나,Q24663999,GROUP,Wikidata_P463_P527
gugudan,Q24694634,Kim Na-young,나영,Q28819523,GROUP,Wikidata_P463_P527
gugudan,Q24694634,Kim Se-jeong,김세정,Q22911780,GROUP,Wikidata_P463_P527
gugudan,Q24694634,Liu Xiening,류셰닝,Q27748795,GROUP,Wikidata_P463_P527
gugudan,Q24694634,Shin Bo-ra,하나,Q27748793,GROUP,Wikidata_P463_P527
i-dle,Q51885404,Cho Mi-yeon,조미연,Q56259927,GROUP,Wikidata_P463_P527
i-dle,Q51885404,Jeon Soyeon,전소연,Q26707915,GROUP,Wikidata_P463_P527
i-dle,Q51885404,Minnie,민니,Q56761923,GROUP,Wikidata_P463_P527
i-dle,Q51885404,Shuhua,슈화,Q55287305,GROUP,Wikidata_P463_P527
i-dle,Q51885404,Song Yuqi,우기,Q55287306,GROUP,Wikidata_P463_P527
i-dle,Q51885404,Soojin,서수진,Q61100297,GROUP,Wikidata_P463_P527
iKON,Q18161349,B.I,비아이,Q17811824,GROUP,Wikidata_P463_P527
iKON,Q18161349,Bobby,바비,Q18015644,GROUP,Wikidata_P463_P527
iKON,Q18161349,Jung Chanwoo,정찬우,Q18567344,GROUP,Wikidata_P463_P527
iKON,Q18161349,Kim Dong-hyuk,김동혁,Q21057681,GROUP,Wikidata_P463_P527
iKON,Q18161349,Kim Jin-hwan,김진환,Q18550351,GROUP,Wikidata_P463_P527
iKON,Q18161349,Koo Jun-hoe,구준회,Q21057648,GROUP,Wikidata_P463_P527
iKON,Q18161349,Song Yun-hyeong,송윤형,Q21058800,GROUP,Wikidata_P463_P527
izna,Q127162707,Bang Jeemin,방지민,Q127162745,GROUP,Wikidata_P463_P527
izna,Q127162707,Choi Jungeun,최정은,Q127162749,GROUP,Wikidata_P463_P527
izna,Q127162707,Jeong Saebi,정세비,Q127162748,GROUP,Wikidata_P463_P527
izna,Q127162707,Koko,코코,Q127162747,GROUP,Wikidata_P463_P527
izna,Q127162707,Mai,마이,Q127162744,GROUP,Wikidata_P463_P527
izna,Q127162707,Ryu Sarang,유사랑,Q127162743,GROUP,Wikidata_P463_P527
izna,Q127162707,Yoon Jiyoon,윤지윤,Q127162746,GROUP,Wikidata_P463_P527
n.SSign,Q120335691,Fang Yi-Jia,팡이지아,Q120697050,GROUP,Wikidata_P463_P527
pH-1,Q45190216,pH-1,pH-1,Q45190216,SOLO,Wikidata_Entity
tripleS,Q115099831,Chaewon,김채원,Q127038396,GROUP,Wikidata_P463_P527
tripleS,Q115099831,HaYeon,정하연,Q127110800,GROUP,Wikidata_P463_P527
tripleS,Q115099831,Hsu Nien Tzu,니엔,Q117391286,GROUP,Wikidata_P463_P527
tripleS,Q115099831,HyeRin,혜린,Q127042391,GROUP,Wikidata_P463_P527
tripleS,Q115099831,JiWoo,지우,Q125894490,GROUP,Wikidata_P463_P527
tripleS,Q115099831,JiYeon,지연,Q127110943,GROUP,Wikidata_P463_P527
tripleS,Q115099831,JooBin,주빈,Q127110763,GROUP,Wikidata_P463_P527
tripleS,Q115099831,Kaede,카에데,Q127042408,GROUP,Wikidata_P463_P527
tripleS,Q115099831,Kim Chae-yeon,김채연,Q69696796,GROUP,Wikidata_P463_P527
tripleS,Q115099831,Kotone,코토네,Q127499816,GROUP,Wikidata_P463_P527
tripleS,Q115099831,Lynn,린,Q127110908,GROUP,Wikidata_P463_P527
tripleS,Q115099831,Mayu,마유,Q127110729,GROUP,Wikidata_P463_P527
tripleS,Q115099831,NaKyoung,김나경,Q124961755,GROUP,Wikidata_P463_P527
tripleS,Q115099831,Park So-hyun,박소현,Q126006327,GROUP,Wikidata_P463_P527
tripleS,Q115099831,Seo Da-hyun,다현,Q123156639,GROUP,Wikidata_P463_P527
tripleS,Q115099831,SeoAh,서아,Q127110875,GROUP,Wikidata_P463_P527
tripleS,Q115099831,SeoYeon,서연,Q126684254,GROUP,Wikidata_P463_P527
tripleS,Q115099831,ShiOn,박시온,Q127110827,GROUP,Wikidata_P463_P527
tripleS,Q115099831,SooMin,김수민,Q127042398,GROUP,Wikidata_P463_P527
tripleS,Q115099831,Sullin,설린,Q127110848,GROUP,Wikidata_P463_P527
tripleS,Q115099831,Xinyu,신위,Q127110705,GROUP,Wikidata_P463_P527
tripleS,Q115099831,YeonJi,연지,Q123156641,GROUP,Wikidata_P463_P527
tripleS,Q115099831,YooYeon,유연,Q127042388,GROUP,Wikidata_P463_P527
tripleS,Q115099831,YuBin,유빈,Q123156640,GROUP,Wikidata_P463_P527
xooos,Q69696977,xooos,수스,Q69696977,SOLO,Wikidata_Entity
